# This file is brought to you by Roblox Corporation
# Generated by Roblox Studio

mtllib parkour.mtl

g Part1

v -1.89999 1.88466 -95.1 
v -1.89999 1.88466 -78.5 
v -1.89999 0 -95.1 
v -1.89999 0 -78.5 
v -14.2 1.88466 -78.5 
v -1.89999 1.88466 -78.5 
v -14.2 1.88466 -95.1 
v -1.89999 1.88466 -95.1 
v -1.89999 1.88466 -78.5 
v -14.2 1.88466 -78.5 
v -1.89999 0 -78.5 
v -14.2 0 -78.5 
v -14.2 1.88466 -78.5 
v -14.2 1.88466 -95.1 
v -14.2 0 -78.5 
v -14.2 0 -95.1 
v -14.2 0 -95.1 
v -1.89999 0 -95.1 
v -14.2 0 -78.5 
v -1.89999 0 -78.5 
v -14.2 1.88466 -95.1 
v -1.89999 1.88466 -95.1 
v -14.2 0 -95.1 
v -1.89999 0 -95.1 

vn 1 0 0 
vn 1 0 0 
vn 1 0 0 
vn 1 0 0 
vn 0 1 0 
vn 0 1 0 
vn 0 1 0 
vn 0 1 0 
vn 0 0 1 
vn 0 0 1 
vn 0 0 1 
vn 0 0 1 
vn -1 0 0 
vn -1 0 0 
vn -1 0 0 
vn -1 0 0 
vn 0 -1 0 
vn 0 -1 0 
vn 0 -1 0 
vn 0 -1 0 
vn 0 0 -1 
vn 0 0 -1 
vn 0 0 -1 
vn 0 0 -1 

vt 8.3 1 
vt 0 1 
vt 8.3 0.0576723 
vt 0 0.0576723 
vt 6.15 1 
vt 0 1 
vt 6.15 -7.3 
vt 0 -7.3 
vt 6.15 1 
vt 0 1 
vt 6.15 0.0576723 
vt 0 0.0576723 
vt 8.3 1 
vt 0 1 
vt 8.3 0.0576723 
vt 0 0.0576723 
vt 6.15 1 
vt 0 1 
vt 6.15 -7.3 
vt 0 -7.3 
vt 6.15 1 
vt 0 1 
vt 6.15 0.0576723 
vt 0 0.0576723 

usemtl Part1Mtl

f 1/1/1 2/2/2 3/3/3 
f 3/3/3 2/2/2 4/4/4 
f 5/5/5 6/6/6 7/7/7 
f 7/7/7 6/6/6 8/8/8 
f 9/9/9 10/10/10 11/11/11 
f 11/11/11 10/10/10 12/12/12 
f 13/13/13 14/14/14 15/15/15 
f 15/15/15 14/14/14 16/16/16 
f 17/17/17 18/18/18 19/19/19 
f 19/19/19 18/18/18 20/20/20 
f 21/21/21 22/22/22 23/23/23 
f 23/23/23 22/22/22 24/24/24 

g C391

v -5.8757 9.36882 -87.1468 
v -5.74184 9.42427 -87.1468 
v -5.89867 9.42427 -87.1468 
v -5.88816 9.46348 -87.1468 
v -5.76481 9.47972 -87.1468 
v -5.85946 9.49218 -87.1468 
v -5.82026 9.50268 -87.1468 
v -5.85946 9.49218 -95.2 
v -5.84055 9.50001 -87.1468 
v -5.84055 9.50001 -95.2 
v -5.82026 9.50268 -87.1468 
v -5.85946 9.49218 -87.1468 
v -5.82026 9.50268 -95.2 
v -5.8757 9.47972 -95.2 
v -5.79996 9.50001 -87.1468 
v -5.8757 9.47972 -87.1468 
v -5.79996 9.50001 -95.2 
v -5.78105 9.49218 -87.1468 
v -5.78105 9.49218 -95.2 
v -5.76481 9.47972 -87.1468 
v -5.896 9.44456 -95.2 
v -5.76481 9.47972 -95.2 
v -5.79996 9.34853 -87.1468 
v -5.78105 9.35636 -87.1468 
v -5.8757 9.36882 -87.1468 
v -5.75235 9.38507 -87.1468 
v -5.74184 9.42427 -87.1468 
v -5.76481 9.47972 -87.1468 
v -5.82026 9.50268 -87.1468 
v -5.82026 9.50268 -95.2 
v -5.76481 9.47972 -87.1468 
v -5.76481 9.47972 -95.2 
v -5.75235 9.46348 -95.2 
v -5.75235 9.46348 -87.1468 
v -5.74452 9.44456 -87.1468 
v -5.74452 9.44456 -95.2 
v -5.74184 9.42427 -95.2 
v -5.74184 9.42427 -87.1468 
v -5.74452 9.40398 -95.2 
v -5.8757 9.36882 -95.2 
v -5.74452 9.40398 -87.1468 
v -5.75235 9.38507 -95.2 
v -5.75235 9.38507 -87.1468 
v -5.76481 9.36882 -87.1468 
v -5.76481 9.36882 -95.2 
v -5.79996 9.34853 -87.1468 
v -5.84055 9.34853 -87.1468 
v -5.82026 9.34586 -87.1468 
v -5.78105 9.35636 -87.1468 
v -5.85946 9.35636 -87.1468 
v -5.85946 9.35636 -87.1468 
v -5.78105 9.35636 -87.1468 
v -5.76481 9.36882 -87.1468 
v -5.85946 9.35636 -87.1468 
v -5.76481 9.36882 -87.1468 
v -5.8757 9.36882 -87.1468 
v -5.8757 9.36882 -87.1468 
v -5.76481 9.36882 -87.1468 
v -5.75235 9.38507 -87.1468 
v -5.8757 9.36882 -87.1468 
v -5.75235 9.38507 -87.1468 
v -5.88816 9.38507 -87.1468 
v -5.74452 9.40398 -87.1468 
v -5.896 9.40398 -87.1468 
v -5.74184 9.42427 -87.1468 
v -5.89867 9.42427 -87.1468 
v -5.88816 9.38507 -87.1468 
v -5.75235 9.38507 -87.1468 
v -5.74452 9.40398 -87.1468 
v -5.896 9.40398 -87.1468 
v -5.74452 9.40398 -87.1468 
v -5.74184 9.42427 -87.1468 
v -5.89867 9.42427 -87.1468 
v -5.74184 9.42427 -87.1468 
v -5.74452 9.44456 -87.1468 
v -5.89867 9.42427 -87.1468 
v -5.74452 9.44456 -87.1468 
v -5.896 9.44456 -87.1468 
v -5.896 9.44456 -87.1468 
v -5.74452 9.44456 -87.1468 
v -5.75235 9.46348 -87.1468 
v -5.896 9.44456 -87.1468 
v -5.75235 9.46348 -87.1468 
v -5.88816 9.46348 -87.1468 
v -5.88816 9.46348 -87.1468 
v -5.75235 9.46348 -87.1468 
v -5.76481 9.47972 -87.1468 
v -5.88816 9.46348 -87.1468 
v -5.76481 9.47972 -87.1468 
v -5.8757 9.47972 -87.1468 
v -5.8757 9.47972 -87.1468 
v -5.76481 9.47972 -87.1468 
v -5.78105 9.49218 -87.1468 
v -5.8757 9.47972 -87.1468 
v -5.78105 9.49218 -87.1468 
v -5.85946 9.49218 -87.1468 
v -5.79996 9.50001 -87.1468 
v -5.84055 9.50001 -87.1468 
v -5.82026 9.50268 -87.1468 
v -5.85946 9.49218 -95.2 
v -5.82026 9.50268 -95.2 
v -5.79996 9.50001 -95.2 
v -5.88816 9.46348 -95.2 
v -5.896 9.44456 -95.2 
v -5.76481 9.47972 -95.2 
v -5.89867 9.42427 -95.2 
v -5.74452 9.44456 -95.2 
v -5.74184 9.42427 -95.2 
v -5.88816 9.38507 -95.2 
v -5.8757 9.36882 -95.2 
v -5.75235 9.38507 -95.2 
v -5.84055 9.34853 -95.2 
v -5.78105 9.35636 -95.2 
v -5.79996 9.34853 -95.2 
v -5.79996 9.34853 -95.2 
v -5.84055 9.34853 -95.2 
v -5.82026 9.34586 -95.2 
v -5.84055 9.34853 -95.2 
v -5.79996 9.34853 -95.2 
v -5.78105 9.35636 -95.2 
v -5.84055 9.34853 -95.2 
v -5.78105 9.35636 -95.2 
v -5.85946 9.35636 -95.2 
v -5.85946 9.35636 -95.2 
v -5.78105 9.35636 -95.2 
v -5.76481 9.36882 -95.2 
v -5.8757 9.36882 -95.2 
v -5.8757 9.36882 -95.2 
v -5.76481 9.36882 -95.2 
v -5.75235 9.38507 -95.2 
v -5.8757 9.36882 -95.2 
v -5.75235 9.38507 -95.2 
v -5.88816 9.38507 -95.2 
v -5.88816 9.38507 -95.2 
v -5.75235 9.38507 -95.2 
v -5.74452 9.40398 -95.2 
v -5.88816 9.38507 -95.2 
v -5.74452 9.40398 -95.2 
v -5.896 9.40398 -95.2 
v -5.896 9.40398 -95.2 
v -5.74452 9.40398 -95.2 
v -5.74184 9.42427 -95.2 
v -5.896 9.40398 -95.2 
v -5.74184 9.42427 -95.2 
v -5.89867 9.42427 -95.2 
v -5.74452 9.44456 -95.2 
v -5.89867 9.42427 -95.2 
v -5.74452 9.44456 -95.2 
v -5.896 9.44456 -95.2 
v -5.896 9.44456 -95.2 
v -5.74452 9.44456 -95.2 
v -5.75235 9.46348 -95.2 
v -5.896 9.44456 -95.2 
v -5.75235 9.46348 -95.2 
v -5.88816 9.46348 -95.2 
v -5.88816 9.46348 -95.2 
v -5.75235 9.46348 -95.2 
v -5.76481 9.47972 -95.2 
v -5.88816 9.46348 -95.2 
v -5.76481 9.47972 -95.2 
v -5.8757 9.47972 -95.2 
v -5.8757 9.47972 -95.2 
v -5.76481 9.47972 -95.2 
v -5.78105 9.49218 -95.2 
v -5.8757 9.47972 -95.2 
v -5.78105 9.49218 -95.2 
v -5.85946 9.49218 -95.2 
v -5.85946 9.49218 -95.2 
v -5.78105 9.49218 -95.2 
v -5.79996 9.50001 -95.2 
v -5.85946 9.49218 -95.2 
v -5.79996 9.50001 -95.2 
v -5.84055 9.50001 -95.2 
v -5.84055 9.50001 -95.2 
v -5.79996 9.50001 -95.2 
v -5.82026 9.50268 -95.2 
v -5.79996 9.34853 -87.1468 
v -5.82026 9.34586 -87.1468 
v -5.78105 9.35636 -87.1468 
v -5.85946 9.35636 -87.1468 
v -5.8757 9.36882 -87.1468 
v -5.74184 9.42427 -87.1468 
v -5.89867 9.42427 -87.1468 
v -5.89867 9.42427 -95.2 
v -5.74184 9.42427 -95.2 
v -5.8757 9.36882 -87.1468 
v -5.8757 9.36882 -95.2 
v -5.85946 9.35636 -87.1468 
v -5.85946 9.35636 -95.2 
v -5.84055 9.34853 -87.1468 
v -5.76481 9.36882 -87.1468 
v -5.84055 9.34853 -95.2 
v -5.76481 9.36882 -95.2 
v -5.82026 9.34586 -87.1468 
v -5.78105 9.35636 -95.2 
v -5.82026 9.34586 -95.2 
v -5.78105 9.35636 -87.1468 
v -5.79996 9.34853 -87.1468 
v -5.79996 9.34853 -95.2 
v -5.8757 9.36882 -87.1468 
v -5.896 9.40398 -87.1468 
v -5.896 9.44456 -87.1468 
v -5.88816 9.46348 -87.1468 
v -5.85946 9.49218 -87.1468 
v -5.82026 9.50268 -87.1468 
v -5.85946 9.49218 -95.2 
v -5.82026 9.50268 -95.2 
v -5.8757 9.47972 -95.2 
v -5.8757 9.47972 -87.1468 
v -5.88816 9.46348 -87.1468 
v -5.88816 9.46348 -95.2 
v -5.896 9.44456 -87.1468 
v -5.896 9.44456 -95.2 
v -5.89867 9.42427 -87.1468 
v -5.89867 9.42427 -95.2 
v -5.896 9.40398 -87.1468 
v -5.896 9.40398 -95.2 
v -5.88816 9.38507 -87.1468 
v -5.88816 9.38507 -95.2 
v -5.8757 9.36882 -87.1468 
v -5.8757 9.36882 -95.2 

vn 0 0 1 
vn 0 0 1 
vn 0 0 1 
vn 0 0 1 
vn 0 0 1 
vn 0 0 1 
vn 0 0 1 
vn -0.503937 0.866142 0 
vn -0.259843 0.968504 0 
vn -0.259843 0.968504 0 
vn 0 1 0 
vn -0.496063 0.866142 0 
vn 0 1 0 
vn -0.708661 0.708661 0 
vn 0.259843 0.968504 0 
vn -0.708661 0.708661 0 
vn 0.259843 0.968504 0 
vn 0.503937 0.866142 0 
vn 0.496063 0.866142 0 
vn 0.708661 0.708661 0 
vn -0.968504 0.259843 0 
vn 0.708661 0.708661 0 
vn 0 0 1 
vn 0 0 1 
vn 0 0 1 
vn 0 0 1 
vn 0 0 1 
vn 0 0 1 
vn 0 0 1 
vn 0 1 0 
vn 0.708661 0.708661 0 
vn 0.708661 0.708661 0 
vn 0.866142 0.503937 0 
vn 0.866142 0.496063 0 
vn 0.968504 0.259843 0 
vn 0.968504 0.259843 0 
vn 1 0 0 
vn 1 0 0 
vn 0.968504 -0.259843 0 
vn -0.708661 -0.708661 0 
vn 0.968504 -0.259843 0 
vn 0.866142 -0.503937 0 
vn 0.866142 -0.496063 0 
vn 0.708661 -0.708661 0 
vn 0.708661 -0.708661 0 
vn 0 0 1 
vn 0 0 1 
vn 0 0 1 
vn 0 0 1 
vn 0 0 1 
vn 0 0 1 
vn 0 0 1 
vn 0 0 1 
vn 0 0 1 
vn 0 0 1 
vn 0 0 1 
vn 0 0 1 
vn 0 0 1 
vn 0 0 1 
vn 0 0 1 
vn 0 0 1 
vn 0 0 1 
vn 0 0 1 
vn 0 0 1 
vn 0 0 1 
vn 0 0 1 
vn 0 0 1 
vn 0 0 1 
vn 0 0 1 
vn 0 0 1 
vn 0 0 1 
vn 0 0 1 
vn 0 0 1 
vn 0 0 1 
vn 0 0 1 
vn 0 0 1 
vn 0 0 1 
vn 0 0 1 
vn 0 0 1 
vn 0 0 1 
vn 0 0 1 
vn 0 0 1 
vn 0 0 1 
vn 0 0 1 
vn 0 0 1 
vn 0 0 1 
vn 0 0 1 
vn 0 0 1 
vn 0 0 1 
vn 0 0 1 
vn 0 0 1 
vn 0 0 1 
vn 0 0 1 
vn 0 0 1 
vn 0 0 1 
vn 0 0 1 
vn 0 0 1 
vn 0 0 1 
vn 0 0 1 
vn -0.503937 0.866142 0 
vn 0 1 0 
vn 0.259843 0.968504 0 
vn -0.866142 0.496063 0 
vn -0.968504 0.259843 0 
vn 0.708661 0.708661 0 
vn -1 0 0 
vn 0.968504 0.259843 0 
vn 1 0 0 
vn -0.866142 -0.503937 0 
vn -0.708661 -0.708661 0 
vn 0.866142 -0.503937 0 
vn -0.259843 -0.968504 0 
vn 0.503937 -0.866142 0 
vn 0.259843 -0.968504 0 
vn 0 0 1 
vn 0 0 1 
vn 0 0 1 
vn 0 0 1 
vn 0 0 1 
vn 0 0 1 
vn 0 0 1 
vn 0 0 1 
vn 0 0 1 
vn 0 0 1 
vn 0 0 1 
vn 0 0 1 
vn 0 0 1 
vn 0 0 1 
vn 0 0 1 
vn 0 0 1 
vn 0 0 1 
vn 0 0 1 
vn 0 0 1 
vn 0 0 1 
vn 0 0 1 
vn 0 0 1 
vn 0 0 1 
vn 0 0 1 
vn 0 0 1 
vn 0 0 1 
vn 0 0 1 
vn 0 0 1 
vn 0 0 1 
vn 0 0 1 
vn 0 0 1 
vn 0 0 1 
vn 0 0 1 
vn 0 0 1 
vn 0 0 1 
vn 0 0 1 
vn 0 0 1 
vn 0 0 1 
vn 0 0 1 
vn 0 0 1 
vn 0 0 1 
vn 0 0 1 
vn 0 0 1 
vn 0 0 1 
vn 0 0 1 
vn 0 0 1 
vn 0 0 1 
vn 0 0 1 
vn 0 0 1 
vn 0 0 1 
vn 0 0 1 
vn 0 0 1 
vn 0 0 1 
vn 0 0 1 
vn 0 0 1 
vn 0 0 1 
vn 0 0 1 
vn 0 0 1 
vn 0 0 1 
vn 0 0 1 
vn 0 0 1 
vn 0 0 1 
vn 0 0 1 
vn 0 0 1 
vn 0 0 1 
vn 0 0 1 
vn 0 0 1 
vn 0 0 1 
vn 0 0 1 
vn -1 0 0 
vn 1 0 0 
vn -0.708661 -0.708661 0 
vn -0.708661 -0.708661 0 
vn -0.503937 -0.866142 0 
vn -0.496063 -0.866142 0 
vn -0.259843 -0.968504 0 
vn 0.708661 -0.708661 0 
vn -0.259843 -0.968504 0 
vn 0.708661 -0.708661 0 
vn 0 -1 0 
vn 0.503937 -0.866142 0 
vn 0 -1 0 
vn 0.496063 -0.866142 0 
vn 0.259843 -0.968504 0 
vn 0.259843 -0.968504 0 
vn 0 0 1 
vn 0 0 1 
vn 0 0 1 
vn 0 0 1 
vn 0 0 1 
vn 0 0 1 
vn -0.503937 0.866142 0 
vn 0 1 0 
vn -0.708661 0.708661 0 
vn -0.708661 0.708661 0 
vn -0.866142 0.503937 0 
vn -0.866142 0.496063 0 
vn -0.968504 0.259843 0 
vn -0.968504 0.259843 0 
vn -1 0 0 
vn -1 0 0 
vn -0.968504 -0.259843 0 
vn -0.968504 -0.259843 0 
vn -0.866142 -0.496063 0 
vn -0.866142 -0.503937 0 
vn -0.708661 -0.708661 0 
vn -0.708661 -0.708661 0 

vt 0.402657 0.994455 
vt 0.402657 1.00784 
vt 0.402657 0.992159 
vt 0.402657 0.993209 
vt 0.402657 1.00554 
vt 0.402657 0.996079 
vt 0.402657 1 
vt -0.402657 0.996079 
vt 0.402657 0.997971 
vt -0.402657 0.997971 
vt 0.402657 1 
vt 0.402657 0.996079 
vt -0.402657 1 
vt -0.402657 0.994455 
vt 0.402657 1.00203 
vt 0.402657 0.994455 
vt -0.402657 1.00203 
vt 0.402657 1.00392 
vt -0.402657 1.00392 
vt 0.402657 1.00554 
vt -0.402657 0.992426 
vt -0.402657 1.00554 
vt -0.402657 0.992426 
vt -0.402657 0.993209 
vt -0.402657 0.994455 
vt -0.402657 0.996079 
vt -0.402657 1 
vt -0.402657 1.00554 
vt -0.402657 1.00784 
vt 0.402657 1.00784 
vt -0.402657 1.00554 
vt 0.402657 1.00554 
vt 0.402657 1.00392 
vt -0.402657 1.00392 
vt -0.402657 1.00203 
vt 0.402657 1.00203 
vt 0.402657 1 
vt -0.402657 1 
vt 0.402657 0.997971 
vt 0.402657 0.994455 
vt -0.402657 0.997971 
vt 0.402657 0.996079 
vt -0.402657 0.996079 
vt -0.402657 0.994455 
vt 0.402657 0.994455 
vt 0.0020295 0.992426 
vt -0.0020294 0.992426 
vt 5.06381e-08 0.992159 
vt 0.00392066 0.993209 
vt -0.00392055 0.993209 
vt -0.00392055 0.993209 
vt 0.00392066 0.993209 
vt 0.00554462 0.994455 
vt -0.00392055 0.993209 
vt 0.00554462 0.994455 
vt -0.00554452 0.994455 
vt -0.00554452 0.994455 
vt 0.00554462 0.994455 
vt 0.00679074 0.996079 
vt -0.00554452 0.994455 
vt 0.00679074 0.996079 
vt -0.00679063 0.996079 
vt 0.00757408 0.997971 
vt -0.00757397 0.997971 
vt 0.00784126 1 
vt -0.00784116 1 
vt -0.00679063 0.996079 
vt 0.00679074 0.996079 
vt 0.00757408 0.997971 
vt -0.00757397 0.997971 
vt 0.00757408 0.997971 
vt 0.00784126 1 
vt -0.00784116 1 
vt 0.00784126 1 
vt 0.00757408 1.00203 
vt -0.00784116 1 
vt 0.00757408 1.00203 
vt -0.00757397 1.00203 
vt -0.00757397 1.00203 
vt 0.00757408 1.00203 
vt 0.00679074 1.00392 
vt -0.00757397 1.00203 
vt 0.00679074 1.00392 
vt -0.00679063 1.00392 
vt -0.00679063 1.00392 
vt 0.00679074 1.00392 
vt 0.00554463 1.00554 
vt -0.00679063 1.00392 
vt 0.00554463 1.00554 
vt -0.00554452 1.00554 
vt -0.00554452 1.00554 
vt 0.00554463 1.00554 
vt 0.00392066 1.00679 
vt -0.00554452 1.00554 
vt 0.00392066 1.00679 
vt -0.00392055 1.00679 
vt 0.00202951 1.00757 
vt -0.0020294 1.00757 
vt 5.29934e-08 1.00784 
vt -0.00392066 1.00679 
vt -5.06381e-08 1.00784 
vt 0.0020294 1.00757 
vt -0.00679074 1.00392 
vt -0.00757408 1.00203 
vt 0.00554452 1.00554 
vt -0.00784126 1 
vt 0.00757397 1.00203 
vt 0.00784116 1 
vt -0.00679074 0.996079 
vt -0.00554462 0.994455 
vt 0.00679063 0.996079 
vt -0.00202951 0.992426 
vt 0.00392055 0.993209 
vt 0.0020294 0.992426 
vt 0.0020294 0.992426 
vt -0.00202951 0.992426 
vt -5.4171e-08 0.992159 
vt -0.00202951 0.992426 
vt 0.0020294 0.992426 
vt 0.00392055 0.993209 
vt -0.00202951 0.992426 
vt 0.00392055 0.993209 
vt -0.00392066 0.993209 
vt -0.00392066 0.993209 
vt 0.00392055 0.993209 
vt 0.00554452 0.994455 
vt -0.00554462 0.994455 
vt -0.00554462 0.994455 
vt 0.00554452 0.994455 
vt 0.00679063 0.996079 
vt -0.00554462 0.994455 
vt 0.00679063 0.996079 
vt -0.00679074 0.996079 
vt -0.00679074 0.996079 
vt 0.00679063 0.996079 
vt 0.00757397 0.997971 
vt -0.00679074 0.996079 
vt 0.00757397 0.997971 
vt -0.00757408 0.997971 
vt -0.00757408 0.997971 
vt 0.00757397 0.997971 
vt 0.00784116 1 
vt -0.00757408 0.997971 
vt 0.00784116 1 
vt -0.00784126 1 
vt 0.00757397 1.00203 
vt -0.00784126 1 
vt 0.00757397 1.00203 
vt -0.00757408 1.00203 
vt -0.00757408 1.00203 
vt 0.00757397 1.00203 
vt 0.00679063 1.00392 
vt -0.00757408 1.00203 
vt 0.00679063 1.00392 
vt -0.00679074 1.00392 
vt -0.00679074 1.00392 
vt 0.00679063 1.00392 
vt 0.00554452 1.00554 
vt -0.00679074 1.00392 
vt 0.00554452 1.00554 
vt -0.00554462 1.00554 
vt -0.00554462 1.00554 
vt 0.00554452 1.00554 
vt 0.00392055 1.00679 
vt -0.00554462 1.00554 
vt 0.00392055 1.00679 
vt -0.00392066 1.00679 
vt -0.00392066 1.00679 
vt 0.00392055 1.00679 
vt 0.0020294 1.00757 
vt -0.00392066 1.00679 
vt 0.0020294 1.00757 
vt -0.00202951 1.00757 
vt -0.00202951 1.00757 
vt 0.0020294 1.00757 
vt -5.06381e-08 1.00784 
vt -0.402657 1.00203 
vt -0.402657 1 
vt -0.402657 1.00392 
vt -0.402657 0.996079 
vt -0.402657 0.994455 
vt -0.402657 1.00784 
vt -0.402657 0.992159 
vt 0.402657 0.992159 
vt 0.402657 1.00784 
vt -0.402657 0.994455 
vt 0.402657 0.994455 
vt -0.402657 0.996079 
vt 0.402657 0.996079 
vt -0.402657 0.997971 
vt -0.402657 1.00554 
vt 0.402657 0.997971 
vt 0.402657 1.00554 
vt -0.402657 1 
vt 0.402657 1.00392 
vt 0.402657 1 
vt -0.402657 1.00392 
vt -0.402657 1.00203 
vt 0.402657 1.00203 
vt 0.402657 0.994455 
vt 0.402657 0.997971 
vt 0.402657 1.00203 
vt 0.402657 1.00392 
vt 0.402657 1.00679 
vt 0.402657 1.00784 
vt -0.402657 1.00679 
vt -0.402657 1.00784 
vt -0.402657 1.00554 
vt 0.402657 1.00554 
vt 0.402657 1.00392 
vt -0.402657 1.00392 
vt 0.402657 1.00203 
vt -0.402657 1.00203 
vt 0.402657 1 
vt -0.402657 1 
vt 0.402657 0.997971 
vt -0.402657 0.997971 
vt 0.402657 0.996079 
vt -0.402657 0.996079 
vt 0.402657 0.994455 
vt -0.402657 0.994455 

usemtl C391Mtl

f 32/32/32 33/33/33 34/34/34 
f 35/35/35 34/34/34 33/33/33 
f 33/33/33 32/32/32 36/36/36 
f 34/34/34 35/35/35 37/37/37 
f 38/38/38 36/36/36 32/32/32 
f 39/39/39 37/37/37 35/35/35 
f 36/36/36 38/38/38 40/40/40 
f 37/37/37 39/39/39 41/41/41 
f 42/42/42 41/41/41 39/39/39 
f 41/41/41 42/42/42 43/43/43 
f 44/44/44 43/43/43 42/42/42 
f 43/43/43 44/44/44 46/46/46 
f 55/55/55 57/57/57 56/56/56 
f 57/57/57 55/55/55 58/58/58 
f 59/59/59 57/57/57 58/58/58 
f 57/57/57 59/59/59 60/60/60 
f 59/59/59 61/61/61 60/60/60 
f 61/61/61 59/59/59 62/62/62 
f 62/62/62 63/63/63 61/61/61 
f 63/63/63 62/62/62 65/65/65 
f 65/65/65 66/66/66 63/63/63 
f 66/66/66 65/65/65 67/67/67 
f 68/68/68 66/66/66 67/67/67 
f 66/66/66 68/68/68 69/69/69 
f 70/70/70 71/71/71 72/72/72 
f 71/71/71 70/70/70 73/73/73 
f 71/71/71 73/73/73 74/74/74 
f 75/75/75 76/76/76 77/77/77 
f 78/78/78 79/79/79 80/80/80 
f 81/81/81 82/82/82 83/83/83 
f 84/84/84 85/85/85 86/86/86 
f 86/86/86 87/87/87 88/88/88 
f 88/88/88 89/89/89 90/90/90 
f 91/91/91 92/92/92 93/93/93 
f 94/94/94 95/95/95 96/96/96 
f 97/97/97 98/98/98 99/99/99 
f 100/100/100 101/101/101 102/102/102 
f 103/103/103 104/104/104 105/105/105 
f 106/106/106 107/107/107 108/108/108 
f 109/109/109 110/110/110 111/111/111 
f 112/112/112 113/113/113 114/114/114 
f 115/115/115 116/116/116 117/117/117 
f 118/118/118 119/119/119 120/120/120 
f 120/120/120 119/119/119 121/121/121 
f 120/120/120 121/121/121 122/122/122 
f 122/122/122 121/121/121 123/123/123 
f 139/139/139 140/140/140 141/141/141 
f 142/142/142 143/143/143 144/144/144 
f 145/145/145 146/146/146 147/147/147 
f 148/148/148 149/149/149 150/150/150 
f 148/148/148 150/150/150 151/151/151 
f 152/152/152 153/153/153 154/154/154 
f 155/155/155 156/156/156 157/157/157 
f 158/158/158 159/159/159 160/160/160 
f 161/161/161 162/162/162 163/163/163 
f 164/164/164 165/165/165 166/166/166 
f 167/167/167 168/168/168 169/169/169 
f 169/169/169 168/168/168 170/170/170 
f 171/171/171 172/172/172 173/173/173 
f 174/174/174 175/175/175 176/176/176 
f 177/177/177 178/178/178 179/179/179 
f 180/180/180 181/181/181 182/182/182 
f 183/183/183 184/184/184 185/185/185 
f 186/186/186 187/187/187 188/188/188 
f 189/189/189 190/190/190 191/191/191 
f 192/192/192 193/193/193 194/194/194 
f 195/195/195 196/196/196 197/197/197 
f 198/198/198 199/199/199 200/200/200 
f 211/211/211 212/212/212 210/210/210 
f 212/212/212 211/211/211 213/213/213 
f 213/213/213 214/214/214 212/212/212 
f 214/214/214 213/213/213 216/216/216 
f 216/216/216 218/218/218 214/214/214 
f 215/215/215 219/219/219 217/217/217 
f 218/218/218 216/216/216 220/220/220 
f 219/219/219 215/215/215 221/221/221 
f 220/220/220 222/222/222 218/218/218 
f 221/221/221 223/223/223 219/219/219 
f 222/222/222 220/220/220 223/223/223 
f 222/222/222 223/223/223 221/221/221 
f 232/232/232 234/234/234 233/233/233 
f 234/234/234 232/232/232 235/235/235 
f 235/235/235 236/236/236 234/234/234 
f 236/236/236 235/235/235 237/237/237 
f 237/237/237 238/238/238 236/236/236 
f 238/238/238 237/237/237 239/239/239 
f 239/239/239 240/240/240 238/238/238 
f 240/240/240 239/239/239 241/241/241 
f 241/241/241 242/242/242 240/240/240 
f 242/242/242 241/241/241 243/243/243 
f 243/243/243 244/244/244 242/242/242 
f 244/244/244 243/243/243 245/245/245 

g Part2

v -2.29998 9.7 -95.9 
v -2.29998 9.7 -95.1 
v -2.29998 0 -95.9 
v -2.29998 0 -95.1 
v -12.3 9.7 -95.1 
v -2.29998 9.7 -95.1 
v -12.3 9.7 -95.9 
v -2.29998 9.7 -95.9 
v -2.29998 9.7 -95.1 
v -12.3 9.7 -95.1 
v -2.29998 0 -95.1 
v -12.3 0 -95.1 
v -12.3 9.7 -95.1 
v -12.3 9.7 -95.9 
v -12.3 0 -95.1 
v -12.3 0 -95.9 
v -12.3 0 -95.9 
v -2.29998 0 -95.9 
v -12.3 0 -95.1 
v -2.29998 0 -95.1 
v -12.3 9.7 -95.9 
v -2.29998 9.7 -95.9 
v -12.3 0 -95.9 
v -2.29998 0 -95.9 

vn 1 0 0 
vn 1 0 0 
vn 1 0 0 
vn 1 0 0 
vn 0 1 0 
vn 0 1 0 
vn 0 1 0 
vn 0 1 0 
vn 0 0 1 
vn 0 0 1 
vn 0 0 1 
vn 0 0 1 
vn -1 0 0 
vn -1 0 0 
vn -1 0 0 
vn -1 0 0 
vn 0 -1 0 
vn 0 -1 0 
vn 0 -1 0 
vn 0 -1 0 
vn 0 0 -1 
vn 0 0 -1 
vn 0 0 -1 
vn 0 0 -1 

vt 5.35 -4.25 
vt 5.25 -4.25 
vt 5.35 -5.4625 
vt 5.25 -5.4625 
vt 6.5 -4.25 
vt 5.25 -4.25 
vt 6.5 -4.35 
vt 5.25 -4.35 
vt 6.5 -4.25 
vt 5.25 -4.25 
vt 6.5 -5.4625 
vt 5.25 -5.4625 
vt 5.35 -4.25 
vt 5.25 -4.25 
vt 5.35 -5.4625 
vt 5.25 -5.4625 
vt 6.5 -4.25 
vt 5.25 -4.25 
vt 6.5 -4.35 
vt 5.25 -4.35 
vt 6.5 -4.25 
vt 5.25 -4.25 
vt 6.5 -5.4625 
vt 5.25 -5.4625 

usemtl Part2Mtl

f 246/246/246 247/247/247 248/248/248 
f 248/248/248 247/247/247 249/249/249 
f 250/250/250 251/251/251 252/252/252 
f 252/252/252 251/251/251 253/253/253 
f 254/254/254 255/255/255 256/256/256 
f 256/256/256 255/255/255 257/257/257 
f 258/258/258 259/259/259 260/260/260 
f 260/260/260 259/259/259 261/261/261 
f 262/262/262 263/263/263 264/264/264 
f 264/264/264 263/263/263 265/265/265 
f 266/266/266 267/267/267 268/268/268 
f 268/268/268 267/267/267 269/269/269 

g Part3

v -12.32 9.7 -95.1 
v -12.32 9.7 -95.9 
v -12.32 0 -95.1 
v -12.32 0 -95.9 

vn -1 0 0 
vn -1 0 0 
vn -1 0 0 
vn -1 0 0 

vt 0.4 1 
vt 0 1 
vt 0.4 -3.85 
vt 0 -3.85 

usemtl Part3Mtl

f 270/270/270 271/271/271 272/272/272 
f 272/272/272 271/271/271 273/273/273 

g Part4

v -2.29998 9.7 -95.08 
v -12.3 9.7 -95.08 
v -2.29998 0 -95.08 
v -12.3 0 -95.08 

vn 0 0 1 
vn 0 0 1 
vn 0 0 1 
vn 0 0 1 

vt 5 1 
vt 0 1 
vt 5 -3.85 
vt 0 -3.85 

usemtl Part3Mtl

f 274/274/274 275/275/275 276/276/276 
f 276/276/276 275/275/275 277/277/277 

g Part5

v -12.3 9.72 -95.1 
v -2.29998 9.72 -95.1 
v -12.3 9.72 -95.9 
v -2.29998 9.72 -95.9 

vn 0 1 0 
vn 0 1 0 
vn 0 1 0 
vn 0 1 0 

vt 5 1 
vt 0 1 
vt 5 0.6 
vt 0 0.6 

usemtl Part3Mtl

f 278/278/278 279/279/279 280/280/280 
f 280/280/280 279/279/279 281/281/281 

g Part6

v -12.3 9.7 -95.92 
v -2.29998 9.7 -95.92 
v -12.3 0 -95.92 
v -2.29998 0 -95.92 

vn 0 0 -1 
vn 0 0 -1 
vn 0 0 -1 
vn 0 0 -1 

vt 5 1 
vt 0 1 
vt 5 -3.85 
vt 0 -3.85 

usemtl Part3Mtl

f 282/282/282 283/283/283 284/284/284 
f 284/284/284 283/283/283 285/285/285 

g Part7

v -2.27998 9.7 -95.9 
v -2.27998 9.7 -95.1 
v -2.27998 0 -95.9 
v -2.27998 0 -95.1 

vn 1 0 0 
vn 1 0 0 
vn 1 0 0 
vn 1 0 0 

vt 0.4 1 
vt 0 1 
vt 0.4 -3.85 
vt 0 -3.85 

usemtl Part3Mtl

f 286/286/286 287/287/287 288/288/288 
f 288/288/288 287/287/287 289/289/289 

g Part8

v -2.29998 -0.02 -95.1 
v -12.3 -0.02 -95.1 
v -2.29998 -0.02 -95.9 
v -12.3 -0.02 -95.9 

vn 0 -1 0 
vn 0 -1 0 
vn 0 -1 0 
vn 0 -1 0 

vt 5 1 
vt 0 1 
vt 5 0.6 
vt 0 0.6 

usemtl Part3Mtl

f 290/290/290 291/291/291 292/292/292 
f 292/292/292 291/291/291 293/293/293 

g Part9

v -5.39999 9.7 -87.2 
v -5.39999 9.7 -86.4 
v -5.39999 0 -87.2 
v -5.39999 0 -86.4 
v -6.19999 9.7 -86.4 
v -5.39999 9.7 -86.4 
v -6.19999 9.7 -87.2 
v -5.39999 9.7 -87.2 
v -5.39999 9.7 -86.4 
v -6.19999 9.7 -86.4 
v -5.39999 0 -86.4 
v -6.19999 0 -86.4 
v -6.19999 9.7 -86.4 
v -6.19999 9.7 -87.2 
v -6.19999 0 -86.4 
v -6.19999 0 -87.2 
v -6.19999 0 -87.2 
v -5.39999 0 -87.2 
v -6.19999 0 -86.4 
v -5.39999 0 -86.4 
v -6.19999 9.7 -87.2 
v -5.39999 9.7 -87.2 
v -6.19999 0 -87.2 
v -5.39999 0 -87.2 

vn 1 0 0 
vn 1 0 0 
vn 1 0 0 
vn 1 0 0 
vn 0 1 0 
vn 0 1 0 
vn 0 1 0 
vn 0 1 0 
vn 0 0 1 
vn 0 0 1 
vn 0 0 1 
vn 0 0 1 
vn -1 0 0 
vn -1 0 0 
vn -1 0 0 
vn -1 0 0 
vn 0 -1 0 
vn 0 -1 0 
vn 0 -1 0 
vn 0 -1 0 
vn 0 0 -1 
vn 0 0 -1 
vn 0 0 -1 
vn 0 0 -1 

vt 4.1 -4.5 
vt 4 -4.5 
vt 4.1 -5.7125 
vt 4 -5.7125 
vt 4.1 -4.5 
vt 4 -4.5 
vt 4.1 -4.6 
vt 4 -4.6 
vt 4.1 -4.5 
vt 4 -4.5 
vt 4.1 -5.7125 
vt 4 -5.7125 
vt 4.1 -4.5 
vt 4 -4.5 
vt 4.1 -5.7125 
vt 4 -5.7125 
vt 4.1 -4.5 
vt 4 -4.5 
vt 4.1 -4.6 
vt 4 -4.6 
vt 4.1 -4.5 
vt 4 -4.5 
vt 4.1 -5.7125 
vt 4 -5.7125 

usemtl Part2Mtl

f 294/294/294 295/295/295 296/296/296 
f 296/296/296 295/295/295 297/297/297 
f 298/298/298 299/299/299 300/300/300 
f 300/300/300 299/299/299 301/301/301 
f 302/302/302 303/303/303 304/304/304 
f 304/304/304 303/303/303 305/305/305 
f 306/306/306 307/307/307 308/308/308 
f 308/308/308 307/307/307 309/309/309 
f 310/310/310 311/311/311 312/312/312 
f 312/312/312 311/311/311 313/313/313 
f 314/314/314 315/315/315 316/316/316 
f 316/316/316 315/315/315 317/317/317 

g Part10

v -6.21999 9.7 -86.4 
v -6.21999 9.7 -87.2 
v -6.21999 0 -86.4 
v -6.21999 0 -87.2 

vn -1 0 0 
vn -1 0 0 
vn -1 0 0 
vn -1 0 0 

vt 0.4 1 
vt 0 1 
vt 0.4 -3.85 
vt 0 -3.85 

usemtl Part3Mtl

f 318/318/318 319/319/319 320/320/320 
f 320/320/320 319/319/319 321/321/321 

g Part11

v -5.39999 9.7 -86.38 
v -6.19999 9.7 -86.38 
v -5.39999 0 -86.38 
v -6.19999 0 -86.38 

vn 0 0 1 
vn 0 0 1 
vn 0 0 1 
vn 0 0 1 

vt 0.4 1 
vt 0 1 
vt 0.4 -3.85 
vt 0 -3.85 

usemtl Part3Mtl

f 322/322/322 323/323/323 324/324/324 
f 324/324/324 323/323/323 325/325/325 

g Part12

v -6.19999 9.72 -86.4 
v -5.39999 9.72 -86.4 
v -6.19999 9.72 -87.2 
v -5.39999 9.72 -87.2 

vn 0 1 0 
vn 0 1 0 
vn 0 1 0 
vn 0 1 0 

vt 0.4 1 
vt 0 1 
vt 0.4 0.6 
vt 0 0.6 

usemtl Part3Mtl

f 326/326/326 327/327/327 328/328/328 
f 328/328/328 327/327/327 329/329/329 

g Part13

v -6.19999 9.7 -87.22 
v -5.39999 9.7 -87.22 
v -6.19999 0 -87.22 
v -5.39999 0 -87.22 

vn 0 0 -1 
vn 0 0 -1 
vn 0 0 -1 
vn 0 0 -1 

vt 0.4 1 
vt 0 1 
vt 0.4 -3.85 
vt 0 -3.85 

usemtl Part3Mtl

f 330/330/330 331/331/331 332/332/332 
f 332/332/332 331/331/331 333/333/333 

g Part14

v -5.37999 9.7 -87.2 
v -5.37999 9.7 -86.4 
v -5.37999 0 -87.2 
v -5.37999 0 -86.4 

vn 1 0 0 
vn 1 0 0 
vn 1 0 0 
vn 1 0 0 

vt 0.4 1 
vt 0 1 
vt 0.4 -3.85 
vt 0 -3.85 

usemtl Part3Mtl

f 334/334/334 335/335/335 336/336/336 
f 336/336/336 335/335/335 337/337/337 

g Part15

v -5.39999 -0.02 -86.4 
v -6.19999 -0.02 -86.4 
v -5.39999 -0.02 -87.2 
v -6.19999 -0.02 -87.2 

vn 0 -1 0 
vn 0 -1 0 
vn 0 -1 0 
vn 0 -1 0 

vt 0.4 1 
vt 0 1 
vt 0.4 0.6 
vt 0 0.6 

usemtl Part3Mtl

f 338/338/338 339/339/339 340/340/340 
f 340/340/340 339/339/339 341/341/341 

g C392

v -5.8757 7.96883 -78.4468 
v -5.74184 8.02427 -78.4468 
v -5.89867 8.02427 -78.4468 
v -5.88816 8.06348 -78.4468 
v -5.76481 8.07972 -78.4468 
v -5.85946 8.09218 -78.4468 
v -5.82026 8.10268 -78.4468 
v -5.85946 8.09218 -86.5 
v -5.84055 8.10001 -78.4468 
v -5.84055 8.10001 -86.5 
v -5.82026 8.10268 -78.4468 
v -5.85946 8.09218 -78.4468 
v -5.82026 8.10268 -86.5 
v -5.8757 8.07972 -86.5 
v -5.79996 8.10001 -78.4468 
v -5.8757 8.07972 -78.4468 
v -5.79996 8.10001 -86.5 
v -5.78105 8.09218 -78.4468 
v -5.78105 8.09218 -86.5 
v -5.76481 8.07972 -78.4468 
v -5.896 8.04457 -86.5 
v -5.76481 8.07972 -86.5 
v -5.79996 7.94853 -78.4468 
v -5.78105 7.95636 -78.4468 
v -5.8757 7.96883 -78.4468 
v -5.75235 7.98506 -78.4468 
v -5.74184 8.02427 -78.4468 
v -5.76481 8.07972 -78.4468 
v -5.82026 8.10268 -78.4468 
v -5.82026 8.10268 -86.5 
v -5.76481 8.07972 -78.4468 
v -5.76481 8.07972 -86.5 
v -5.75235 8.06348 -86.5 
v -5.75235 8.06348 -78.4468 
v -5.74451 8.04457 -78.4468 
v -5.74452 8.04457 -86.5 
v -5.74184 8.02427 -86.5 
v -5.74184 8.02427 -78.4468 
v -5.74452 8.00398 -86.5 
v -5.8757 7.96883 -86.5 
v -5.74451 8.00398 -78.4468 
v -5.75235 7.98506 -86.5 
v -5.75235 7.98506 -78.4468 
v -5.76481 7.96883 -78.4468 
v -5.76481 7.96883 -86.5 
v -5.79996 7.94853 -78.4468 
v -5.84055 7.94853 -78.4468 
v -5.82026 7.94586 -78.4468 
v -5.78105 7.95636 -78.4468 
v -5.85946 7.95636 -78.4468 
v -5.85946 7.95636 -78.4468 
v -5.78105 7.95636 -78.4468 
v -5.76481 7.96883 -78.4468 
v -5.85946 7.95636 -78.4468 
v -5.76481 7.96883 -78.4468 
v -5.8757 7.96883 -78.4468 
v -5.8757 7.96883 -78.4468 
v -5.76481 7.96883 -78.4468 
v -5.75235 7.98506 -78.4468 
v -5.8757 7.96883 -78.4468 
v -5.75235 7.98506 -78.4468 
v -5.88816 7.98506 -78.4468 
v -5.74451 8.00398 -78.4468 
v -5.896 8.00398 -78.4468 
v -5.74184 8.02427 -78.4468 
v -5.89867 8.02427 -78.4468 
v -5.88816 7.98506 -78.4468 
v -5.75235 7.98506 -78.4468 
v -5.74451 8.00398 -78.4468 
v -5.896 8.00398 -78.4468 
v -5.74451 8.00398 -78.4468 
v -5.74184 8.02427 -78.4468 
v -5.89867 8.02427 -78.4468 
v -5.74184 8.02427 -78.4468 
v -5.74451 8.04457 -78.4468 
v -5.89867 8.02427 -78.4468 
v -5.74451 8.04457 -78.4468 
v -5.896 8.04457 -78.4468 
v -5.896 8.04457 -78.4468 
v -5.74451 8.04457 -78.4468 
v -5.75235 8.06348 -78.4468 
v -5.896 8.04457 -78.4468 
v -5.75235 8.06348 -78.4468 
v -5.88816 8.06348 -78.4468 
v -5.88816 8.06348 -78.4468 
v -5.75235 8.06348 -78.4468 
v -5.76481 8.07972 -78.4468 
v -5.88816 8.06348 -78.4468 
v -5.76481 8.07972 -78.4468 
v -5.8757 8.07972 -78.4468 
v -5.8757 8.07972 -78.4468 
v -5.76481 8.07972 -78.4468 
v -5.78105 8.09218 -78.4468 
v -5.8757 8.07972 -78.4468 
v -5.78105 8.09218 -78.4468 
v -5.85946 8.09218 -78.4468 
v -5.79996 8.10001 -78.4468 
v -5.84055 8.10001 -78.4468 
v -5.82026 8.10268 -78.4468 
v -5.85946 8.09218 -86.5 
v -5.82026 8.10268 -86.5 
v -5.79996 8.10001 -86.5 
v -5.88816 8.06348 -86.5 
v -5.896 8.04457 -86.5 
v -5.76481 8.07972 -86.5 
v -5.89867 8.02427 -86.5 
v -5.74452 8.04457 -86.5 
v -5.74184 8.02427 -86.5 
v -5.88816 7.98506 -86.5 
v -5.8757 7.96883 -86.5 
v -5.75235 7.98506 -86.5 
v -5.84055 7.94853 -86.5 
v -5.78105 7.95636 -86.5 
v -5.79996 7.94853 -86.5 
v -5.79996 7.94853 -86.5 
v -5.84055 7.94853 -86.5 
v -5.82026 7.94586 -86.5 
v -5.84055 7.94853 -86.5 
v -5.79996 7.94853 -86.5 
v -5.78105 7.95636 -86.5 
v -5.84055 7.94853 -86.5 
v -5.78105 7.95636 -86.5 
v -5.85946 7.95636 -86.5 
v -5.85946 7.95636 -86.5 
v -5.78105 7.95636 -86.5 
v -5.76481 7.96883 -86.5 
v -5.8757 7.96883 -86.5 
v -5.8757 7.96883 -86.5 
v -5.76481 7.96883 -86.5 
v -5.75235 7.98506 -86.5 
v -5.8757 7.96883 -86.5 
v -5.75235 7.98506 -86.5 
v -5.88816 7.98506 -86.5 
v -5.88816 7.98506 -86.5 
v -5.75235 7.98506 -86.5 
v -5.74452 8.00398 -86.5 
v -5.88816 7.98506 -86.5 
v -5.74452 8.00398 -86.5 
v -5.896 8.00398 -86.5 
v -5.896 8.00398 -86.5 
v -5.74452 8.00398 -86.5 
v -5.74184 8.02427 -86.5 
v -5.896 8.00398 -86.5 
v -5.74184 8.02427 -86.5 
v -5.89867 8.02427 -86.5 
v -5.74452 8.04457 -86.5 
v -5.89867 8.02427 -86.5 
v -5.74452 8.04457 -86.5 
v -5.896 8.04457 -86.5 
v -5.896 8.04457 -86.5 
v -5.74452 8.04457 -86.5 
v -5.75235 8.06348 -86.5 
v -5.896 8.04457 -86.5 
v -5.75235 8.06348 -86.5 
v -5.88816 8.06348 -86.5 
v -5.88816 8.06348 -86.5 
v -5.75235 8.06348 -86.5 
v -5.76481 8.07972 -86.5 
v -5.88816 8.06348 -86.5 
v -5.76481 8.07972 -86.5 
v -5.8757 8.07972 -86.5 
v -5.8757 8.07972 -86.5 
v -5.76481 8.07972 -86.5 
v -5.78105 8.09218 -86.5 
v -5.8757 8.07972 -86.5 
v -5.78105 8.09218 -86.5 
v -5.85946 8.09218 -86.5 
v -5.85946 8.09218 -86.5 
v -5.78105 8.09218 -86.5 
v -5.79996 8.10001 -86.5 
v -5.85946 8.09218 -86.5 
v -5.79996 8.10001 -86.5 
v -5.84055 8.10001 -86.5 
v -5.84055 8.10001 -86.5 
v -5.79996 8.10001 -86.5 
v -5.82026 8.10268 -86.5 
v -5.79996 7.94853 -78.4468 
v -5.82026 7.94586 -78.4468 
v -5.78105 7.95636 -78.4468 
v -5.85946 7.95636 -78.4468 
v -5.8757 7.96883 -78.4468 
v -5.74184 8.02427 -78.4468 
v -5.89867 8.02427 -78.4468 
v -5.89867 8.02427 -86.5 
v -5.74184 8.02427 -86.5 
v -5.8757 7.96883 -78.4468 
v -5.8757 7.96883 -86.5 
v -5.85946 7.95636 -78.4468 
v -5.85946 7.95636 -86.5 
v -5.84055 7.94853 -78.4468 
v -5.76481 7.96883 -78.4468 
v -5.84055 7.94853 -86.5 
v -5.76481 7.96883 -86.5 
v -5.82026 7.94586 -78.4468 
v -5.78105 7.95636 -86.5 
v -5.82026 7.94586 -86.5 
v -5.78105 7.95636 -78.4468 
v -5.79996 7.94853 -78.4468 
v -5.79996 7.94853 -86.5 
v -5.8757 7.96883 -78.4468 
v -5.896 8.00398 -78.4468 
v -5.896 8.04457 -78.4468 
v -5.88816 8.06348 -78.4468 
v -5.85946 8.09218 -78.4468 
v -5.82026 8.10268 -78.4468 
v -5.85946 8.09218 -86.5 
v -5.82026 8.10268 -86.5 
v -5.8757 8.07972 -86.5 
v -5.8757 8.07972 -78.4468 
v -5.88816 8.06348 -78.4468 
v -5.88816 8.06348 -86.5 
v -5.896 8.04457 -78.4468 
v -5.896 8.04457 -86.5 
v -5.89867 8.02427 -78.4468 
v -5.89867 8.02427 -86.5 
v -5.896 8.00398 -78.4468 
v -5.896 8.00398 -86.5 
v -5.88816 7.98506 -78.4468 
v -5.88816 7.98506 -86.5 
v -5.8757 7.96883 -78.4468 
v -5.8757 7.96883 -86.5 

vn 0 0 1 
vn 0 0 1 
vn 0 0 1 
vn 0 0 1 
vn 0 0 1 
vn 0 0 1 
vn 0 0 1 
vn -0.503937 0.866142 0 
vn -0.259843 0.968504 0 
vn -0.259843 0.968504 0 
vn 0 1 0 
vn -0.496063 0.866142 0 
vn 0 1 0 
vn -0.708661 0.708661 0 
vn 0.259843 0.968504 0 
vn -0.708661 0.708661 0 
vn 0.259843 0.968504 0 
vn 0.503937 0.866142 0 
vn 0.496063 0.866142 0 
vn 0.708661 0.708661 0 
vn -0.968504 0.259843 0 
vn 0.708661 0.708661 0 
vn 0 0 1 
vn 0 0 1 
vn 0 0 1 
vn 0 0 1 
vn 0 0 1 
vn 0 0 1 
vn 0 0 1 
vn 0 1 0 
vn 0.708661 0.708661 0 
vn 0.708661 0.708661 0 
vn 0.866142 0.503937 0 
vn 0.866142 0.496063 0 
vn 0.968504 0.259843 0 
vn 0.968504 0.259843 0 
vn 1 0 0 
vn 1 0 0 
vn 0.968504 -0.259843 0 
vn -0.708661 -0.708661 0 
vn 0.968504 -0.259843 0 
vn 0.866142 -0.503937 0 
vn 0.866142 -0.503937 0 
vn 0.708661 -0.708661 0 
vn 0.708661 -0.708661 0 
vn 0 0 1 
vn 0 0 1 
vn 0 0 1 
vn 0 0 1 
vn 0 0 1 
vn 0 0 1 
vn 0 0 1 
vn 0 0 1 
vn 0 0 1 
vn 0 0 1 
vn 0 0 1 
vn 0 0 1 
vn 0 0 1 
vn 0 0 1 
vn 0 0 1 
vn 0 0 1 
vn 0 0 1 
vn 0 0 1 
vn 0 0 1 
vn 0 0 1 
vn 0 0 1 
vn 0 0 1 
vn 0 0 1 
vn 0 0 1 
vn 0 0 1 
vn 0 0 1 
vn 0 0 1 
vn 0 0 1 
vn 0 0 1 
vn 0 0 1 
vn 0 0 1 
vn 0 0 1 
vn 0 0 1 
vn 0 0 1 
vn 0 0 1 
vn 0 0 1 
vn 0 0 1 
vn 0 0 1 
vn 0 0 1 
vn 0 0 1 
vn 0 0 1 
vn 0 0 1 
vn 0 0 1 
vn 0 0 1 
vn 0 0 1 
vn 0 0 1 
vn 0 0 1 
vn 0 0 1 
vn 0 0 1 
vn 0 0 1 
vn 0 0 1 
vn 0 0 1 
vn 0 0 1 
vn 0 0 1 
vn -0.503937 0.866142 0 
vn 0 1 0 
vn 0.259843 0.968504 0 
vn -0.866142 0.496063 0 
vn -0.968504 0.259843 0 
vn 0.708661 0.708661 0 
vn -1 0 0 
vn 0.968504 0.259843 0 
vn 1 0 0 
vn -0.866142 -0.503937 0 
vn -0.708661 -0.708661 0 
vn 0.866142 -0.503937 0 
vn -0.259843 -0.968504 0 
vn 0.503937 -0.866142 0 
vn 0.259843 -0.968504 0 
vn 0 0 1 
vn 0 0 1 
vn 0 0 1 
vn 0 0 1 
vn 0 0 1 
vn 0 0 1 
vn 0 0 1 
vn 0 0 1 
vn 0 0 1 
vn 0 0 1 
vn 0 0 1 
vn 0 0 1 
vn 0 0 1 
vn 0 0 1 
vn 0 0 1 
vn 0 0 1 
vn 0 0 1 
vn 0 0 1 
vn 0 0 1 
vn 0 0 1 
vn 0 0 1 
vn 0 0 1 
vn 0 0 1 
vn 0 0 1 
vn 0 0 1 
vn 0 0 1 
vn 0 0 1 
vn 0 0 1 
vn 0 0 1 
vn 0 0 1 
vn 0 0 1 
vn 0 0 1 
vn 0 0 1 
vn 0 0 1 
vn 0 0 1 
vn 0 0 1 
vn 0 0 1 
vn 0 0 1 
vn 0 0 1 
vn 0 0 1 
vn 0 0 1 
vn 0 0 1 
vn 0 0 1 
vn 0 0 1 
vn 0 0 1 
vn 0 0 1 
vn 0 0 1 
vn 0 0 1 
vn 0 0 1 
vn 0 0 1 
vn 0 0 1 
vn 0 0 1 
vn 0 0 1 
vn 0 0 1 
vn 0 0 1 
vn 0 0 1 
vn 0 0 1 
vn 0 0 1 
vn 0 0 1 
vn 0 0 1 
vn 0 0 1 
vn 0 0 1 
vn 0 0 1 
vn 0 0 1 
vn 0 0 1 
vn 0 0 1 
vn 0 0 1 
vn 0 0 1 
vn 0 0 1 
vn -1 0 0 
vn 1 0 0 
vn -0.708661 -0.708661 0 
vn -0.708661 -0.708661 0 
vn -0.503937 -0.866142 0 
vn -0.496063 -0.866142 0 
vn -0.259843 -0.968504 0 
vn 0.708661 -0.708661 0 
vn -0.259843 -0.968504 0 
vn 0.708661 -0.708661 0 
vn 0 -1 0 
vn 0.503937 -0.866142 0 
vn 0 -1 0 
vn 0.496063 -0.866142 0 
vn 0.259843 -0.968504 0 
vn 0.259843 -0.968504 0 
vn 0 0 1 
vn 0 0 1 
vn 0 0 1 
vn 0 0 1 
vn 0 0 1 
vn 0 0 1 
vn -0.503937 0.866142 0 
vn 0 1 0 
vn -0.708661 0.708661 0 
vn -0.708661 0.708661 0 
vn -0.866142 0.503937 0 
vn -0.866142 0.496063 0 
vn -0.968504 0.259843 0 
vn -0.968504 0.259843 0 
vn -1 0 0 
vn -1 0 0 
vn -0.968504 -0.259843 0 
vn -0.968504 -0.259843 0 
vn -0.866142 -0.496063 0 
vn -0.866142 -0.503937 0 
vn -0.708661 -0.708661 0 
vn -0.708661 -0.708661 0 

vt 0.402657 0.994455 
vt 0.402657 1.00784 
vt 0.402657 0.992159 
vt 0.402657 0.993209 
vt 0.402657 1.00554 
vt 0.402657 0.996079 
vt 0.402657 1 
vt -0.402657 0.996079 
vt 0.402657 0.997971 
vt -0.402657 0.997971 
vt 0.402657 1 
vt 0.402657 0.996079 
vt -0.402657 1 
vt -0.402657 0.994455 
vt 0.402657 1.00203 
vt 0.402657 0.994455 
vt -0.402657 1.00203 
vt 0.402657 1.00392 
vt -0.402657 1.00392 
vt 0.402657 1.00554 
vt -0.402657 0.992426 
vt -0.402657 1.00554 
vt -0.402657 0.992426 
vt -0.402657 0.993209 
vt -0.402657 0.994455 
vt -0.402657 0.996079 
vt -0.402657 1 
vt -0.402657 1.00554 
vt -0.402657 1.00784 
vt 0.402657 1.00784 
vt -0.402657 1.00554 
vt 0.402657 1.00554 
vt 0.402657 1.00392 
vt -0.402657 1.00392 
vt -0.402657 1.00203 
vt 0.402657 1.00203 
vt 0.402657 1 
vt -0.402657 1 
vt 0.402657 0.997971 
vt 0.402657 0.994455 
vt -0.402657 0.997971 
vt 0.402657 0.996079 
vt -0.402657 0.996079 
vt -0.402657 0.994455 
vt 0.402657 0.994455 
vt 0.0020295 0.992426 
vt -0.0020294 0.992426 
vt 5.06381e-08 0.992159 
vt 0.00392066 0.993209 
vt -0.00392055 0.993209 
vt -0.00392055 0.993209 
vt 0.00392066 0.993209 
vt 0.00554462 0.994455 
vt -0.00392055 0.993209 
vt 0.00554462 0.994455 
vt -0.00554452 0.994455 
vt -0.00554452 0.994455 
vt 0.00554462 0.994455 
vt 0.00679074 0.996079 
vt -0.00554452 0.994455 
vt 0.00679074 0.996079 
vt -0.00679063 0.996079 
vt 0.00757408 0.997971 
vt -0.00757397 0.997971 
vt 0.00784126 1 
vt -0.00784116 1 
vt -0.00679063 0.996079 
vt 0.00679074 0.996079 
vt 0.00757408 0.997971 
vt -0.00757397 0.997971 
vt 0.00757408 0.997971 
vt 0.00784126 1 
vt -0.00784116 1 
vt 0.00784126 1 
vt 0.00757408 1.00203 
vt -0.00784116 1 
vt 0.00757408 1.00203 
vt -0.00757397 1.00203 
vt -0.00757397 1.00203 
vt 0.00757408 1.00203 
vt 0.00679074 1.00392 
vt -0.00757397 1.00203 
vt 0.00679074 1.00392 
vt -0.00679063 1.00392 
vt -0.00679063 1.00392 
vt 0.00679074 1.00392 
vt 0.00554463 1.00554 
vt -0.00679063 1.00392 
vt 0.00554463 1.00554 
vt -0.00554452 1.00554 
vt -0.00554452 1.00554 
vt 0.00554463 1.00554 
vt 0.00392066 1.00679 
vt -0.00554452 1.00554 
vt 0.00392066 1.00679 
vt -0.00392055 1.00679 
vt 0.00202951 1.00757 
vt -0.0020294 1.00757 
vt 5.29934e-08 1.00784 
vt -0.00392066 1.00679 
vt -5.06381e-08 1.00784 
vt 0.0020294 1.00757 
vt -0.00679074 1.00392 
vt -0.00757408 1.00203 
vt 0.00554452 1.00554 
vt -0.00784126 1 
vt 0.00757397 1.00203 
vt 0.00784116 1 
vt -0.00679074 0.996079 
vt -0.00554462 0.994455 
vt 0.00679063 0.996079 
vt -0.00202951 0.992426 
vt 0.00392055 0.993209 
vt 0.0020294 0.992426 
vt 0.0020294 0.992426 
vt -0.00202951 0.992426 
vt -5.4171e-08 0.992159 
vt -0.00202951 0.992426 
vt 0.0020294 0.992426 
vt 0.00392055 0.993209 
vt -0.00202951 0.992426 
vt 0.00392055 0.993209 
vt -0.00392066 0.993209 
vt -0.00392066 0.993209 
vt 0.00392055 0.993209 
vt 0.00554452 0.994455 
vt -0.00554462 0.994455 
vt -0.00554462 0.994455 
vt 0.00554452 0.994455 
vt 0.00679063 0.996079 
vt -0.00554462 0.994455 
vt 0.00679063 0.996079 
vt -0.00679074 0.996079 
vt -0.00679074 0.996079 
vt 0.00679063 0.996079 
vt 0.00757397 0.997971 
vt -0.00679074 0.996079 
vt 0.00757397 0.997971 
vt -0.00757408 0.997971 
vt -0.00757408 0.997971 
vt 0.00757397 0.997971 
vt 0.00784116 1 
vt -0.00757408 0.997971 
vt 0.00784116 1 
vt -0.00784126 1 
vt 0.00757397 1.00203 
vt -0.00784126 1 
vt 0.00757397 1.00203 
vt -0.00757408 1.00203 
vt -0.00757408 1.00203 
vt 0.00757397 1.00203 
vt 0.00679063 1.00392 
vt -0.00757408 1.00203 
vt 0.00679063 1.00392 
vt -0.00679074 1.00392 
vt -0.00679074 1.00392 
vt 0.00679063 1.00392 
vt 0.00554452 1.00554 
vt -0.00679074 1.00392 
vt 0.00554452 1.00554 
vt -0.00554462 1.00554 
vt -0.00554462 1.00554 
vt 0.00554452 1.00554 
vt 0.00392055 1.00679 
vt -0.00554462 1.00554 
vt 0.00392055 1.00679 
vt -0.00392066 1.00679 
vt -0.00392066 1.00679 
vt 0.00392055 1.00679 
vt 0.0020294 1.00757 
vt -0.00392066 1.00679 
vt 0.0020294 1.00757 
vt -0.00202951 1.00757 
vt -0.00202951 1.00757 
vt 0.0020294 1.00757 
vt -5.06381e-08 1.00784 
vt -0.402657 1.00203 
vt -0.402657 1 
vt -0.402657 1.00392 
vt -0.402657 0.996079 
vt -0.402657 0.994455 
vt -0.402657 1.00784 
vt -0.402657 0.992159 
vt 0.402657 0.992159 
vt 0.402657 1.00784 
vt -0.402657 0.994455 
vt 0.402657 0.994455 
vt -0.402657 0.996079 
vt 0.402657 0.996079 
vt -0.402657 0.997971 
vt -0.402657 1.00554 
vt 0.402657 0.997971 
vt 0.402657 1.00554 
vt -0.402657 1 
vt 0.402657 1.00392 
vt 0.402657 1 
vt -0.402657 1.00392 
vt -0.402657 1.00203 
vt 0.402657 1.00203 
vt 0.402657 0.994455 
vt 0.402657 0.997971 
vt 0.402657 1.00203 
vt 0.402657 1.00392 
vt 0.402657 1.00679 
vt 0.402657 1.00784 
vt -0.402657 1.00679 
vt -0.402657 1.00784 
vt -0.402657 1.00554 
vt 0.402657 1.00554 
vt 0.402657 1.00392 
vt -0.402657 1.00392 
vt 0.402657 1.00203 
vt -0.402657 1.00203 
vt 0.402657 1 
vt -0.402657 1 
vt 0.402657 0.997971 
vt -0.402657 0.997971 
vt 0.402657 0.996079 
vt -0.402657 0.996079 
vt 0.402657 0.994455 
vt -0.402657 0.994455 

usemtl C391Mtl

f 349/349/349 350/350/350 351/351/351 
f 352/352/352 351/351/351 350/350/350 
f 350/350/350 349/349/349 353/353/353 
f 351/351/351 352/352/352 354/354/354 
f 355/355/355 353/353/353 349/349/349 
f 356/356/356 354/354/354 352/352/352 
f 353/353/353 355/355/355 357/357/357 
f 354/354/354 356/356/356 358/358/358 
f 359/359/359 358/358/358 356/356/356 
f 358/358/358 359/359/359 360/360/360 
f 361/361/361 360/360/360 359/359/359 
f 360/360/360 361/361/361 363/363/363 
f 372/372/372 374/374/374 373/373/373 
f 374/374/374 372/372/372 375/375/375 
f 376/376/376 374/374/374 375/375/375 
f 374/374/374 376/376/376 377/377/377 
f 376/376/376 378/378/378 377/377/377 
f 378/378/378 376/376/376 379/379/379 
f 379/379/379 380/380/380 378/378/378 
f 380/380/380 379/379/379 382/382/382 
f 382/382/382 383/383/383 380/380/380 
f 383/383/383 382/382/382 384/384/384 
f 385/385/385 383/383/383 384/384/384 
f 383/383/383 385/385/385 386/386/386 
f 387/387/387 388/388/388 389/389/389 
f 388/388/388 387/387/387 390/390/390 
f 388/388/388 390/390/390 391/391/391 
f 392/392/392 393/393/393 394/394/394 
f 395/395/395 396/396/396 397/397/397 
f 398/398/398 399/399/399 400/400/400 
f 401/401/401 402/402/402 403/403/403 
f 403/403/403 404/404/404 405/405/405 
f 405/405/405 406/406/406 407/407/407 
f 408/408/408 409/409/409 410/410/410 
f 411/411/411 412/412/412 413/413/413 
f 414/414/414 415/415/415 416/416/416 
f 417/417/417 418/418/418 419/419/419 
f 420/420/420 421/421/421 422/422/422 
f 423/423/423 424/424/424 425/425/425 
f 426/426/426 427/427/427 428/428/428 
f 429/429/429 430/430/430 431/431/431 
f 432/432/432 433/433/433 434/434/434 
f 435/435/435 436/436/436 437/437/437 
f 437/437/437 436/436/436 438/438/438 
f 437/437/437 438/438/438 439/439/439 
f 439/439/439 438/438/438 440/440/440 
f 456/456/456 457/457/457 458/458/458 
f 459/459/459 460/460/460 461/461/461 
f 462/462/462 463/463/463 464/464/464 
f 465/465/465 466/466/466 467/467/467 
f 465/465/465 467/467/467 468/468/468 
f 469/469/469 470/470/470 471/471/471 
f 472/472/472 473/473/473 474/474/474 
f 475/475/475 476/476/476 477/477/477 
f 478/478/478 479/479/479 480/480/480 
f 481/481/481 482/482/482 483/483/483 
f 484/484/484 485/485/485 486/486/486 
f 486/486/486 485/485/485 487/487/487 
f 488/488/488 489/489/489 490/490/490 
f 491/491/491 492/492/492 493/493/493 
f 494/494/494 495/495/495 496/496/496 
f 497/497/497 498/498/498 499/499/499 
f 500/500/500 501/501/501 502/502/502 
f 503/503/503 504/504/504 505/505/505 
f 506/506/506 507/507/507 508/508/508 
f 509/509/509 510/510/510 511/511/511 
f 512/512/512 513/513/513 514/514/514 
f 515/515/515 516/516/516 517/517/517 
f 528/528/528 529/529/529 527/527/527 
f 529/529/529 528/528/528 530/530/530 
f 530/530/530 531/531/531 529/529/529 
f 531/531/531 530/530/530 533/533/533 
f 533/533/533 535/535/535 531/531/531 
f 532/532/532 536/536/536 534/534/534 
f 535/535/535 533/533/533 537/537/537 
f 536/536/536 532/532/532 538/538/538 
f 537/537/537 539/539/539 535/535/535 
f 538/538/538 540/540/540 536/536/536 
f 539/539/539 537/537/537 540/540/540 
f 539/539/539 540/540/540 538/538/538 
f 549/549/549 551/551/551 550/550/550 
f 551/551/551 549/549/549 552/552/552 
f 552/552/552 553/553/553 551/551/551 
f 553/553/553 552/552/552 554/554/554 
f 554/554/554 555/555/555 553/553/553 
f 555/555/555 554/554/554 556/556/556 
f 556/556/556 557/557/557 555/555/555 
f 557/557/557 556/556/556 558/558/558 
f 558/558/558 559/559/559 557/557/557 
f 559/559/559 558/558/558 560/560/560 
f 560/560/560 561/561/561 559/559/559 
f 561/561/561 560/560/560 562/562/562 

g Part16

v -4.99999 8.8 -78.5 
v -4.99999 8.8 -76.9 
v -4.99999 0 -78.5 
v -4.99999 0 -76.9 
v -6.59999 8.8 -76.9 
v -4.99999 8.8 -76.9 
v -6.59999 8.8 -78.5 
v -4.99999 8.8 -78.5 
v -4.99999 8.8 -76.9 
v -6.59999 8.8 -76.9 
v -4.99999 0 -76.9 
v -6.59999 0 -76.9 
v -6.59999 8.8 -76.9 
v -6.59999 8.8 -78.5 
v -6.59999 0 -76.9 
v -6.59999 0 -78.5 
v -6.59999 0 -78.5 
v -4.99999 0 -78.5 
v -6.59999 0 -76.9 
v -4.99999 0 -76.9 
v -6.59999 8.8 -78.5 
v -4.99999 8.8 -78.5 
v -6.59999 0 -78.5 
v -4.99999 0 -78.5 

vn 1 0 0 
vn 1 0 0 
vn 1 0 0 
vn 1 0 0 
vn 0 1 0 
vn 0 1 0 
vn 0 1 0 
vn 0 1 0 
vn 0 0 1 
vn 0 0 1 
vn 0 0 1 
vn 0 0 1 
vn -1 0 0 
vn -1 0 0 
vn -1 0 0 
vn -1 0 0 
vn 0 -1 0 
vn 0 -1 0 
vn 0 -1 0 
vn 0 -1 0 
vn 0 0 -1 
vn 0 0 -1 
vn 0 0 -1 
vn 0 0 -1 

vt 0.45 -4.75 
vt 0.25 -4.75 
vt 0.45 -5.85 
vt 0.25 -5.85 
vt 0.45 -4.75 
vt 0.25 -4.75 
vt 0.45 -4.95 
vt 0.25 -4.95 
vt 0.45 -4.75 
vt 0.25 -4.75 
vt 0.45 -5.85 
vt 0.25 -5.85 
vt 0.45 -4.75 
vt 0.25 -4.75 
vt 0.45 -5.85 
vt 0.25 -5.85 
vt 0.45 -4.75 
vt 0.25 -4.75 
vt 0.45 -4.95 
vt 0.25 -4.95 
vt 0.45 -4.75 
vt 0.25 -4.75 
vt 0.45 -5.85 
vt 0.25 -5.85 

usemtl Part2Mtl

f 563/563/563 564/564/564 565/565/565 
f 565/565/565 564/564/564 566/566/566 
f 567/567/567 568/568/568 569/569/569 
f 569/569/569 568/568/568 570/570/570 
f 571/571/571 572/572/572 573/573/573 
f 573/573/573 572/572/572 574/574/574 
f 575/575/575 576/576/576 577/577/577 
f 577/577/577 576/576/576 578/578/578 
f 579/579/579 580/580/580 581/581/581 
f 581/581/581 580/580/580 582/582/582 
f 583/583/583 584/584/584 585/585/585 
f 585/585/585 584/584/584 586/586/586 

g Part17

v -6.61999 8.8 -76.9 
v -6.61999 8.8 -78.5 
v -6.61999 0 -76.9 
v -6.61999 0 -78.5 

vn -1 0 0 
vn -1 0 0 
vn -1 0 0 
vn -1 0 0 

vt 0.8 1 
vt 0 1 
vt 0.8 -3.4 
vt 0 -3.4 

usemtl Part3Mtl

f 587/587/587 588/588/588 589/589/589 
f 589/589/589 588/588/588 590/590/590 

g Part18

v -4.99999 8.8 -76.88 
v -6.59999 8.8 -76.88 
v -4.99999 0 -76.88 
v -6.59999 0 -76.88 

vn 0 0 1 
vn 0 0 1 
vn 0 0 1 
vn 0 0 1 

vt 0.8 1 
vt 0 1 
vt 0.8 -3.4 
vt 0 -3.4 

usemtl Part3Mtl

f 591/591/591 592/592/592 593/593/593 
f 593/593/593 592/592/592 594/594/594 

g Part19

v -6.59999 8.82 -76.9 
v -4.99999 8.82 -76.9 
v -6.59999 8.82 -78.5 
v -4.99999 8.82 -78.5 

vn 0 1 0 
vn 0 1 0 
vn 0 1 0 
vn 0 1 0 

vt 0.8 1 
vt 0 1 
vt 0.8 0.2 
vt 0 0.2 

usemtl Part3Mtl

f 595/595/595 596/596/596 597/597/597 
f 597/597/597 596/596/596 598/598/598 

g Part20

v -6.59999 8.8 -78.52 
v -4.99999 8.8 -78.52 
v -6.59999 0 -78.52 
v -4.99999 0 -78.52 

vn 0 0 -1 
vn 0 0 -1 
vn 0 0 -1 
vn 0 0 -1 

vt 0.8 1 
vt 0 1 
vt 0.8 -3.4 
vt 0 -3.4 

usemtl Part3Mtl

f 599/599/599 600/600/600 601/601/601 
f 601/601/601 600/600/600 602/602/602 

g Part21

v -4.97999 8.8 -78.5 
v -4.97999 8.8 -76.9 
v -4.97999 0 -78.5 
v -4.97999 0 -76.9 

vn 1 0 0 
vn 1 0 0 
vn 1 0 0 
vn 1 0 0 

vt 0.8 1 
vt 0 1 
vt 0.8 -3.4 
vt 0 -3.4 

usemtl Part3Mtl

f 603/603/603 604/604/604 605/605/605 
f 605/605/605 604/604/604 606/606/606 

g Part22

v -4.99999 -0.02 -76.9 
v -6.59999 -0.02 -76.9 
v -4.99999 -0.02 -78.5 
v -6.59999 -0.02 -78.5 

vn 0 -1 0 
vn 0 -1 0 
vn 0 -1 0 
vn 0 -1 0 

vt 0.8 1 
vt 0 1 
vt 0.8 0.2 
vt 0 0.2 

usemtl Part3Mtl

f 607/607/607 608/608/608 609/609/609 
f 609/609/609 608/608/608 610/610/610 

g Part23

v -1.89999 4.3 -78.5 
v -1.89999 4.3 -77.9 
v -1.89999 0 -78.5 
v -1.89999 0 -77.9 
v -14.2 4.3 -77.9 
v -1.89999 4.3 -77.9 
v -14.2 4.3 -78.5 
v -1.89999 4.3 -78.5 
v -1.89999 4.3 -77.9 
v -14.2 4.3 -77.9 
v -1.89999 0 -77.9 
v -14.2 0 -77.9 
v -14.2 4.3 -77.9 
v -14.2 4.3 -78.5 
v -14.2 0 -77.9 
v -14.2 0 -78.5 
v -14.2 0 -78.5 
v -1.89999 0 -78.5 
v -14.2 0 -77.9 
v -1.89999 0 -77.9 
v -14.2 4.3 -78.5 
v -1.89999 4.3 -78.5 
v -14.2 0 -78.5 
v -1.89999 0 -78.5 

vn 1 0 0 
vn 1 0 0 
vn 1 0 0 
vn 1 0 0 
vn 0 1 0 
vn 0 1 0 
vn 0 1 0 
vn 0 1 0 
vn 0 0 1 
vn 0 0 1 
vn 0 0 1 
vn 0 0 1 
vn -1 0 0 
vn -1 0 0 
vn -1 0 0 
vn -1 0 0 
vn 0 -1 0 
vn 0 -1 0 
vn 0 -1 0 
vn 0 -1 0 
vn 0 0 -1 
vn 0 0 -1 
vn 0 0 -1 
vn 0 0 -1 

vt 3.575 0.75 
vt 3.5 0.75 
vt 3.575 0.2125 
vt 3.5 0.2125 
vt 5.0375 0.75 
vt 3.5 0.75 
vt 5.0375 0.675 
vt 3.5 0.675 
vt 5.0375 0.75 
vt 3.5 0.75 
vt 5.0375 0.2125 
vt 3.5 0.2125 
vt 3.575 0.75 
vt 3.5 0.75 
vt 3.575 0.2125 
vt 3.5 0.2125 
vt 5.0375 0.75 
vt 3.5 0.75 
vt 5.0375 0.675 
vt 3.5 0.675 
vt 5.0375 0.75 
vt 3.5 0.75 
vt 5.0375 0.2125 
vt 3.5 0.2125 

usemtl Part2Mtl

f 611/611/611 612/612/612 613/613/613 
f 613/613/613 612/612/612 614/614/614 
f 615/615/615 616/616/616 617/617/617 
f 617/617/617 616/616/616 618/618/618 
f 619/619/619 620/620/620 621/621/621 
f 621/621/621 620/620/620 622/622/622 
f 623/623/623 624/624/624 625/625/625 
f 625/625/625 624/624/624 626/626/626 
f 627/627/627 628/628/628 629/629/629 
f 629/629/629 628/628/628 630/630/630 
f 631/631/631 632/632/632 633/633/633 
f 633/633/633 632/632/632 634/634/634 

g Part24

v -14.22 4.3 -77.9 
v -14.22 4.3 -78.5 
v -14.22 0 -77.9 
v -14.22 0 -78.5 

vn -1 0 0 
vn -1 0 0 
vn -1 0 0 
vn -1 0 0 

vt 0.3 1 
vt 0 1 
vt 0.3 -1.15 
vt 0 -1.15 

usemtl Part3Mtl

f 635/635/635 636/636/636 637/637/637 
f 637/637/637 636/636/636 638/638/638 

g Part25

v -1.89999 4.3 -77.88 
v -14.2 4.3 -77.88 
v -1.89999 0 -77.88 
v -14.2 0 -77.88 

vn 0 0 1 
vn 0 0 1 
vn 0 0 1 
vn 0 0 1 

vt 6.15 1 
vt 0 1 
vt 6.15 -1.15 
vt 0 -1.15 

usemtl Part3Mtl

f 639/639/639 640/640/640 641/641/641 
f 641/641/641 640/640/640 642/642/642 

g Part26

v -14.2 4.32 -77.9 
v -1.89999 4.32 -77.9 
v -14.2 4.32 -78.5 
v -1.89999 4.32 -78.5 

vn 0 1 0 
vn 0 1 0 
vn 0 1 0 
vn 0 1 0 

vt 6.15 1 
vt 0 1 
vt 6.15 0.7 
vt 0 0.7 

usemtl Part3Mtl

f 643/643/643 644/644/644 645/645/645 
f 645/645/645 644/644/644 646/646/646 

g Part27

v -14.2 4.3 -78.52 
v -1.89999 4.3 -78.52 
v -14.2 0 -78.52 
v -1.89999 0 -78.52 

vn 0 0 -1 
vn 0 0 -1 
vn 0 0 -1 
vn 0 0 -1 

vt 6.15 1 
vt 0 1 
vt 6.15 -1.15 
vt 0 -1.15 

usemtl Part3Mtl

f 647/647/647 648/648/648 649/649/649 
f 649/649/649 648/648/648 650/650/650 

g Part28

v -1.87999 4.3 -78.5 
v -1.87999 4.3 -77.9 
v -1.87999 0 -78.5 
v -1.87999 0 -77.9 

vn 1 0 0 
vn 1 0 0 
vn 1 0 0 
vn 1 0 0 

vt 0.3 1 
vt 0 1 
vt 0.3 -1.15 
vt 0 -1.15 

usemtl Part3Mtl

f 651/651/651 652/652/652 653/653/653 
f 653/653/653 652/652/652 654/654/654 

g Part29

v -1.89999 -0.02 -77.9 
v -14.2 -0.02 -77.9 
v -1.89999 -0.02 -78.5 
v -14.2 -0.02 -78.5 

vn 0 -1 0 
vn 0 -1 0 
vn 0 -1 0 
vn 0 -1 0 

vt 6.15 1 
vt 0 1 
vt 6.15 0.7 
vt 0 0.7 

usemtl Part3Mtl

f 655/655/655 656/656/656 657/657/657 
f 657/657/657 656/656/656 658/658/658 

g Part30

v -7.19999 4.3 -77.9 
v -6.59999 4.3 -77.9 
v -7.19999 0 -77.9 
v -6.59999 0 -77.9 
v -6.59999 4.3 -69.4 
v -6.59999 4.3 -77.9 
v -7.19999 4.3 -69.4 
v -7.19999 4.3 -77.9 
v -6.59999 4.3 -77.9 
v -6.59999 4.3 -69.4 
v -6.59999 0 -77.9 
v -6.59999 0 -69.4 
v -6.59999 4.3 -69.4 
v -7.19999 4.3 -69.4 
v -6.59999 0 -69.4 
v -7.19999 0 -69.4 
v -7.19999 0 -69.4 
v -7.19999 0 -77.9 
v -6.59999 0 -69.4 
v -6.59999 0 -77.9 
v -7.19999 4.3 -69.4 
v -7.19999 4.3 -77.9 
v -7.19999 0 -69.4 
v -7.19999 0 -77.9 

vn 0 0 -1 
vn 0 0 -1 
vn 0 0 -1 
vn 0 0 -1 
vn 0 1 0 
vn 0 1 0 
vn 0 1 0 
vn 0 1 0 
vn 1 0 0 
vn 1 0 0 
vn 1 0 0 
vn 1 0 0 
vn 0 0 1 
vn 0 0 1 
vn 0 0 1 
vn 0 0 1 
vn 0 -1 0 
vn 0 -1 0 
vn 0 -1 0 
vn 0 -1 0 
vn -1 0 0 
vn -1 0 0 
vn -1 0 0 
vn -1 0 0 

vt 6.825 0 
vt 6.75 0 
vt 6.825 -0.5375 
vt 6.75 -0.5375 
vt 7.8125 0 
vt 6.75 0 
vt 7.8125 -0.075 
vt 6.75 -0.075 
vt 7.8125 0 
vt 6.75 0 
vt 7.8125 -0.5375 
vt 6.75 -0.5375 
vt 6.825 0 
vt 6.75 0 
vt 6.825 -0.5375 
vt 6.75 -0.5375 
vt 7.8125 0 
vt 6.75 0 
vt 7.8125 -0.075 
vt 6.75 -0.075 
vt 7.8125 0 
vt 6.75 0 
vt 7.8125 -0.5375 
vt 6.75 -0.5375 

usemtl Part2Mtl

f 659/659/659 660/660/660 661/661/661 
f 661/661/661 660/660/660 662/662/662 
f 663/663/663 664/664/664 665/665/665 
f 665/665/665 664/664/664 666/666/666 
f 667/667/667 668/668/668 669/669/669 
f 669/669/669 668/668/668 670/670/670 
f 671/671/671 672/672/672 673/673/673 
f 673/673/673 672/672/672 674/674/674 
f 675/675/675 676/676/676 677/677/677 
f 677/677/677 676/676/676 678/678/678 
f 679/679/679 680/680/680 681/681/681 
f 681/681/681 680/680/680 682/682/682 

g Part31

v -6.59999 4.3 -69.38 
v -7.19999 4.3 -69.38 
v -6.59999 0 -69.38 
v -7.19999 0 -69.38 

vn 0 0 1 
vn 0 0 1 
vn 0 0 1 
vn 0 0 1 

vt 0.3 1 
vt 0 1 
vt 0.3 -1.15 
vt 0 -1.15 

usemtl Part3Mtl

f 683/683/683 684/684/684 685/685/685 
f 685/685/685 684/684/684 686/686/686 

g Part32

v -6.57999 4.3 -77.9 
v -6.57999 4.3 -69.4 
v -6.57999 0 -77.9 
v -6.57999 0 -69.4 

vn 1 0 0 
vn 1 0 0 
vn 1 0 0 
vn 1 0 0 

vt 4.25 1 
vt 0 1 
vt 4.25 -1.15 
vt 0 -1.15 

usemtl Part3Mtl

f 687/687/687 688/688/688 689/689/689 
f 689/689/689 688/688/688 690/690/690 

g Part33

v -6.59999 4.32 -69.4 
v -6.59999 4.32 -77.9 
v -7.19999 4.32 -69.4 
v -7.19999 4.32 -77.9 

vn 0 1 0 
vn 0 1 0 
vn 0 1 0 
vn 0 1 0 

vt 4.25 1 
vt 0 1 
vt 4.25 0.7 
vt 0 0.7 

usemtl Part3Mtl

f 691/691/691 692/692/692 693/693/693 
f 693/693/693 692/692/692 694/694/694 

g Part34

v -7.21999 4.3 -69.4 
v -7.21999 4.3 -77.9 
v -7.21999 0 -69.4 
v -7.21999 0 -77.9 

vn -1 0 0 
vn -1 0 0 
vn -1 0 0 
vn -1 0 0 

vt 4.25 1 
vt 0 1 
vt 4.25 -1.15 
vt 0 -1.15 

usemtl Part3Mtl

f 695/695/695 696/696/696 697/697/697 
f 697/697/697 696/696/696 698/698/698 

g Part35

v -7.19999 4.3 -77.92 
v -6.59999 4.3 -77.92 
v -7.19999 0 -77.92 
v -6.59999 0 -77.92 

vn 0 0 -1 
vn 0 0 -1 
vn 0 0 -1 
vn 0 0 -1 

vt 0.3 1 
vt 0 1 
vt 0.3 -1.15 
vt 0 -1.15 

usemtl Part3Mtl

f 699/699/699 700/700/700 701/701/701 
f 701/701/701 700/700/700 702/702/702 

g Part36

v -6.59999 -0.02 -77.9 
v -6.59999 -0.02 -69.4 
v -7.19999 -0.02 -77.9 
v -7.19999 -0.02 -69.4 

vn 0 -1 0 
vn 0 -1 0 
vn 0 -1 0 
vn 0 -1 0 

vt 4.25 1 
vt 0 1 
vt 4.25 0.7 
vt 0 0.7 

usemtl Part3Mtl

f 703/703/703 704/704/704 705/705/705 
f 705/705/705 704/704/704 706/706/706 

g Part37

v -7.19999 4.28466 -77.9 
v -7.19999 4.28466 -68.8 
v -7.19999 0 -77.9 
v -7.19999 0 -68.8 
v -14.2 4.28466 -68.8 
v -7.19999 4.28466 -68.8 
v -14.2 4.28466 -77.9 
v -7.19999 4.28466 -77.9 
v -7.19999 4.28466 -68.8 
v -14.2 4.28466 -68.8 
v -7.19999 0 -68.8 
v -14.2 0 -68.8 
v -14.2 4.28466 -68.8 
v -14.2 4.28466 -77.9 
v -14.2 0 -68.8 
v -14.2 0 -77.9 
v -14.2 0 -77.9 
v -7.19999 0 -77.9 
v -14.2 0 -68.8 
v -7.19999 0 -68.8 
v -14.2 4.28466 -77.9 
v -7.19999 4.28466 -77.9 
v -14.2 0 -77.9 
v -7.19999 0 -77.9 

vn 1 0 0 
vn 1 0 0 
vn 1 0 0 
vn 1 0 0 
vn 0 1 0 
vn 0 1 0 
vn 0 1 0 
vn 0 1 0 
vn 0 0 1 
vn 0 0 1 
vn 0 0 1 
vn 0 0 1 
vn -1 0 0 
vn -1 0 0 
vn -1 0 0 
vn -1 0 0 
vn 0 -1 0 
vn 0 -1 0 
vn 0 -1 0 
vn 0 -1 0 
vn 0 0 -1 
vn 0 0 -1 
vn 0 0 -1 
vn 0 0 -1 

vt 4.55 1 
vt 0 1 
vt 4.55 -1.14233 
vt 0 -1.14233 
vt 3.5 1 
vt 0 1 
vt 3.5 -3.55 
vt 0 -3.55 
vt 3.5 1 
vt 0 1 
vt 3.5 -1.14233 
vt 0 -1.14233 
vt 4.55 1 
vt 0 1 
vt 4.55 -1.14233 
vt 0 -1.14233 
vt 3.5 1 
vt 0 1 
vt 3.5 -3.55 
vt 0 -3.55 
vt 3.5 1 
vt 0 1 
vt 3.5 -1.14233 
vt 0 -1.14233 

usemtl Part1Mtl

f 707/707/707 708/708/708 709/709/709 
f 709/709/709 708/708/708 710/710/710 
f 711/711/711 712/712/712 713/713/713 
f 713/713/713 712/712/712 714/714/714 
f 715/715/715 716/716/716 717/717/717 
f 717/717/717 716/716/716 718/718/718 
f 719/719/719 720/720/720 721/721/721 
f 721/721/721 720/720/720 722/722/722 
f 723/723/723 724/724/724 725/725/725 
f 725/725/725 724/724/724 726/726/726 
f 727/727/727 728/728/728 729/729/729 
f 729/729/729 728/728/728 730/730/730 

g Part38

v -3.09999 9.7 -95.1 
v -2.29999 9.7 -95.1 
v -3.09999 9.53674e-07 -95.1 
v -2.29999 9.53674e-07 -95.1 
v -2.29999 9.7 -93.6 
v -2.29999 9.7 -95.1 
v -3.09999 9.7 -93.6 
v -3.09999 9.7 -95.1 
v -2.29999 9.7 -95.1 
v -2.29999 9.7 -93.6 
v -2.29999 9.53674e-07 -95.1 
v -2.29999 9.53674e-07 -93.6 
v -2.29999 9.7 -93.6 
v -3.09999 9.7 -93.6 
v -2.29999 9.53674e-07 -93.6 
v -3.09999 9.53674e-07 -93.6 
v -3.09999 9.53674e-07 -93.6 
v -3.09999 9.53674e-07 -95.1 
v -2.29999 9.53674e-07 -93.6 
v -2.29999 9.53674e-07 -95.1 
v -3.09999 9.7 -93.6 
v -3.09999 9.7 -95.1 
v -3.09999 9.53674e-07 -93.6 
v -3.09999 9.53674e-07 -95.1 

vn 0 0 -1 
vn 0 0 -1 
vn 0 0 -1 
vn 0 0 -1 
vn 0 1 0 
vn 0 1 0 
vn 0 1 0 
vn 0 1 0 
vn 1 0 0 
vn 1 0 0 
vn 1 0 0 
vn 1 0 0 
vn 0 0 1 
vn 0 0 1 
vn 0 0 1 
vn 0 0 1 
vn 0 -1 0 
vn 0 -1 0 
vn 0 -1 0 
vn 0 -1 0 
vn -1 0 0 
vn -1 0 0 
vn -1 0 0 
vn -1 0 0 

vt 6.1 -2.5 
vt 6 -2.5 
vt 6.1 -3.7125 
vt 6 -3.7125 
vt 6.1875 -2.5 
vt 6 -2.5 
vt 6.1875 -2.6 
vt 6 -2.6 
vt 6.1875 -2.5 
vt 6 -2.5 
vt 6.1875 -3.7125 
vt 6 -3.7125 
vt 6.1 -2.5 
vt 6 -2.5 
vt 6.1 -3.7125 
vt 6 -3.7125 
vt 6.1875 -2.5 
vt 6 -2.5 
vt 6.1875 -2.6 
vt 6 -2.6 
vt 6.1875 -2.5 
vt 6 -2.5 
vt 6.1875 -3.7125 
vt 6 -3.7125 

usemtl Part2Mtl

f 731/731/731 732/732/732 733/733/733 
f 733/733/733 732/732/732 734/734/734 
f 735/735/735 736/736/736 737/737/737 
f 737/737/737 736/736/736 738/738/738 
f 739/739/739 740/740/740 741/741/741 
f 741/741/741 740/740/740 742/742/742 
f 743/743/743 744/744/744 745/745/745 
f 745/745/745 744/744/744 746/746/746 
f 747/747/747 748/748/748 749/749/749 
f 749/749/749 748/748/748 750/750/750 
f 751/751/751 752/752/752 753/753/753 
f 753/753/753 752/752/752 754/754/754 

g Part39

v -2.29999 9.7 -93.58 
v -3.09999 9.7 -93.58 
v -2.29999 9.53674e-07 -93.58 
v -3.09999 9.53674e-07 -93.58 

vn 0 0 1 
vn 0 0 1 
vn 0 0 1 
vn 0 0 1 

vt 0.4 1 
vt 0 1 
vt 0.4 -3.85 
vt 0 -3.85 

usemtl Part3Mtl

f 755/755/755 756/756/756 757/757/757 
f 757/757/757 756/756/756 758/758/758 

g Part40

v -2.27999 9.7 -95.1 
v -2.27999 9.7 -93.6 
v -2.27999 9.53674e-07 -95.1 
v -2.27999 9.53674e-07 -93.6 

vn 1 0 0 
vn 1 0 0 
vn 1 0 0 
vn 1 0 0 

vt 0.75 1 
vt 0 1 
vt 0.75 -3.85 
vt 0 -3.85 

usemtl Part3Mtl

f 759/759/759 760/760/760 761/761/761 
f 761/761/761 760/760/760 762/762/762 

g Part41

v -2.29999 9.72 -93.6 
v -2.29999 9.72 -95.1 
v -3.09999 9.72 -93.6 
v -3.09999 9.72 -95.1 

vn 0 1 0 
vn 0 1 0 
vn 0 1 0 
vn 0 1 0 

vt 0.75 1 
vt 0 1 
vt 0.75 0.6 
vt 0 0.6 

usemtl Part3Mtl

f 763/763/763 764/764/764 765/765/765 
f 765/765/765 764/764/764 766/766/766 

g Part42

v -3.11999 9.7 -93.6 
v -3.11999 9.7 -95.1 
v -3.11999 9.53674e-07 -93.6 
v -3.11999 9.53674e-07 -95.1 

vn -1 0 0 
vn -1 0 0 
vn -1 0 0 
vn -1 0 0 

vt 0.75 1 
vt 0 1 
vt 0.75 -3.85 
vt 0 -3.85 

usemtl Part3Mtl

f 767/767/767 768/768/768 769/769/769 
f 769/769/769 768/768/768 770/770/770 

g Part43

v -3.09999 9.7 -95.12 
v -2.29999 9.7 -95.12 
v -3.09999 9.53674e-07 -95.12 
v -2.29999 9.53674e-07 -95.12 

vn 0 0 -1 
vn 0 0 -1 
vn 0 0 -1 
vn 0 0 -1 

vt 0.4 1 
vt 0 1 
vt 0.4 -3.85 
vt 0 -3.85 

usemtl Part3Mtl

f 771/771/771 772/772/772 773/773/773 
f 773/773/773 772/772/772 774/774/774 

g Part44

v -2.29999 -0.019999 -95.1 
v -2.29999 -0.019999 -93.6 
v -3.09999 -0.019999 -95.1 
v -3.09999 -0.019999 -93.6 

vn 0 -1 0 
vn 0 -1 0 
vn 0 -1 0 
vn 0 -1 0 

vt 0.75 1 
vt 0 1 
vt 0.75 0.6 
vt 0 0.6 

usemtl Part3Mtl

f 775/775/775 776/776/776 777/777/777 
f 777/777/777 776/776/776 778/778/778 

g Part45

v -2.29998 9.8 -95.9 
v -2.29998 9.8 -95.1 
v -2.29998 9.7 -95.9 
v -2.29998 9.7 -95.1 
v -12.3 9.8 -95.1 
v -2.29998 9.8 -95.1 
v -12.3 9.8 -95.9 
v -2.29998 9.8 -95.9 
v -2.29998 9.8 -95.1 
v -12.3 9.8 -95.1 
v -2.29998 9.7 -95.1 
v -12.3 9.7 -95.1 
v -12.3 9.8 -95.1 
v -12.3 9.8 -95.9 
v -12.3 9.7 -95.1 
v -12.3 9.7 -95.9 
v -12.3 9.7 -95.9 
v -2.29998 9.7 -95.9 
v -12.3 9.7 -95.1 
v -2.29998 9.7 -95.1 
v -12.3 9.8 -95.9 
v -2.29998 9.8 -95.9 
v -12.3 9.7 -95.9 
v -2.29998 9.7 -95.9 

vn 1 0 0 
vn 1 0 0 
vn 1 0 0 
vn 1 0 0 
vn 0 1 0 
vn 0 1 0 
vn 0 1 0 
vn 0 1 0 
vn 0 0 1 
vn 0 0 1 
vn 0 0 1 
vn 0 0 1 
vn -1 0 0 
vn -1 0 0 
vn -1 0 0 
vn -1 0 0 
vn 0 -1 0 
vn 0 -1 0 
vn 0 -1 0 
vn 0 -1 0 
vn 0 0 -1 
vn 0 0 -1 
vn 0 0 -1 
vn 0 0 -1 

vt 7.6 0.75 
vt 7.5 0.75 
vt 7.6 0.7375 
vt 7.5 0.7375 
vt 8.75 0.75 
vt 7.5 0.75 
vt 8.75 0.65 
vt 7.5 0.65 
vt 8.75 0.75 
vt 7.5 0.75 
vt 8.75 0.7375 
vt 7.5 0.7375 
vt 7.6 0.75 
vt 7.5 0.75 
vt 7.6 0.7375 
vt 7.5 0.7375 
vt 8.75 0.75 
vt 7.5 0.75 
vt 8.75 0.65 
vt 7.5 0.65 
vt 8.75 0.75 
vt 7.5 0.75 
vt 8.75 0.7375 
vt 7.5 0.7375 

usemtl Part2Mtl

f 779/779/779 780/780/780 781/781/781 
f 781/781/781 780/780/780 782/782/782 
f 783/783/783 784/784/784 785/785/785 
f 785/785/785 784/784/784 786/786/786 
f 787/787/787 788/788/788 789/789/789 
f 789/789/789 788/788/788 790/790/790 
f 791/791/791 792/792/792 793/793/793 
f 793/793/793 792/792/792 794/794/794 
f 795/795/795 796/796/796 797/797/797 
f 797/797/797 796/796/796 798/798/798 
f 799/799/799 800/800/800 801/801/801 
f 801/801/801 800/800/800 802/802/802 

g Part46

v -12.32 9.8 -95.1 
v -12.32 9.8 -95.9 
v -12.32 9.7 -95.1 
v -12.32 9.7 -95.9 

vn -1 0 0 
vn -1 0 0 
vn -1 0 0 
vn -1 0 0 

vt 0.4 1 
vt 0 1 
vt 0.4 0.95 
vt 0 0.95 

usemtl Part46Mtl

f 803/803/803 804/804/804 805/805/805 
f 805/805/805 804/804/804 806/806/806 

g Part47

v -2.29998 9.8 -95.08 
v -12.3 9.8 -95.08 
v -2.29998 9.7 -95.08 
v -12.3 9.7 -95.08 

vn 0 0 1 
vn 0 0 1 
vn 0 0 1 
vn 0 0 1 

vt 5 1 
vt 0 1 
vt 5 0.95 
vt 0 0.95 

usemtl Part46Mtl

f 807/807/807 808/808/808 809/809/809 
f 809/809/809 808/808/808 810/810/810 

g Part48

v -12.3 9.82 -95.1 
v -2.29998 9.82 -95.1 
v -12.3 9.82 -95.9 
v -2.29998 9.82 -95.9 

vn 0 1 0 
vn 0 1 0 
vn 0 1 0 
vn 0 1 0 

vt 5 1 
vt 0 1 
vt 5 0.6 
vt 0 0.6 

usemtl Part46Mtl

f 811/811/811 812/812/812 813/813/813 
f 813/813/813 812/812/812 814/814/814 

g Part49

v -12.3 9.8 -95.92 
v -2.29998 9.8 -95.92 
v -12.3 9.7 -95.92 
v -2.29998 9.7 -95.92 

vn 0 0 -1 
vn 0 0 -1 
vn 0 0 -1 
vn 0 0 -1 

vt 5 1 
vt 0 1 
vt 5 0.95 
vt 0 0.95 

usemtl Part46Mtl

f 815/815/815 816/816/816 817/817/817 
f 817/817/817 816/816/816 818/818/818 

g Part50

v -2.27998 9.8 -95.9 
v -2.27998 9.8 -95.1 
v -2.27998 9.7 -95.9 
v -2.27998 9.7 -95.1 

vn 1 0 0 
vn 1 0 0 
vn 1 0 0 
vn 1 0 0 

vt 0.4 1 
vt 0 1 
vt 0.4 0.95 
vt 0 0.95 

usemtl Part46Mtl

f 819/819/819 820/820/820 821/821/821 
f 821/821/821 820/820/820 822/822/822 

g Part51

v -2.29998 9.68 -95.1 
v -12.3 9.68 -95.1 
v -2.29998 9.68 -95.9 
v -12.3 9.68 -95.9 

vn 0 -1 0 
vn 0 -1 0 
vn 0 -1 0 
vn 0 -1 0 

vt 5 1 
vt 0 1 
vt 5 0.6 
vt 0 0.6 

usemtl Part46Mtl

f 823/823/823 824/824/824 825/825/825 
f 825/825/825 824/824/824 826/826/826 

g Part52

v -2.29999 9.8 -95.1 
v -2.29999 9.8 -93.6 
v -2.29999 9.7 -95.1 
v -2.29999 9.7 -93.6 
v -3.09999 9.8 -93.6 
v -2.29999 9.8 -93.6 
v -3.09999 9.8 -95.1 
v -2.29999 9.8 -95.1 
v -2.29999 9.8 -93.6 
v -3.09999 9.8 -93.6 
v -2.29999 9.7 -93.6 
v -3.09999 9.7 -93.6 
v -3.09999 9.8 -93.6 
v -3.09999 9.8 -95.1 
v -3.09999 9.7 -93.6 
v -3.09999 9.7 -95.1 
v -3.09999 9.7 -95.1 
v -2.29999 9.7 -95.1 
v -3.09999 9.7 -93.6 
v -2.29999 9.7 -93.6 
v -3.09999 9.8 -95.1 
v -2.29999 9.8 -95.1 
v -3.09999 9.7 -95.1 
v -2.29999 9.7 -95.1 

vn 1 0 0 
vn 1 0 0 
vn 1 0 0 
vn 1 0 0 
vn 0 1 0 
vn 0 1 0 
vn 0 1 0 
vn 0 1 0 
vn 0 0 1 
vn 0 0 1 
vn 0 0 1 
vn 0 0 1 
vn -1 0 0 
vn -1 0 0 
vn -1 0 0 
vn -1 0 0 
vn 0 -1 0 
vn 0 -1 0 
vn 0 -1 0 
vn 0 -1 0 
vn 0 0 -1 
vn 0 0 -1 
vn 0 0 -1 
vn 0 0 -1 

vt 1.4375 -4.5 
vt 1.25 -4.5 
vt 1.4375 -4.5125 
vt 1.25 -4.5125 
vt 1.35 -4.5 
vt 1.25 -4.5 
vt 1.35 -4.6875 
vt 1.25 -4.6875 
vt 1.35 -4.5 
vt 1.25 -4.5 
vt 1.35 -4.5125 
vt 1.25 -4.5125 
vt 1.4375 -4.5 
vt 1.25 -4.5 
vt 1.4375 -4.5125 
vt 1.25 -4.5125 
vt 1.35 -4.5 
vt 1.25 -4.5 
vt 1.35 -4.6875 
vt 1.25 -4.6875 
vt 1.35 -4.5 
vt 1.25 -4.5 
vt 1.35 -4.5125 
vt 1.25 -4.5125 

usemtl Part2Mtl

f 827/827/827 828/828/828 829/829/829 
f 829/829/829 828/828/828 830/830/830 
f 831/831/831 832/832/832 833/833/833 
f 833/833/833 832/832/832 834/834/834 
f 835/835/835 836/836/836 837/837/837 
f 837/837/837 836/836/836 838/838/838 
f 839/839/839 840/840/840 841/841/841 
f 841/841/841 840/840/840 842/842/842 
f 843/843/843 844/844/844 845/845/845 
f 845/845/845 844/844/844 846/846/846 
f 847/847/847 848/848/848 849/849/849 
f 849/849/849 848/848/848 850/850/850 

g Part53

v -3.11999 9.8 -93.6 
v -3.11999 9.8 -95.1 
v -3.11999 9.7 -93.6 
v -3.11999 9.7 -95.1 

vn -1 0 0 
vn -1 0 0 
vn -1 0 0 
vn -1 0 0 

vt 0.75 1 
vt 0 1 
vt 0.75 0.95 
vt 0 0.95 

usemtl Part46Mtl

f 851/851/851 852/852/852 853/853/853 
f 853/853/853 852/852/852 854/854/854 

g Part54

v -2.29999 9.8 -93.58 
v -3.09999 9.8 -93.58 
v -2.29999 9.7 -93.58 
v -3.09999 9.7 -93.58 

vn 0 0 1 
vn 0 0 1 
vn 0 0 1 
vn 0 0 1 

vt 0.4 1 
vt 0 1 
vt 0.4 0.95 
vt 0 0.95 

usemtl Part46Mtl

f 855/855/855 856/856/856 857/857/857 
f 857/857/857 856/856/856 858/858/858 

g Part55

v -3.09999 9.82 -93.6 
v -2.29999 9.82 -93.6 
v -3.09999 9.82 -95.1 
v -2.29999 9.82 -95.1 

vn 0 1 0 
vn 0 1 0 
vn 0 1 0 
vn 0 1 0 

vt 0.4 1 
vt 0 1 
vt 0.4 0.25 
vt 0 0.25 

usemtl Part46Mtl

f 859/859/859 860/860/860 861/861/861 
f 861/861/861 860/860/860 862/862/862 

g Part56

v -3.09999 9.8 -95.12 
v -2.29999 9.8 -95.12 
v -3.09999 9.7 -95.12 
v -2.29999 9.7 -95.12 

vn 0 0 -1 
vn 0 0 -1 
vn 0 0 -1 
vn 0 0 -1 

vt 0.4 1 
vt 0 1 
vt 0.4 0.95 
vt 0 0.95 

usemtl Part46Mtl

f 863/863/863 864/864/864 865/865/865 
f 865/865/865 864/864/864 866/866/866 

g Part57

v -2.27999 9.8 -95.1 
v -2.27999 9.8 -93.6 
v -2.27999 9.7 -95.1 
v -2.27999 9.7 -93.6 

vn 1 0 0 
vn 1 0 0 
vn 1 0 0 
vn 1 0 0 

vt 0.75 1 
vt 0 1 
vt 0.75 0.95 
vt 0 0.95 

usemtl Part46Mtl

f 867/867/867 868/868/868 869/869/869 
f 869/869/869 868/868/868 870/870/870 

g Part58

v -2.29999 9.68 -93.6 
v -3.09999 9.68 -93.6 
v -2.29999 9.68 -95.1 
v -3.09999 9.68 -95.1 

vn 0 -1 0 
vn 0 -1 0 
vn 0 -1 0 
vn 0 -1 0 

vt 0.4 1 
vt 0 1 
vt 0.4 0.25 
vt 0 0.25 

usemtl Part46Mtl

f 871/871/871 872/872/872 873/873/873 
f 873/873/873 872/872/872 874/874/874 

g Part59

v -4.99999 8.9 -78.5 
v -4.99999 8.9 -76.9 
v -4.99999 8.8 -78.5 
v -4.99999 8.8 -76.9 
v -6.59999 8.9 -76.9 
v -4.99999 8.9 -76.9 
v -6.59999 8.9 -78.5 
v -4.99999 8.9 -78.5 
v -4.99999 8.9 -76.9 
v -6.59999 8.9 -76.9 
v -4.99999 8.8 -76.9 
v -6.59999 8.8 -76.9 
v -6.59999 8.9 -76.9 
v -6.59999 8.9 -78.5 
v -6.59999 8.8 -76.9 
v -6.59999 8.8 -78.5 
v -6.59999 8.8 -78.5 
v -4.99999 8.8 -78.5 
v -6.59999 8.8 -76.9 
v -4.99999 8.8 -76.9 
v -6.59999 8.9 -78.5 
v -4.99999 8.9 -78.5 
v -6.59999 8.8 -78.5 
v -4.99999 8.8 -78.5 

vn 1 0 0 
vn 1 0 0 
vn 1 0 0 
vn 1 0 0 
vn 0 1 0 
vn 0 1 0 
vn 0 1 0 
vn 0 1 0 
vn 0 0 1 
vn 0 0 1 
vn 0 0 1 
vn 0 0 1 
vn -1 0 0 
vn -1 0 0 
vn -1 0 0 
vn -1 0 0 
vn 0 -1 0 
vn 0 -1 0 
vn 0 -1 0 
vn 0 -1 0 
vn 0 0 -1 
vn 0 0 -1 
vn 0 0 -1 
vn 0 0 -1 

vt 5.45 -4.75 
vt 5.25 -4.75 
vt 5.45 -4.7625 
vt 5.25 -4.7625 
vt 5.45 -4.75 
vt 5.25 -4.75 
vt 5.45 -4.95 
vt 5.25 -4.95 
vt 5.45 -4.75 
vt 5.25 -4.75 
vt 5.45 -4.7625 
vt 5.25 -4.7625 
vt 5.45 -4.75 
vt 5.25 -4.75 
vt 5.45 -4.7625 
vt 5.25 -4.7625 
vt 5.45 -4.75 
vt 5.25 -4.75 
vt 5.45 -4.95 
vt 5.25 -4.95 
vt 5.45 -4.75 
vt 5.25 -4.75 
vt 5.45 -4.7625 
vt 5.25 -4.7625 

usemtl Part2Mtl

f 875/875/875 876/876/876 877/877/877 
f 877/877/877 876/876/876 878/878/878 
f 879/879/879 880/880/880 881/881/881 
f 881/881/881 880/880/880 882/882/882 
f 883/883/883 884/884/884 885/885/885 
f 885/885/885 884/884/884 886/886/886 
f 887/887/887 888/888/888 889/889/889 
f 889/889/889 888/888/888 890/890/890 
f 891/891/891 892/892/892 893/893/893 
f 893/893/893 892/892/892 894/894/894 
f 895/895/895 896/896/896 897/897/897 
f 897/897/897 896/896/896 898/898/898 

g Part60

v -6.61999 8.9 -76.9 
v -6.61999 8.9 -78.5 
v -6.61999 8.8 -76.9 
v -6.61999 8.8 -78.5 

vn -1 0 0 
vn -1 0 0 
vn -1 0 0 
vn -1 0 0 

vt 0.8 1 
vt 0 1 
vt 0.8 0.95 
vt 0 0.95 

usemtl Part46Mtl

f 899/899/899 900/900/900 901/901/901 
f 901/901/901 900/900/900 902/902/902 

g Part61

v -4.99999 8.9 -76.88 
v -6.59999 8.9 -76.88 
v -4.99999 8.8 -76.88 
v -6.59999 8.8 -76.88 

vn 0 0 1 
vn 0 0 1 
vn 0 0 1 
vn 0 0 1 

vt 0.8 1 
vt 0 1 
vt 0.8 0.95 
vt 0 0.95 

usemtl Part46Mtl

f 903/903/903 904/904/904 905/905/905 
f 905/905/905 904/904/904 906/906/906 

g Part62

v -6.59999 8.92 -76.9 
v -4.99999 8.92 -76.9 
v -6.59999 8.92 -78.5 
v -4.99999 8.92 -78.5 

vn 0 1 0 
vn 0 1 0 
vn 0 1 0 
vn 0 1 0 

vt 0.8 1 
vt 0 1 
vt 0.8 0.2 
vt 0 0.2 

usemtl Part46Mtl

f 907/907/907 908/908/908 909/909/909 
f 909/909/909 908/908/908 910/910/910 

g Part63

v -6.59999 8.9 -78.52 
v -4.99999 8.9 -78.52 
v -6.59999 8.8 -78.52 
v -4.99999 8.8 -78.52 

vn 0 0 -1 
vn 0 0 -1 
vn 0 0 -1 
vn 0 0 -1 

vt 0.8 1 
vt 0 1 
vt 0.8 0.95 
vt 0 0.95 

usemtl Part46Mtl

f 911/911/911 912/912/912 913/913/913 
f 913/913/913 912/912/912 914/914/914 

g Part64

v -4.97999 8.9 -78.5 
v -4.97999 8.9 -76.9 
v -4.97999 8.8 -78.5 
v -4.97999 8.8 -76.9 

vn 1 0 0 
vn 1 0 0 
vn 1 0 0 
vn 1 0 0 

vt 0.8 1 
vt 0 1 
vt 0.8 0.95 
vt 0 0.95 

usemtl Part46Mtl

f 915/915/915 916/916/916 917/917/917 
f 917/917/917 916/916/916 918/918/918 

g Part65

v -4.99999 8.78 -76.9 
v -6.59999 8.78 -76.9 
v -4.99999 8.78 -78.5 
v -6.59999 8.78 -78.5 

vn 0 -1 0 
vn 0 -1 0 
vn 0 -1 0 
vn 0 -1 0 

vt 0.8 1 
vt 0 1 
vt 0.8 0.2 
vt 0 0.2 

usemtl Part46Mtl

f 919/919/919 920/920/920 921/921/921 
f 921/921/921 920/920/920 922/922/922 

g Part66

v -5.39998 9.8 -87.2 
v -5.39998 9.8 -86.4 
v -5.39998 9.7 -87.2 
v -5.39998 9.7 -86.4 
v -6.19999 9.8 -86.4 
v -5.39998 9.8 -86.4 
v -6.19999 9.8 -87.2 
v -5.39998 9.8 -87.2 
v -5.39998 9.8 -86.4 
v -6.19999 9.8 -86.4 
v -5.39998 9.7 -86.4 
v -6.19999 9.7 -86.4 
v -6.19999 9.8 -86.4 
v -6.19999 9.8 -87.2 
v -6.19999 9.7 -86.4 
v -6.19999 9.7 -87.2 
v -6.19999 9.7 -87.2 
v -5.39998 9.7 -87.2 
v -6.19999 9.7 -86.4 
v -5.39998 9.7 -86.4 
v -6.19999 9.8 -87.2 
v -5.39998 9.8 -87.2 
v -6.19999 9.7 -87.2 
v -5.39998 9.7 -87.2 

vn 1 0 0 
vn 1 0 0 
vn 1 0 0 
vn 1 0 0 
vn 0 1 0 
vn 0 1 0 
vn 0 1 0 
vn 0 1 0 
vn 0 0 1 
vn 0 0 1 
vn 0 0 1 
vn 0 0 1 
vn -1 0 0 
vn -1 0 0 
vn -1 0 0 
vn -1 0 0 
vn 0 -1 0 
vn 0 -1 0 
vn 0 -1 0 
vn 0 -1 0 
vn 0 0 -1 
vn 0 0 -1 
vn 0 0 -1 
vn 0 0 -1 

vt 4.6 -6.75 
vt 4.5 -6.75 
vt 4.6 -6.7625 
vt 4.5 -6.7625 
vt 4.6 -6.75 
vt 4.5 -6.75 
vt 4.6 -6.85 
vt 4.5 -6.85 
vt 4.6 -6.75 
vt 4.5 -6.75 
vt 4.6 -6.7625 
vt 4.5 -6.7625 
vt 4.6 -6.75 
vt 4.5 -6.75 
vt 4.6 -6.7625 
vt 4.5 -6.7625 
vt 4.6 -6.75 
vt 4.5 -6.75 
vt 4.6 -6.85 
vt 4.5 -6.85 
vt 4.6 -6.75 
vt 4.5 -6.75 
vt 4.6 -6.7625 
vt 4.5 -6.7625 

usemtl Part2Mtl

f 923/923/923 924/924/924 925/925/925 
f 925/925/925 924/924/924 926/926/926 
f 927/927/927 928/928/928 929/929/929 
f 929/929/929 928/928/928 930/930/930 
f 931/931/931 932/932/932 933/933/933 
f 933/933/933 932/932/932 934/934/934 
f 935/935/935 936/936/936 937/937/937 
f 937/937/937 936/936/936 938/938/938 
f 939/939/939 940/940/940 941/941/941 
f 941/941/941 940/940/940 942/942/942 
f 943/943/943 944/944/944 945/945/945 
f 945/945/945 944/944/944 946/946/946 

g Part67

v -6.21999 9.8 -86.4 
v -6.21999 9.8 -87.2 
v -6.21999 9.7 -86.4 
v -6.21999 9.7 -87.2 

vn -1 0 0 
vn -1 0 0 
vn -1 0 0 
vn -1 0 0 

vt 0.4 1 
vt 0 1 
vt 0.4 0.95 
vt 0 0.95 

usemtl Part46Mtl

f 947/947/947 948/948/948 949/949/949 
f 949/949/949 948/948/948 950/950/950 

g Part68

v -5.39998 9.8 -86.38 
v -6.19999 9.8 -86.38 
v -5.39998 9.7 -86.38 
v -6.19999 9.7 -86.38 

vn 0 0 1 
vn 0 0 1 
vn 0 0 1 
vn 0 0 1 

vt 0.4 1 
vt 0 1 
vt 0.4 0.95 
vt 0 0.95 

usemtl Part46Mtl

f 951/951/951 952/952/952 953/953/953 
f 953/953/953 952/952/952 954/954/954 

g Part69

v -6.19999 9.82 -86.4 
v -5.39998 9.82 -86.4 
v -6.19999 9.82 -87.2 
v -5.39998 9.82 -87.2 

vn 0 1 0 
vn 0 1 0 
vn 0 1 0 
vn 0 1 0 

vt 0.4 1 
vt 0 1 
vt 0.4 0.6 
vt 0 0.6 

usemtl Part46Mtl

f 955/955/955 956/956/956 957/957/957 
f 957/957/957 956/956/956 958/958/958 

g Part70

v -6.19999 9.8 -87.22 
v -5.39998 9.8 -87.22 
v -6.19999 9.7 -87.22 
v -5.39998 9.7 -87.22 

vn 0 0 -1 
vn 0 0 -1 
vn 0 0 -1 
vn 0 0 -1 

vt 0.4 1 
vt 0 1 
vt 0.4 0.95 
vt 0 0.95 

usemtl Part46Mtl

f 959/959/959 960/960/960 961/961/961 
f 961/961/961 960/960/960 962/962/962 

g Part71

v -5.37998 9.8 -87.2 
v -5.37998 9.8 -86.4 
v -5.37998 9.7 -87.2 
v -5.37998 9.7 -86.4 

vn 1 0 0 
vn 1 0 0 
vn 1 0 0 
vn 1 0 0 

vt 0.4 1 
vt 0 1 
vt 0.4 0.95 
vt 0 0.95 

usemtl Part46Mtl

f 963/963/963 964/964/964 965/965/965 
f 965/965/965 964/964/964 966/966/966 

g Part72

v -5.39998 9.68 -86.4 
v -6.19999 9.68 -86.4 
v -5.39998 9.68 -87.2 
v -6.19999 9.68 -87.2 

vn 0 -1 0 
vn 0 -1 0 
vn 0 -1 0 
vn 0 -1 0 

vt 0.4 1 
vt 0 1 
vt 0.4 0.6 
vt 0 0.6 

usemtl Part46Mtl

f 967/967/967 968/968/968 969/969/969 
f 969/969/969 968/968/968 970/970/970 

g Part73

v -6.59999 4.4 -78.5 
v -6.59999 4.4 -77.9 
v -6.59999 4.3 -78.5 
v -6.59999 4.3 -77.9 
v -14.2 4.4 -77.9 
v -6.59999 4.4 -77.9 
v -14.2 4.4 -78.5 
v -6.59999 4.4 -78.5 
v -6.59999 4.4 -77.9 
v -14.2 4.4 -77.9 
v -6.59999 4.3 -77.9 
v -14.2 4.3 -77.9 
v -14.2 4.4 -77.9 
v -14.2 4.4 -78.5 
v -14.2 4.3 -77.9 
v -14.2 4.3 -78.5 
v -14.2 4.3 -78.5 
v -6.59999 4.3 -78.5 
v -14.2 4.3 -77.9 
v -6.59999 4.3 -77.9 
v -14.2 4.4 -78.5 
v -6.59999 4.4 -78.5 
v -14.2 4.3 -78.5 
v -6.59999 4.3 -78.5 

vn 1 0 0 
vn 1 0 0 
vn 1 0 0 
vn 1 0 0 
vn 0 1 0 
vn 0 1 0 
vn 0 1 0 
vn 0 1 0 
vn 0 0 1 
vn 0 0 1 
vn 0 0 1 
vn 0 0 1 
vn -1 0 0 
vn -1 0 0 
vn -1 0 0 
vn -1 0 0 
vn 0 -1 0 
vn 0 -1 0 
vn 0 -1 0 
vn 0 -1 0 
vn 0 0 -1 
vn 0 0 -1 
vn 0 0 -1 
vn 0 0 -1 

vt 6.825 0 
vt 6.75 0 
vt 6.825 -0.0125 
vt 6.75 -0.0125 
vt 7.7 0 
vt 6.75 0 
vt 7.7 -0.075 
vt 6.75 -0.075 
vt 7.7 0 
vt 6.75 0 
vt 7.7 -0.0125 
vt 6.75 -0.0125 
vt 6.825 0 
vt 6.75 0 
vt 6.825 -0.0125 
vt 6.75 -0.0125 
vt 7.7 0 
vt 6.75 0 
vt 7.7 -0.075 
vt 6.75 -0.075 
vt 7.7 0 
vt 6.75 0 
vt 7.7 -0.0125 
vt 6.75 -0.0125 

usemtl Part2Mtl

f 971/971/971 972/972/972 973/973/973 
f 973/973/973 972/972/972 974/974/974 
f 975/975/975 976/976/976 977/977/977 
f 977/977/977 976/976/976 978/978/978 
f 979/979/979 980/980/980 981/981/981 
f 981/981/981 980/980/980 982/982/982 
f 983/983/983 984/984/984 985/985/985 
f 985/985/985 984/984/984 986/986/986 
f 987/987/987 988/988/988 989/989/989 
f 989/989/989 988/988/988 990/990/990 
f 991/991/991 992/992/992 993/993/993 
f 993/993/993 992/992/992 994/994/994 

g Part74

v -14.22 4.4 -77.9 
v -14.22 4.4 -78.5 
v -14.22 4.3 -77.9 
v -14.22 4.3 -78.5 

vn -1 0 0 
vn -1 0 0 
vn -1 0 0 
vn -1 0 0 

vt 0.3 1 
vt 0 1 
vt 0.3 0.95 
vt 0 0.95 

usemtl Part46Mtl

f 995/995/995 996/996/996 997/997/997 
f 997/997/997 996/996/996 998/998/998 

g Part75

v -6.59999 4.4 -77.88 
v -14.2 4.4 -77.88 
v -6.59999 4.3 -77.88 
v -14.2 4.3 -77.88 

vn 0 0 1 
vn 0 0 1 
vn 0 0 1 
vn 0 0 1 

vt 3.8 1 
vt 0 1 
vt 3.8 0.95 
vt 0 0.95 

usemtl Part46Mtl

f 999/999/999 1000/1000/1000 1001/1001/1001 
f 1001/1001/1001 1000/1000/1000 1002/1002/1002 

g Part76

v -14.2 4.42 -77.9 
v -6.59999 4.42 -77.9 
v -14.2 4.42 -78.5 
v -6.59999 4.42 -78.5 

vn 0 1 0 
vn 0 1 0 
vn 0 1 0 
vn 0 1 0 

vt 3.8 1 
vt 0 1 
vt 3.8 0.7 
vt 0 0.7 

usemtl Part46Mtl

f 1003/1003/1003 1004/1004/1004 1005/1005/1005 
f 1005/1005/1005 1004/1004/1004 1006/1006/1006 

g Part77

v -14.2 4.4 -78.52 
v -6.59999 4.4 -78.52 
v -14.2 4.3 -78.52 
v -6.59999 4.3 -78.52 

vn 0 0 -1 
vn 0 0 -1 
vn 0 0 -1 
vn 0 0 -1 

vt 3.8 1 
vt 0 1 
vt 3.8 0.95 
vt 0 0.95 

usemtl Part46Mtl

f 1007/1007/1007 1008/1008/1008 1009/1009/1009 
f 1009/1009/1009 1008/1008/1008 1010/1010/1010 

g Part78

v -6.57999 4.4 -78.5 
v -6.57999 4.4 -77.9 
v -6.57999 4.3 -78.5 
v -6.57999 4.3 -77.9 

vn 1 0 0 
vn 1 0 0 
vn 1 0 0 
vn 1 0 0 

vt 0.3 1 
vt 0 1 
vt 0.3 0.95 
vt 0 0.95 

usemtl Part46Mtl

f 1011/1011/1011 1012/1012/1012 1013/1013/1013 
f 1013/1013/1013 1012/1012/1012 1014/1014/1014 

g Part79

v -6.59999 4.28 -77.9 
v -14.2 4.28 -77.9 
v -6.59999 4.28 -78.5 
v -14.2 4.28 -78.5 

vn 0 -1 0 
vn 0 -1 0 
vn 0 -1 0 
vn 0 -1 0 

vt 3.8 1 
vt 0 1 
vt 3.8 0.7 
vt 0 0.7 

usemtl Part46Mtl

f 1015/1015/1015 1016/1016/1016 1017/1017/1017 
f 1017/1017/1017 1016/1016/1016 1018/1018/1018 

g Part80

v -7.19999 4.4 -77.9 
v -6.59999 4.4 -77.9 
v -7.19999 4.3 -77.9 
v -6.59999 4.3 -77.9 
v -6.59999 4.4 -68.8 
v -6.59999 4.4 -77.9 
v -7.19999 4.4 -68.8 
v -7.19999 4.4 -77.9 
v -6.59999 4.4 -77.9 
v -6.59999 4.4 -68.8 
v -6.59999 4.3 -77.9 
v -6.59999 4.3 -68.8 
v -6.59999 4.4 -68.8 
v -7.19999 4.4 -68.8 
v -6.59999 4.3 -68.8 
v -7.19999 4.3 -68.8 
v -7.19999 4.3 -68.8 
v -7.19999 4.3 -77.9 
v -6.59999 4.3 -68.8 
v -6.59999 4.3 -77.9 
v -7.19999 4.4 -68.8 
v -7.19999 4.4 -77.9 
v -7.19999 4.3 -68.8 
v -7.19999 4.3 -77.9 

vn 0 0 -1 
vn 0 0 -1 
vn 0 0 -1 
vn 0 0 -1 
vn 0 1 0 
vn 0 1 0 
vn 0 1 0 
vn 0 1 0 
vn 1 0 0 
vn 1 0 0 
vn 1 0 0 
vn 1 0 0 
vn 0 0 1 
vn 0 0 1 
vn 0 0 1 
vn 0 0 1 
vn 0 -1 0 
vn 0 -1 0 
vn 0 -1 0 
vn 0 -1 0 
vn -1 0 0 
vn -1 0 0 
vn -1 0 0 
vn -1 0 0 

vt 4.075 -2.5 
vt 4 -2.5 
vt 4.075 -2.5125 
vt 4 -2.5125 
vt 5.1375 -2.5 
vt 4 -2.5 
vt 5.1375 -2.575 
vt 4 -2.575 
vt 5.1375 -2.5 
vt 4 -2.5 
vt 5.1375 -2.5125 
vt 4 -2.5125 
vt 4.075 -2.5 
vt 4 -2.5 
vt 4.075 -2.5125 
vt 4 -2.5125 
vt 5.1375 -2.5 
vt 4 -2.5 
vt 5.1375 -2.575 
vt 4 -2.575 
vt 5.1375 -2.5 
vt 4 -2.5 
vt 5.1375 -2.5125 
vt 4 -2.5125 

usemtl Part2Mtl

f 1019/1019/1019 1020/1020/1020 1021/1021/1021 
f 1021/1021/1021 1020/1020/1020 1022/1022/1022 
f 1023/1023/1023 1024/1024/1024 1025/1025/1025 
f 1025/1025/1025 1024/1024/1024 1026/1026/1026 
f 1027/1027/1027 1028/1028/1028 1029/1029/1029 
f 1029/1029/1029 1028/1028/1028 1030/1030/1030 
f 1031/1031/1031 1032/1032/1032 1033/1033/1033 
f 1033/1033/1033 1032/1032/1032 1034/1034/1034 
f 1035/1035/1035 1036/1036/1036 1037/1037/1037 
f 1037/1037/1037 1036/1036/1036 1038/1038/1038 
f 1039/1039/1039 1040/1040/1040 1041/1041/1041 
f 1041/1041/1041 1040/1040/1040 1042/1042/1042 

g Part81

v -6.59999 4.4 -68.78 
v -7.19999 4.4 -68.78 
v -6.59999 4.3 -68.78 
v -7.19999 4.3 -68.78 

vn 0 0 1 
vn 0 0 1 
vn 0 0 1 
vn 0 0 1 

vt 0.3 1 
vt 0 1 
vt 0.3 0.95 
vt 0 0.95 

usemtl Part46Mtl

f 1043/1043/1043 1044/1044/1044 1045/1045/1045 
f 1045/1045/1045 1044/1044/1044 1046/1046/1046 

g Part82

v -6.57999 4.4 -77.9 
v -6.57999 4.4 -68.8 
v -6.57999 4.3 -77.9 
v -6.57999 4.3 -68.8 

vn 1 0 0 
vn 1 0 0 
vn 1 0 0 
vn 1 0 0 

vt 4.55 1 
vt 0 1 
vt 4.55 0.95 
vt 0 0.95 

usemtl Part46Mtl

f 1047/1047/1047 1048/1048/1048 1049/1049/1049 
f 1049/1049/1049 1048/1048/1048 1050/1050/1050 

g Part83

v -6.59999 4.42 -68.8 
v -6.59999 4.42 -77.9 
v -7.19999 4.42 -68.8 
v -7.19999 4.42 -77.9 

vn 0 1 0 
vn 0 1 0 
vn 0 1 0 
vn 0 1 0 

vt 4.55 1 
vt 0 1 
vt 4.55 0.7 
vt 0 0.7 

usemtl Part46Mtl

f 1051/1051/1051 1052/1052/1052 1053/1053/1053 
f 1053/1053/1053 1052/1052/1052 1054/1054/1054 

g Part84

v -7.21999 4.4 -68.8 
v -7.21999 4.4 -77.9 
v -7.21999 4.3 -68.8 
v -7.21999 4.3 -77.9 

vn -1 0 0 
vn -1 0 0 
vn -1 0 0 
vn -1 0 0 

vt 4.55 1 
vt 0 1 
vt 4.55 0.95 
vt 0 0.95 

usemtl Part46Mtl

f 1055/1055/1055 1056/1056/1056 1057/1057/1057 
f 1057/1057/1057 1056/1056/1056 1058/1058/1058 

g Part85

v -7.19999 4.4 -77.92 
v -6.59999 4.4 -77.92 
v -7.19999 4.3 -77.92 
v -6.59999 4.3 -77.92 

vn 0 0 -1 
vn 0 0 -1 
vn 0 0 -1 
vn 0 0 -1 

vt 0.3 1 
vt 0 1 
vt 0.3 0.95 
vt 0 0.95 

usemtl Part46Mtl

f 1059/1059/1059 1060/1060/1060 1061/1061/1061 
f 1061/1061/1061 1060/1060/1060 1062/1062/1062 

g Part86

v -6.59999 4.28 -77.9 
v -6.59999 4.28 -68.8 
v -7.19999 4.28 -77.9 
v -7.19999 4.28 -68.8 

vn 0 -1 0 
vn 0 -1 0 
vn 0 -1 0 
vn 0 -1 0 

vt 4.55 1 
vt 0 1 
vt 4.55 0.7 
vt 0 0.7 

usemtl Part46Mtl

f 1063/1063/1063 1064/1064/1064 1065/1065/1065 
f 1065/1065/1065 1064/1064/1064 1066/1066/1066 

g Part87

v -1.89999 4.4 -77.9 
v -4.99999 4.4 -77.9 
v -1.89999 4.3 -77.9 
v -4.99999 4.3 -77.9 
v -4.99999 4.4 -78.5 
v -4.99999 4.4 -77.9 
v -1.89999 4.4 -78.5 
v -1.89999 4.4 -77.9 
v -4.99999 4.4 -77.9 
v -4.99999 4.4 -78.5 
v -4.99999 4.3 -77.9 
v -4.99999 4.3 -78.5 
v -4.99999 4.4 -78.5 
v -1.89999 4.4 -78.5 
v -4.99999 4.3 -78.5 
v -1.89999 4.3 -78.5 
v -1.89999 4.3 -78.5 
v -1.89999 4.3 -77.9 
v -4.99999 4.3 -78.5 
v -4.99999 4.3 -77.9 
v -1.89999 4.4 -78.5 
v -1.89999 4.4 -77.9 
v -1.89999 4.3 -78.5 
v -1.89999 4.3 -77.9 

vn 0 0 1 
vn 0 0 1 
vn 0 0 1 
vn 0 0 1 
vn 0 1 0 
vn 0 1 0 
vn 0 1 0 
vn 0 1 0 
vn -1 0 0 
vn -1 0 0 
vn -1 0 0 
vn -1 0 0 
vn 0 0 -1 
vn 0 0 -1 
vn 0 0 -1 
vn 0 0 -1 
vn 0 -1 0 
vn 0 -1 0 
vn 0 -1 0 
vn 0 -1 0 
vn 1 0 0 
vn 1 0 0 
vn 1 0 0 
vn 1 0 0 

vt 5.1375 -1.75 
vt 4.75 -1.75 
vt 5.1375 -1.7625 
vt 4.75 -1.7625 
vt 4.825 -1.75 
vt 4.75 -1.75 
vt 4.825 -2.1375 
vt 4.75 -2.1375 
vt 4.825 -1.75 
vt 4.75 -1.75 
vt 4.825 -1.7625 
vt 4.75 -1.7625 
vt 5.1375 -1.75 
vt 4.75 -1.75 
vt 5.1375 -1.7625 
vt 4.75 -1.7625 
vt 4.825 -1.75 
vt 4.75 -1.75 
vt 4.825 -2.1375 
vt 4.75 -2.1375 
vt 4.825 -1.75 
vt 4.75 -1.75 
vt 4.825 -1.7625 
vt 4.75 -1.7625 

usemtl Part2Mtl

f 1067/1067/1067 1068/1068/1068 1069/1069/1069 
f 1069/1069/1069 1068/1068/1068 1070/1070/1070 
f 1071/1071/1071 1072/1072/1072 1073/1073/1073 
f 1073/1073/1073 1072/1072/1072 1074/1074/1074 
f 1075/1075/1075 1076/1076/1076 1077/1077/1077 
f 1077/1077/1077 1076/1076/1076 1078/1078/1078 
f 1079/1079/1079 1080/1080/1080 1081/1081/1081 
f 1081/1081/1081 1080/1080/1080 1082/1082/1082 
f 1083/1083/1083 1084/1084/1084 1085/1085/1085 
f 1085/1085/1085 1084/1084/1084 1086/1086/1086 
f 1087/1087/1087 1088/1088/1088 1089/1089/1089 
f 1089/1089/1089 1088/1088/1088 1090/1090/1090 

g Part88

v -4.99999 4.4 -78.52 
v -1.89999 4.4 -78.52 
v -4.99999 4.3 -78.52 
v -1.89999 4.3 -78.52 

vn 0 0 -1 
vn 0 0 -1 
vn 0 0 -1 
vn 0 0 -1 

vt 1.55 1 
vt 0 1 
vt 1.55 0.95 
vt 0 0.95 

usemtl Part46Mtl

f 1091/1091/1091 1092/1092/1092 1093/1093/1093 
f 1093/1093/1093 1092/1092/1092 1094/1094/1094 

g Part89

v -5.01999 4.4 -77.9 
v -5.01999 4.4 -78.5 
v -5.01999 4.3 -77.9 
v -5.01999 4.3 -78.5 

vn -1 0 0 
vn -1 0 0 
vn -1 0 0 
vn -1 0 0 

vt 0.3 1 
vt 0 1 
vt 0.3 0.95 
vt 0 0.95 

usemtl Part46Mtl

f 1095/1095/1095 1096/1096/1096 1097/1097/1097 
f 1097/1097/1097 1096/1096/1096 1098/1098/1098 

g Part90

v -4.99999 4.42 -78.5 
v -4.99999 4.42 -77.9 
v -1.89999 4.42 -78.5 
v -1.89999 4.42 -77.9 

vn 0 1 0 
vn 0 1 0 
vn 0 1 0 
vn 0 1 0 

vt 0.3 1 
vt 0 1 
vt 0.3 -0.55 
vt 0 -0.55 

usemtl Part46Mtl

f 1099/1099/1099 1100/1100/1100 1101/1101/1101 
f 1101/1101/1101 1100/1100/1100 1102/1102/1102 

g Part91

v -1.87999 4.4 -78.5 
v -1.87999 4.4 -77.9 
v -1.87999 4.3 -78.5 
v -1.87999 4.3 -77.9 

vn 1 0 0 
vn 1 0 0 
vn 1 0 0 
vn 1 0 0 

vt 0.3 1 
vt 0 1 
vt 0.3 0.95 
vt 0 0.95 

usemtl Part46Mtl

f 1103/1103/1103 1104/1104/1104 1105/1105/1105 
f 1105/1105/1105 1104/1104/1104 1106/1106/1106 

g Part92

v -1.89999 4.4 -77.88 
v -4.99999 4.4 -77.88 
v -1.89999 4.3 -77.88 
v -4.99999 4.3 -77.88 

vn 0 0 1 
vn 0 0 1 
vn 0 0 1 
vn 0 0 1 

vt 1.55 1 
vt 0 1 
vt 1.55 0.95 
vt 0 0.95 

usemtl Part46Mtl

f 1107/1107/1107 1108/1108/1108 1109/1109/1109 
f 1109/1109/1109 1108/1108/1108 1110/1110/1110 

g Part93

v -4.99999 4.28 -77.9 
v -4.99999 4.28 -78.5 
v -1.89999 4.28 -77.9 
v -1.89999 4.28 -78.5 

vn 0 -1 0 
vn 0 -1 0 
vn 0 -1 0 
vn 0 -1 0 

vt 0.3 1 
vt 0 1 
vt 0.3 -0.55 
vt 0 -0.55 

usemtl Part46Mtl

f 1111/1111/1111 1112/1112/1112 1113/1113/1113 
f 1113/1113/1113 1112/1112/1112 1114/1114/1114 

g Part94

v 2.70001 1.9 -79.1 
v 2.70001 1.9 -78.5 
v 2.70001 5.96046e-08 -79.1 
v 2.70001 5.96046e-08 -78.5 
v -1.89999 1.9 -78.5 
v 2.70001 1.9 -78.5 
v -1.89999 1.9 -79.1 
v 2.70001 1.9 -79.1 
v 2.70001 1.9 -78.5 
v -1.89999 1.9 -78.5 
v 2.70001 5.96046e-08 -78.5 
v -1.89999 5.96046e-08 -78.5 
v -1.89999 1.9 -78.5 
v -1.89999 1.9 -79.1 
v -1.89999 5.96046e-08 -78.5 
v -1.89999 5.96046e-08 -79.1 
v -1.89999 5.96046e-08 -79.1 
v 2.70001 5.96046e-08 -79.1 
v -1.89999 5.96046e-08 -78.5 
v 2.70001 5.96046e-08 -78.5 
v -1.89999 1.9 -79.1 
v 2.70001 1.9 -79.1 
v -1.89999 5.96046e-08 -79.1 
v 2.70001 5.96046e-08 -79.1 

vn 1 0 0 
vn 1 0 0 
vn 1 0 0 
vn 1 0 0 
vn 0 1 0 
vn 0 1 0 
vn 0 1 0 
vn 0 1 0 
vn 0 0 1 
vn 0 0 1 
vn 0 0 1 
vn 0 0 1 
vn -1 0 0 
vn -1 0 0 
vn -1 0 0 
vn -1 0 0 
vn 0 -1 0 
vn 0 -1 0 
vn 0 -1 0 
vn 0 -1 0 
vn 0 0 -1 
vn 0 0 -1 
vn 0 0 -1 
vn 0 0 -1 

vt 1.075 -1.25 
vt 1 -1.25 
vt 1.075 -1.4875 
vt 1 -1.4875 
vt 1.575 -1.25 
vt 1 -1.25 
vt 1.575 -1.325 
vt 1 -1.325 
vt 1.575 -1.25 
vt 1 -1.25 
vt 1.575 -1.4875 
vt 1 -1.4875 
vt 1.075 -1.25 
vt 1 -1.25 
vt 1.075 -1.4875 
vt 1 -1.4875 
vt 1.575 -1.25 
vt 1 -1.25 
vt 1.575 -1.325 
vt 1 -1.325 
vt 1.575 -1.25 
vt 1 -1.25 
vt 1.575 -1.4875 
vt 1 -1.4875 

usemtl Part2Mtl

f 1115/1115/1115 1116/1116/1116 1117/1117/1117 
f 1117/1117/1117 1116/1116/1116 1118/1118/1118 
f 1119/1119/1119 1120/1120/1120 1121/1121/1121 
f 1121/1121/1121 1120/1120/1120 1122/1122/1122 
f 1123/1123/1123 1124/1124/1124 1125/1125/1125 
f 1125/1125/1125 1124/1124/1124 1126/1126/1126 
f 1127/1127/1127 1128/1128/1128 1129/1129/1129 
f 1129/1129/1129 1128/1128/1128 1130/1130/1130 
f 1131/1131/1131 1132/1132/1132 1133/1133/1133 
f 1133/1133/1133 1132/1132/1132 1134/1134/1134 
f 1135/1135/1135 1136/1136/1136 1137/1137/1137 
f 1137/1137/1137 1136/1136/1136 1138/1138/1138 

g Part95

v -1.91999 1.9 -78.5 
v -1.91999 1.9 -79.1 
v -1.91999 5.96046e-08 -78.5 
v -1.91999 5.96046e-08 -79.1 

vn -1 0 0 
vn -1 0 0 
vn -1 0 0 
vn -1 0 0 

vt 0.3 1 
vt 0 1 
vt 0.3 0.05 
vt 0 0.05 

usemtl Part3Mtl

f 1139/1139/1139 1140/1140/1140 1141/1141/1141 
f 1141/1141/1141 1140/1140/1140 1142/1142/1142 

g Part96

v 2.70001 1.9 -78.48 
v -1.89999 1.9 -78.48 
v 2.70001 5.96046e-08 -78.48 
v -1.89999 5.96046e-08 -78.48 

vn 0 0 1 
vn 0 0 1 
vn 0 0 1 
vn 0 0 1 

vt 2.3 1 
vt 0 1 
vt 2.3 0.05 
vt 0 0.05 

usemtl Part3Mtl

f 1143/1143/1143 1144/1144/1144 1145/1145/1145 
f 1145/1145/1145 1144/1144/1144 1146/1146/1146 

g Part97

v -1.89999 1.92 -78.5 
v 2.70001 1.92 -78.5 
v -1.89999 1.92 -79.1 
v 2.70001 1.92 -79.1 

vn 0 1 0 
vn 0 1 0 
vn 0 1 0 
vn 0 1 0 

vt 2.3 1 
vt 0 1 
vt 2.3 0.7 
vt 0 0.7 

usemtl Part3Mtl

f 1147/1147/1147 1148/1148/1148 1149/1149/1149 
f 1149/1149/1149 1148/1148/1148 1150/1150/1150 

g Part98

v -1.89999 1.9 -79.12 
v 2.70001 1.9 -79.12 
v -1.89999 5.96046e-08 -79.12 
v 2.70001 5.96046e-08 -79.12 

vn 0 0 -1 
vn 0 0 -1 
vn 0 0 -1 
vn 0 0 -1 

vt 2.3 1 
vt 0 1 
vt 2.3 0.05 
vt 0 0.05 

usemtl Part3Mtl

f 1151/1151/1151 1152/1152/1152 1153/1153/1153 
f 1153/1153/1153 1152/1152/1152 1154/1154/1154 

g Part99

v 2.72001 1.9 -79.1 
v 2.72001 1.9 -78.5 
v 2.72001 5.96046e-08 -79.1 
v 2.72001 5.96046e-08 -78.5 

vn 1 0 0 
vn 1 0 0 
vn 1 0 0 
vn 1 0 0 

vt 0.3 1 
vt 0 1 
vt 0.3 0.05 
vt 0 0.05 

usemtl Part3Mtl

f 1155/1155/1155 1156/1156/1156 1157/1157/1157 
f 1157/1157/1157 1156/1156/1156 1158/1158/1158 

g Part100

v 2.70001 -0.0199999 -78.5 
v -1.89999 -0.0199999 -78.5 
v 2.70001 -0.0199999 -79.1 
v -1.89999 -0.0199999 -79.1 

vn 0 -1 0 
vn 0 -1 0 
vn 0 -1 0 
vn 0 -1 0 

vt 2.3 1 
vt 0 1 
vt 2.3 0.7 
vt 0 0.7 

usemtl Part3Mtl

f 1159/1159/1159 1160/1160/1160 1161/1161/1161 
f 1161/1161/1161 1160/1160/1160 1162/1162/1162 

g Part101

v 2.70001 1.9 -95.1 
v 2.70001 1.9 -79.1 
v 2.70001 0.0153446 -95.1 
v 2.70001 0.0153446 -79.1 
v -1.89999 1.9 -79.1 
v 2.70001 1.9 -79.1 
v -1.89999 1.9 -95.1 
v 2.70001 1.9 -95.1 
v 2.70001 1.9 -79.1 
v -1.89999 1.9 -79.1 
v 2.70001 0.0153446 -79.1 
v -1.89999 0.0153446 -79.1 
v -1.89999 1.9 -79.1 
v -1.89999 1.9 -95.1 
v -1.89999 0.0153446 -79.1 
v -1.89999 0.0153446 -95.1 
v -1.89999 0.0153446 -95.1 
v 2.70001 0.0153446 -95.1 
v -1.89999 0.0153446 -79.1 
v 2.70001 0.0153446 -79.1 
v -1.89999 1.9 -95.1 
v 2.70001 1.9 -95.1 
v -1.89999 0.0153446 -95.1 
v 2.70001 0.0153446 -95.1 

vn 1 0 0 
vn 1 0 0 
vn 1 0 0 
vn 1 0 0 
vn 0 1 0 
vn 0 1 0 
vn 0 1 0 
vn 0 1 0 
vn 0 0 1 
vn 0 0 1 
vn 0 0 1 
vn 0 0 1 
vn -1 0 0 
vn -1 0 0 
vn -1 0 0 
vn -1 0 0 
vn 0 -1 0 
vn 0 -1 0 
vn 0 -1 0 
vn 0 -1 0 
vn 0 0 -1 
vn 0 0 -1 
vn 0 0 -1 
vn 0 0 -1 

vt 8 1 
vt 0 1 
vt 8 0.0576723 
vt 0 0.0576723 
vt 2.3 1 
vt 0 1 
vt 2.3 -7 
vt 0 -7 
vt 2.3 1 
vt 0 1 
vt 2.3 0.0576723 
vt 0 0.0576723 
vt 8 1 
vt 0 1 
vt 8 0.0576723 
vt 0 0.0576723 
vt 2.3 1 
vt 0 1 
vt 2.3 -7 
vt 0 -7 
vt 2.3 1 
vt 0 1 
vt 2.3 0.0576723 
vt 0 0.0576723 

usemtl Part1Mtl

f 1163/1163/1163 1164/1164/1164 1165/1165/1165 
f 1165/1165/1165 1164/1164/1164 1166/1166/1166 
f 1167/1167/1167 1168/1168/1168 1169/1169/1169 
f 1169/1169/1169 1168/1168/1168 1170/1170/1170 
f 1171/1171/1171 1172/1172/1172 1173/1173/1173 
f 1173/1173/1173 1172/1172/1172 1174/1174/1174 
f 1175/1175/1175 1176/1176/1176 1177/1177/1177 
f 1177/1177/1177 1176/1176/1176 1178/1178/1178 
f 1179/1179/1179 1180/1180/1180 1181/1181/1181 
f 1181/1181/1181 1180/1180/1180 1182/1182/1182 
f 1183/1183/1183 1184/1184/1184 1185/1185/1185 
f 1185/1185/1185 1184/1184/1184 1186/1186/1186 

g Part102

v 2.70001 0.6 -78.5 
v 2.70001 0.6 -64 
v 2.70001 -1.28466 -78.5 
v 2.70001 -1.28466 -64 
v -1.89999 0.6 -64 
v 2.70001 0.6 -64 
v -1.89999 0.6 -78.5 
v 2.70001 0.6 -78.5 
v 2.70001 0.6 -64 
v -1.89999 0.6 -64 
v 2.70001 -1.28466 -64 
v -1.89999 -1.28466 -64 
v -1.89999 0.6 -64 
v -1.89999 0.6 -78.5 
v -1.89999 -1.28466 -64 
v -1.89999 -1.28466 -78.5 
v -1.89999 -1.28466 -78.5 
v 2.70001 -1.28466 -78.5 
v -1.89999 -1.28466 -64 
v 2.70001 -1.28466 -64 
v -1.89999 0.6 -78.5 
v 2.70001 0.6 -78.5 
v -1.89999 -1.28466 -78.5 
v 2.70001 -1.28466 -78.5 

vn 1 0 0 
vn 1 0 0 
vn 1 0 0 
vn 1 0 0 
vn 0 1 0 
vn 0 1 0 
vn 0 1 0 
vn 0 1 0 
vn 0 0 1 
vn 0 0 1 
vn 0 0 1 
vn 0 0 1 
vn -1 0 0 
vn -1 0 0 
vn -1 0 0 
vn -1 0 0 
vn 0 -1 0 
vn 0 -1 0 
vn 0 -1 0 
vn 0 -1 0 
vn 0 0 -1 
vn 0 0 -1 
vn 0 0 -1 
vn 0 0 -1 

vt 7.25 1 
vt 0 1 
vt 7.25 0.0576723 
vt 0 0.0576723 
vt 2.3 1 
vt 0 1 
vt 2.3 -6.25 
vt 0 -6.25 
vt 2.3 1 
vt 0 1 
vt 2.3 0.0576723 
vt 0 0.0576723 
vt 7.25 1 
vt 0 1 
vt 7.25 0.0576723 
vt 0 0.0576723 
vt 2.3 1 
vt 0 1 
vt 2.3 -6.25 
vt 0 -6.25 
vt 2.3 1 
vt 0 1 
vt 2.3 0.0576723 
vt 0 0.0576723 

usemtl Part1Mtl

f 1187/1187/1187 1188/1188/1188 1189/1189/1189 
f 1189/1189/1189 1188/1188/1188 1190/1190/1190 
f 1191/1191/1191 1192/1192/1192 1193/1193/1193 
f 1193/1193/1193 1192/1192/1192 1194/1194/1194 
f 1195/1195/1195 1196/1196/1196 1197/1197/1197 
f 1197/1197/1197 1196/1196/1196 1198/1198/1198 
f 1199/1199/1199 1200/1200/1200 1201/1201/1201 
f 1201/1201/1201 1200/1200/1200 1202/1202/1202 
f 1203/1203/1203 1204/1204/1204 1205/1205/1205 
f 1205/1205/1205 1204/1204/1204 1206/1206/1206 
f 1207/1207/1207 1208/1208/1208 1209/1209/1209 
f 1209/1209/1209 1208/1208/1208 1210/1210/1210 

g C393

v -5.8757 6.46882 -87.1468 
v -5.74184 6.52427 -87.1468 
v -5.89867 6.52427 -87.1468 
v -5.88816 6.56348 -87.1468 
v -5.76481 6.57972 -87.1468 
v -5.85946 6.59218 -87.1468 
v -5.82026 6.60268 -87.1468 
v -5.85946 6.59218 -95.2 
v -5.84055 6.60001 -87.1468 
v -5.84055 6.60001 -95.2 
v -5.82026 6.60268 -87.1468 
v -5.85946 6.59218 -87.1468 
v -5.82026 6.60268 -95.2 
v -5.8757 6.57972 -95.2 
v -5.79996 6.60001 -87.1468 
v -5.8757 6.57972 -87.1468 
v -5.79996 6.60001 -95.2 
v -5.78105 6.59218 -87.1468 
v -5.78105 6.59218 -95.2 
v -5.76481 6.57972 -87.1468 
v -5.896 6.54457 -95.2 
v -5.76481 6.57972 -95.2 
v -5.79996 6.44853 -87.1468 
v -5.78105 6.45636 -87.1468 
v -5.8757 6.46882 -87.1468 
v -5.75235 6.48506 -87.1468 
v -5.74184 6.52427 -87.1468 
v -5.76481 6.57972 -87.1468 
v -5.82026 6.60268 -87.1468 
v -5.82026 6.60268 -95.2 
v -5.76481 6.57972 -87.1468 
v -5.76481 6.57972 -95.2 
v -5.75235 6.56348 -95.2 
v -5.75235 6.56348 -87.1468 
v -5.74451 6.54457 -87.1468 
v -5.74452 6.54457 -95.2 
v -5.74184 6.52427 -95.2 
v -5.74184 6.52427 -87.1468 
v -5.74452 6.50398 -95.2 
v -5.8757 6.46882 -95.2 
v -5.74451 6.50398 -87.1468 
v -5.75235 6.48506 -95.2 
v -5.75235 6.48506 -87.1468 
v -5.76481 6.46882 -87.1468 
v -5.76481 6.46882 -95.2 
v -5.79996 6.44853 -87.1468 
v -5.84055 6.44853 -87.1468 
v -5.82026 6.44586 -87.1468 
v -5.78105 6.45636 -87.1468 
v -5.85946 6.45636 -87.1468 
v -5.85946 6.45636 -87.1468 
v -5.78105 6.45636 -87.1468 
v -5.76481 6.46882 -87.1468 
v -5.85946 6.45636 -87.1468 
v -5.76481 6.46882 -87.1468 
v -5.8757 6.46882 -87.1468 
v -5.8757 6.46882 -87.1468 
v -5.76481 6.46882 -87.1468 
v -5.75235 6.48506 -87.1468 
v -5.8757 6.46882 -87.1468 
v -5.75235 6.48506 -87.1468 
v -5.88816 6.48506 -87.1468 
v -5.74451 6.50398 -87.1468 
v -5.896 6.50398 -87.1468 
v -5.74184 6.52427 -87.1468 
v -5.89867 6.52427 -87.1468 
v -5.88816 6.48506 -87.1468 
v -5.75235 6.48506 -87.1468 
v -5.74451 6.50398 -87.1468 
v -5.896 6.50398 -87.1468 
v -5.74451 6.50398 -87.1468 
v -5.74184 6.52427 -87.1468 
v -5.89867 6.52427 -87.1468 
v -5.74184 6.52427 -87.1468 
v -5.74451 6.54457 -87.1468 
v -5.89867 6.52427 -87.1468 
v -5.74451 6.54457 -87.1468 
v -5.896 6.54457 -87.1468 
v -5.896 6.54457 -87.1468 
v -5.74451 6.54457 -87.1468 
v -5.75235 6.56348 -87.1468 
v -5.896 6.54457 -87.1468 
v -5.75235 6.56348 -87.1468 
v -5.88816 6.56348 -87.1468 
v -5.88816 6.56348 -87.1468 
v -5.75235 6.56348 -87.1468 
v -5.76481 6.57972 -87.1468 
v -5.88816 6.56348 -87.1468 
v -5.76481 6.57972 -87.1468 
v -5.8757 6.57972 -87.1468 
v -5.8757 6.57972 -87.1468 
v -5.76481 6.57972 -87.1468 
v -5.78105 6.59218 -87.1468 
v -5.8757 6.57972 -87.1468 
v -5.78105 6.59218 -87.1468 
v -5.85946 6.59218 -87.1468 
v -5.79996 6.60001 -87.1468 
v -5.84055 6.60001 -87.1468 
v -5.82026 6.60268 -87.1468 
v -5.85946 6.59218 -95.2 
v -5.82026 6.60268 -95.2 
v -5.79996 6.60001 -95.2 
v -5.88816 6.56348 -95.2 
v -5.896 6.54457 -95.2 
v -5.76481 6.57972 -95.2 
v -5.89867 6.52427 -95.2 
v -5.74452 6.54457 -95.2 
v -5.74184 6.52427 -95.2 
v -5.88816 6.48506 -95.2 
v -5.8757 6.46882 -95.2 
v -5.75235 6.48506 -95.2 
v -5.84055 6.44853 -95.2 
v -5.78105 6.45636 -95.2 
v -5.79996 6.44853 -95.2 
v -5.79996 6.44853 -95.2 
v -5.84055 6.44853 -95.2 
v -5.82026 6.44586 -95.2 
v -5.84055 6.44853 -95.2 
v -5.79996 6.44853 -95.2 
v -5.78105 6.45636 -95.2 
v -5.84055 6.44853 -95.2 
v -5.78105 6.45636 -95.2 
v -5.85946 6.45636 -95.2 
v -5.85946 6.45636 -95.2 
v -5.78105 6.45636 -95.2 
v -5.76481 6.46882 -95.2 
v -5.8757 6.46882 -95.2 
v -5.8757 6.46882 -95.2 
v -5.76481 6.46882 -95.2 
v -5.75235 6.48506 -95.2 
v -5.8757 6.46882 -95.2 
v -5.75235 6.48506 -95.2 
v -5.88816 6.48506 -95.2 
v -5.88816 6.48506 -95.2 
v -5.75235 6.48506 -95.2 
v -5.74452 6.50398 -95.2 
v -5.88816 6.48506 -95.2 
v -5.74452 6.50398 -95.2 
v -5.896 6.50398 -95.2 
v -5.896 6.50398 -95.2 
v -5.74452 6.50398 -95.2 
v -5.74184 6.52427 -95.2 
v -5.896 6.50398 -95.2 
v -5.74184 6.52427 -95.2 
v -5.89867 6.52427 -95.2 
v -5.74452 6.54457 -95.2 
v -5.89867 6.52427 -95.2 
v -5.74452 6.54457 -95.2 
v -5.896 6.54457 -95.2 
v -5.896 6.54457 -95.2 
v -5.74452 6.54457 -95.2 
v -5.75235 6.56348 -95.2 
v -5.896 6.54457 -95.2 
v -5.75235 6.56348 -95.2 
v -5.88816 6.56348 -95.2 
v -5.88816 6.56348 -95.2 
v -5.75235 6.56348 -95.2 
v -5.76481 6.57972 -95.2 
v -5.88816 6.56348 -95.2 
v -5.76481 6.57972 -95.2 
v -5.8757 6.57972 -95.2 
v -5.8757 6.57972 -95.2 
v -5.76481 6.57972 -95.2 
v -5.78105 6.59218 -95.2 
v -5.8757 6.57972 -95.2 
v -5.78105 6.59218 -95.2 
v -5.85946 6.59218 -95.2 
v -5.85946 6.59218 -95.2 
v -5.78105 6.59218 -95.2 
v -5.79996 6.60001 -95.2 
v -5.85946 6.59218 -95.2 
v -5.79996 6.60001 -95.2 
v -5.84055 6.60001 -95.2 
v -5.84055 6.60001 -95.2 
v -5.79996 6.60001 -95.2 
v -5.82026 6.60268 -95.2 
v -5.79996 6.44853 -87.1468 
v -5.82026 6.44586 -87.1468 
v -5.78105 6.45636 -87.1468 
v -5.85946 6.45636 -87.1468 
v -5.8757 6.46882 -87.1468 
v -5.74184 6.52427 -87.1468 
v -5.89867 6.52427 -87.1468 
v -5.89867 6.52427 -95.2 
v -5.74184 6.52427 -95.2 
v -5.8757 6.46882 -87.1468 
v -5.8757 6.46882 -95.2 
v -5.85946 6.45636 -87.1468 
v -5.85946 6.45636 -95.2 
v -5.84055 6.44853 -87.1468 
v -5.76481 6.46882 -87.1468 
v -5.84055 6.44853 -95.2 
v -5.76481 6.46882 -95.2 
v -5.82026 6.44586 -87.1468 
v -5.78105 6.45636 -95.2 
v -5.82026 6.44586 -95.2 
v -5.78105 6.45636 -87.1468 
v -5.79996 6.44853 -87.1468 
v -5.79996 6.44853 -95.2 
v -5.8757 6.46882 -87.1468 
v -5.896 6.50398 -87.1468 
v -5.896 6.54457 -87.1468 
v -5.88816 6.56348 -87.1468 
v -5.85946 6.59218 -87.1468 
v -5.82026 6.60268 -87.1468 
v -5.85946 6.59218 -95.2 
v -5.82026 6.60268 -95.2 
v -5.8757 6.57972 -95.2 
v -5.8757 6.57972 -87.1468 
v -5.88816 6.56348 -87.1468 
v -5.88816 6.56348 -95.2 
v -5.896 6.54457 -87.1468 
v -5.896 6.54457 -95.2 
v -5.89867 6.52427 -87.1468 
v -5.89867 6.52427 -95.2 
v -5.896 6.50398 -87.1468 
v -5.896 6.50398 -95.2 
v -5.88816 6.48506 -87.1468 
v -5.88816 6.48506 -95.2 
v -5.8757 6.46882 -87.1468 
v -5.8757 6.46882 -95.2 

vn 0 0 1 
vn 0 0 1 
vn 0 0 1 
vn 0 0 1 
vn 0 0 1 
vn 0 0 1 
vn 0 0 1 
vn -0.503937 0.866142 0 
vn -0.259843 0.968504 0 
vn -0.259843 0.968504 0 
vn 0 1 0 
vn -0.496063 0.866142 0 
vn 0 1 0 
vn -0.708661 0.708661 0 
vn 0.259843 0.968504 0 
vn -0.708661 0.708661 0 
vn 0.259843 0.968504 0 
vn 0.503937 0.866142 0 
vn 0.496063 0.866142 0 
vn 0.708661 0.708661 0 
vn -0.968504 0.259843 0 
vn 0.708661 0.708661 0 
vn 0 0 1 
vn 0 0 1 
vn 0 0 1 
vn 0 0 1 
vn 0 0 1 
vn 0 0 1 
vn 0 0 1 
vn 0 1 0 
vn 0.708661 0.708661 0 
vn 0.708661 0.708661 0 
vn 0.866142 0.503937 0 
vn 0.866142 0.496063 0 
vn 0.968504 0.259843 0 
vn 0.968504 0.259843 0 
vn 1 0 0 
vn 1 0 0 
vn 0.968504 -0.259843 0 
vn -0.708661 -0.708661 0 
vn 0.968504 -0.259843 0 
vn 0.866142 -0.503937 0 
vn 0.866142 -0.503937 0 
vn 0.708661 -0.708661 0 
vn 0.708661 -0.708661 0 
vn 0 0 1 
vn 0 0 1 
vn 0 0 1 
vn 0 0 1 
vn 0 0 1 
vn 0 0 1 
vn 0 0 1 
vn 0 0 1 
vn 0 0 1 
vn 0 0 1 
vn 0 0 1 
vn 0 0 1 
vn 0 0 1 
vn 0 0 1 
vn 0 0 1 
vn 0 0 1 
vn 0 0 1 
vn 0 0 1 
vn 0 0 1 
vn 0 0 1 
vn 0 0 1 
vn 0 0 1 
vn 0 0 1 
vn 0 0 1 
vn 0 0 1 
vn 0 0 1 
vn 0 0 1 
vn 0 0 1 
vn 0 0 1 
vn 0 0 1 
vn 0 0 1 
vn 0 0 1 
vn 0 0 1 
vn 0 0 1 
vn 0 0 1 
vn 0 0 1 
vn 0 0 1 
vn 0 0 1 
vn 0 0 1 
vn 0 0 1 
vn 0 0 1 
vn 0 0 1 
vn 0 0 1 
vn 0 0 1 
vn 0 0 1 
vn 0 0 1 
vn 0 0 1 
vn 0 0 1 
vn 0 0 1 
vn 0 0 1 
vn 0 0 1 
vn 0 0 1 
vn 0 0 1 
vn 0 0 1 
vn -0.503937 0.866142 0 
vn 0 1 0 
vn 0.259843 0.968504 0 
vn -0.866142 0.496063 0 
vn -0.968504 0.259843 0 
vn 0.708661 0.708661 0 
vn -1 0 0 
vn 0.968504 0.259843 0 
vn 1 0 0 
vn -0.866142 -0.503937 0 
vn -0.708661 -0.708661 0 
vn 0.866142 -0.503937 0 
vn -0.259843 -0.968504 0 
vn 0.503937 -0.866142 0 
vn 0.259843 -0.968504 0 
vn 0 0 1 
vn 0 0 1 
vn 0 0 1 
vn 0 0 1 
vn 0 0 1 
vn 0 0 1 
vn 0 0 1 
vn 0 0 1 
vn 0 0 1 
vn 0 0 1 
vn 0 0 1 
vn 0 0 1 
vn 0 0 1 
vn 0 0 1 
vn 0 0 1 
vn 0 0 1 
vn 0 0 1 
vn 0 0 1 
vn 0 0 1 
vn 0 0 1 
vn 0 0 1 
vn 0 0 1 
vn 0 0 1 
vn 0 0 1 
vn 0 0 1 
vn 0 0 1 
vn 0 0 1 
vn 0 0 1 
vn 0 0 1 
vn 0 0 1 
vn 0 0 1 
vn 0 0 1 
vn 0 0 1 
vn 0 0 1 
vn 0 0 1 
vn 0 0 1 
vn 0 0 1 
vn 0 0 1 
vn 0 0 1 
vn 0 0 1 
vn 0 0 1 
vn 0 0 1 
vn 0 0 1 
vn 0 0 1 
vn 0 0 1 
vn 0 0 1 
vn 0 0 1 
vn 0 0 1 
vn 0 0 1 
vn 0 0 1 
vn 0 0 1 
vn 0 0 1 
vn 0 0 1 
vn 0 0 1 
vn 0 0 1 
vn 0 0 1 
vn 0 0 1 
vn 0 0 1 
vn 0 0 1 
vn 0 0 1 
vn 0 0 1 
vn 0 0 1 
vn 0 0 1 
vn 0 0 1 
vn 0 0 1 
vn 0 0 1 
vn 0 0 1 
vn 0 0 1 
vn 0 0 1 
vn -1 0 0 
vn 1 0 0 
vn -0.708661 -0.708661 0 
vn -0.708661 -0.708661 0 
vn -0.503937 -0.866142 0 
vn -0.496063 -0.866142 0 
vn -0.259843 -0.968504 0 
vn 0.708661 -0.708661 0 
vn -0.259843 -0.968504 0 
vn 0.708661 -0.708661 0 
vn 0 -1 0 
vn 0.503937 -0.866142 0 
vn 0 -1 0 
vn 0.496063 -0.866142 0 
vn 0.259843 -0.968504 0 
vn 0.259843 -0.968504 0 
vn 0 0 1 
vn 0 0 1 
vn 0 0 1 
vn 0 0 1 
vn 0 0 1 
vn 0 0 1 
vn -0.503937 0.866142 0 
vn 0 1 0 
vn -0.708661 0.708661 0 
vn -0.708661 0.708661 0 
vn -0.866142 0.503937 0 
vn -0.866142 0.496063 0 
vn -0.968504 0.259843 0 
vn -0.968504 0.259843 0 
vn -1 0 0 
vn -1 0 0 
vn -0.968504 -0.259843 0 
vn -0.968504 -0.259843 0 
vn -0.866142 -0.496063 0 
vn -0.866142 -0.503937 0 
vn -0.708661 -0.708661 0 
vn -0.708661 -0.708661 0 

vt 0.402657 0.994455 
vt 0.402657 1.00784 
vt 0.402657 0.992159 
vt 0.402657 0.993209 
vt 0.402657 1.00554 
vt 0.402657 0.996079 
vt 0.402657 1 
vt -0.402657 0.996079 
vt 0.402657 0.997971 
vt -0.402657 0.997971 
vt 0.402657 1 
vt 0.402657 0.996079 
vt -0.402657 1 
vt -0.402657 0.994455 
vt 0.402657 1.00203 
vt 0.402657 0.994455 
vt -0.402657 1.00203 
vt 0.402657 1.00392 
vt -0.402657 1.00392 
vt 0.402657 1.00554 
vt -0.402657 0.992426 
vt -0.402657 1.00554 
vt -0.402657 0.992426 
vt -0.402657 0.993209 
vt -0.402657 0.994455 
vt -0.402657 0.996079 
vt -0.402657 1 
vt -0.402657 1.00554 
vt -0.402657 1.00784 
vt 0.402657 1.00784 
vt -0.402657 1.00554 
vt 0.402657 1.00554 
vt 0.402657 1.00392 
vt -0.402657 1.00392 
vt -0.402657 1.00203 
vt 0.402657 1.00203 
vt 0.402657 1 
vt -0.402657 1 
vt 0.402657 0.997971 
vt 0.402657 0.994455 
vt -0.402657 0.997971 
vt 0.402657 0.996079 
vt -0.402657 0.996079 
vt -0.402657 0.994455 
vt 0.402657 0.994455 
vt 0.0020295 0.992426 
vt -0.0020294 0.992426 
vt 5.06381e-08 0.992159 
vt 0.00392066 0.993209 
vt -0.00392055 0.993209 
vt -0.00392055 0.993209 
vt 0.00392066 0.993209 
vt 0.00554462 0.994455 
vt -0.00392055 0.993209 
vt 0.00554462 0.994455 
vt -0.00554452 0.994455 
vt -0.00554452 0.994455 
vt 0.00554462 0.994455 
vt 0.00679074 0.996079 
vt -0.00554452 0.994455 
vt 0.00679074 0.996079 
vt -0.00679063 0.996079 
vt 0.00757408 0.997971 
vt -0.00757397 0.997971 
vt 0.00784126 1 
vt -0.00784116 1 
vt -0.00679063 0.996079 
vt 0.00679074 0.996079 
vt 0.00757408 0.997971 
vt -0.00757397 0.997971 
vt 0.00757408 0.997971 
vt 0.00784126 1 
vt -0.00784116 1 
vt 0.00784126 1 
vt 0.00757408 1.00203 
vt -0.00784116 1 
vt 0.00757408 1.00203 
vt -0.00757397 1.00203 
vt -0.00757397 1.00203 
vt 0.00757408 1.00203 
vt 0.00679074 1.00392 
vt -0.00757397 1.00203 
vt 0.00679074 1.00392 
vt -0.00679063 1.00392 
vt -0.00679063 1.00392 
vt 0.00679074 1.00392 
vt 0.00554463 1.00554 
vt -0.00679063 1.00392 
vt 0.00554463 1.00554 
vt -0.00554452 1.00554 
vt -0.00554452 1.00554 
vt 0.00554463 1.00554 
vt 0.00392066 1.00679 
vt -0.00554452 1.00554 
vt 0.00392066 1.00679 
vt -0.00392055 1.00679 
vt 0.00202951 1.00757 
vt -0.0020294 1.00757 
vt 5.29934e-08 1.00784 
vt -0.00392066 1.00679 
vt -5.06381e-08 1.00784 
vt 0.0020294 1.00757 
vt -0.00679074 1.00392 
vt -0.00757408 1.00203 
vt 0.00554452 1.00554 
vt -0.00784126 1 
vt 0.00757397 1.00203 
vt 0.00784116 1 
vt -0.00679074 0.996079 
vt -0.00554462 0.994455 
vt 0.00679063 0.996079 
vt -0.00202951 0.992426 
vt 0.00392055 0.993209 
vt 0.0020294 0.992426 
vt 0.0020294 0.992426 
vt -0.00202951 0.992426 
vt -5.4171e-08 0.992159 
vt -0.00202951 0.992426 
vt 0.0020294 0.992426 
vt 0.00392055 0.993209 
vt -0.00202951 0.992426 
vt 0.00392055 0.993209 
vt -0.00392066 0.993209 
vt -0.00392066 0.993209 
vt 0.00392055 0.993209 
vt 0.00554452 0.994455 
vt -0.00554462 0.994455 
vt -0.00554462 0.994455 
vt 0.00554452 0.994455 
vt 0.00679063 0.996079 
vt -0.00554462 0.994455 
vt 0.00679063 0.996079 
vt -0.00679074 0.996079 
vt -0.00679074 0.996079 
vt 0.00679063 0.996079 
vt 0.00757397 0.997971 
vt -0.00679074 0.996079 
vt 0.00757397 0.997971 
vt -0.00757408 0.997971 
vt -0.00757408 0.997971 
vt 0.00757397 0.997971 
vt 0.00784116 1 
vt -0.00757408 0.997971 
vt 0.00784116 1 
vt -0.00784126 1 
vt 0.00757397 1.00203 
vt -0.00784126 1 
vt 0.00757397 1.00203 
vt -0.00757408 1.00203 
vt -0.00757408 1.00203 
vt 0.00757397 1.00203 
vt 0.00679063 1.00392 
vt -0.00757408 1.00203 
vt 0.00679063 1.00392 
vt -0.00679074 1.00392 
vt -0.00679074 1.00392 
vt 0.00679063 1.00392 
vt 0.00554452 1.00554 
vt -0.00679074 1.00392 
vt 0.00554452 1.00554 
vt -0.00554462 1.00554 
vt -0.00554462 1.00554 
vt 0.00554452 1.00554 
vt 0.00392055 1.00679 
vt -0.00554462 1.00554 
vt 0.00392055 1.00679 
vt -0.00392066 1.00679 
vt -0.00392066 1.00679 
vt 0.00392055 1.00679 
vt 0.0020294 1.00757 
vt -0.00392066 1.00679 
vt 0.0020294 1.00757 
vt -0.00202951 1.00757 
vt -0.00202951 1.00757 
vt 0.0020294 1.00757 
vt -5.06381e-08 1.00784 
vt -0.402657 1.00203 
vt -0.402657 1 
vt -0.402657 1.00392 
vt -0.402657 0.996079 
vt -0.402657 0.994455 
vt -0.402657 1.00784 
vt -0.402657 0.992159 
vt 0.402657 0.992159 
vt 0.402657 1.00784 
vt -0.402657 0.994455 
vt 0.402657 0.994455 
vt -0.402657 0.996079 
vt 0.402657 0.996079 
vt -0.402657 0.997971 
vt -0.402657 1.00554 
vt 0.402657 0.997971 
vt 0.402657 1.00554 
vt -0.402657 1 
vt 0.402657 1.00392 
vt 0.402657 1 
vt -0.402657 1.00392 
vt -0.402657 1.00203 
vt 0.402657 1.00203 
vt 0.402657 0.994455 
vt 0.402657 0.997971 
vt 0.402657 1.00203 
vt 0.402657 1.00392 
vt 0.402657 1.00679 
vt 0.402657 1.00784 
vt -0.402657 1.00679 
vt -0.402657 1.00784 
vt -0.402657 1.00554 
vt 0.402657 1.00554 
vt 0.402657 1.00392 
vt -0.402657 1.00392 
vt 0.402657 1.00203 
vt -0.402657 1.00203 
vt 0.402657 1 
vt -0.402657 1 
vt 0.402657 0.997971 
vt -0.402657 0.997971 
vt 0.402657 0.996079 
vt -0.402657 0.996079 
vt 0.402657 0.994455 
vt -0.402657 0.994455 

usemtl C391Mtl

f 1218/1218/1218 1219/1219/1219 1220/1220/1220 
f 1221/1221/1221 1220/1220/1220 1219/1219/1219 
f 1219/1219/1219 1218/1218/1218 1222/1222/1222 
f 1220/1220/1220 1221/1221/1221 1223/1223/1223 
f 1224/1224/1224 1222/1222/1222 1218/1218/1218 
f 1225/1225/1225 1223/1223/1223 1221/1221/1221 
f 1222/1222/1222 1224/1224/1224 1226/1226/1226 
f 1223/1223/1223 1225/1225/1225 1227/1227/1227 
f 1228/1228/1228 1227/1227/1227 1225/1225/1225 
f 1227/1227/1227 1228/1228/1228 1229/1229/1229 
f 1230/1230/1230 1229/1229/1229 1228/1228/1228 
f 1229/1229/1229 1230/1230/1230 1232/1232/1232 
f 1241/1241/1241 1243/1243/1243 1242/1242/1242 
f 1243/1243/1243 1241/1241/1241 1244/1244/1244 
f 1245/1245/1245 1243/1243/1243 1244/1244/1244 
f 1243/1243/1243 1245/1245/1245 1246/1246/1246 
f 1245/1245/1245 1247/1247/1247 1246/1246/1246 
f 1247/1247/1247 1245/1245/1245 1248/1248/1248 
f 1248/1248/1248 1249/1249/1249 1247/1247/1247 
f 1249/1249/1249 1248/1248/1248 1251/1251/1251 
f 1251/1251/1251 1252/1252/1252 1249/1249/1249 
f 1252/1252/1252 1251/1251/1251 1253/1253/1253 
f 1254/1254/1254 1252/1252/1252 1253/1253/1253 
f 1252/1252/1252 1254/1254/1254 1255/1255/1255 
f 1256/1256/1256 1257/1257/1257 1258/1258/1258 
f 1257/1257/1257 1256/1256/1256 1259/1259/1259 
f 1257/1257/1257 1259/1259/1259 1260/1260/1260 
f 1261/1261/1261 1262/1262/1262 1263/1263/1263 
f 1264/1264/1264 1265/1265/1265 1266/1266/1266 
f 1267/1267/1267 1268/1268/1268 1269/1269/1269 
f 1270/1270/1270 1271/1271/1271 1272/1272/1272 
f 1272/1272/1272 1273/1273/1273 1274/1274/1274 
f 1274/1274/1274 1275/1275/1275 1276/1276/1276 
f 1277/1277/1277 1278/1278/1278 1279/1279/1279 
f 1280/1280/1280 1281/1281/1281 1282/1282/1282 
f 1283/1283/1283 1284/1284/1284 1285/1285/1285 
f 1286/1286/1286 1287/1287/1287 1288/1288/1288 
f 1289/1289/1289 1290/1290/1290 1291/1291/1291 
f 1292/1292/1292 1293/1293/1293 1294/1294/1294 
f 1295/1295/1295 1296/1296/1296 1297/1297/1297 
f 1298/1298/1298 1299/1299/1299 1300/1300/1300 
f 1301/1301/1301 1302/1302/1302 1303/1303/1303 
f 1304/1304/1304 1305/1305/1305 1306/1306/1306 
f 1306/1306/1306 1305/1305/1305 1307/1307/1307 
f 1306/1306/1306 1307/1307/1307 1308/1308/1308 
f 1308/1308/1308 1307/1307/1307 1309/1309/1309 
f 1325/1325/1325 1326/1326/1326 1327/1327/1327 
f 1328/1328/1328 1329/1329/1329 1330/1330/1330 
f 1331/1331/1331 1332/1332/1332 1333/1333/1333 
f 1334/1334/1334 1335/1335/1335 1336/1336/1336 
f 1334/1334/1334 1336/1336/1336 1337/1337/1337 
f 1338/1338/1338 1339/1339/1339 1340/1340/1340 
f 1341/1341/1341 1342/1342/1342 1343/1343/1343 
f 1344/1344/1344 1345/1345/1345 1346/1346/1346 
f 1347/1347/1347 1348/1348/1348 1349/1349/1349 
f 1350/1350/1350 1351/1351/1351 1352/1352/1352 
f 1353/1353/1353 1354/1354/1354 1355/1355/1355 
f 1355/1355/1355 1354/1354/1354 1356/1356/1356 
f 1357/1357/1357 1358/1358/1358 1359/1359/1359 
f 1360/1360/1360 1361/1361/1361 1362/1362/1362 
f 1363/1363/1363 1364/1364/1364 1365/1365/1365 
f 1366/1366/1366 1367/1367/1367 1368/1368/1368 
f 1369/1369/1369 1370/1370/1370 1371/1371/1371 
f 1372/1372/1372 1373/1373/1373 1374/1374/1374 
f 1375/1375/1375 1376/1376/1376 1377/1377/1377 
f 1378/1378/1378 1379/1379/1379 1380/1380/1380 
f 1381/1381/1381 1382/1382/1382 1383/1383/1383 
f 1384/1384/1384 1385/1385/1385 1386/1386/1386 
f 1397/1397/1397 1398/1398/1398 1396/1396/1396 
f 1398/1398/1398 1397/1397/1397 1399/1399/1399 
f 1399/1399/1399 1400/1400/1400 1398/1398/1398 
f 1400/1400/1400 1399/1399/1399 1402/1402/1402 
f 1402/1402/1402 1404/1404/1404 1400/1400/1400 
f 1401/1401/1401 1405/1405/1405 1403/1403/1403 
f 1404/1404/1404 1402/1402/1402 1406/1406/1406 
f 1405/1405/1405 1401/1401/1401 1407/1407/1407 
f 1406/1406/1406 1408/1408/1408 1404/1404/1404 
f 1407/1407/1407 1409/1409/1409 1405/1405/1405 
f 1408/1408/1408 1406/1406/1406 1409/1409/1409 
f 1408/1408/1408 1409/1409/1409 1407/1407/1407 
f 1418/1418/1418 1420/1420/1420 1419/1419/1419 
f 1420/1420/1420 1418/1418/1418 1421/1421/1421 
f 1421/1421/1421 1422/1422/1422 1420/1420/1420 
f 1422/1422/1422 1421/1421/1421 1423/1423/1423 
f 1423/1423/1423 1424/1424/1424 1422/1422/1422 
f 1424/1424/1424 1423/1423/1423 1425/1425/1425 
f 1425/1425/1425 1426/1426/1426 1424/1424/1424 
f 1426/1426/1426 1425/1425/1425 1427/1427/1427 
f 1427/1427/1427 1428/1428/1428 1426/1426/1426 
f 1428/1428/1428 1427/1427/1427 1429/1429/1429 
f 1429/1429/1429 1430/1430/1430 1428/1428/1428 
f 1430/1430/1430 1429/1429/1429 1431/1431/1431 

g Part103

v 2.70001 4.3 -79.7 
v 3.30001 4.3 -79.7 
v 2.70001 0 -79.7 
v 3.30001 0 -79.7 
v 3.30001 4.3 -77.9 
v 3.30001 4.3 -79.7 
v 2.70001 4.3 -77.9 
v 2.70001 4.3 -79.7 
v 3.30001 4.3 -79.7 
v 3.30001 4.3 -77.9 
v 3.30001 0 -79.7 
v 3.30001 0 -77.9 
v 3.30001 4.3 -77.9 
v 2.70001 4.3 -77.9 
v 3.30001 0 -77.9 
v 2.70001 0 -77.9 
v 2.70001 0 -77.9 
v 2.70001 0 -79.7 
v 3.30001 0 -77.9 
v 3.30001 0 -79.7 
v 2.70001 4.3 -77.9 
v 2.70001 4.3 -79.7 
v 2.70001 0 -77.9 
v 2.70001 0 -79.7 

vn 0 0 -1 
vn 0 0 -1 
vn 0 0 -1 
vn 0 0 -1 
vn 0 1 0 
vn 0 1 0 
vn 0 1 0 
vn 0 1 0 
vn 1 0 0 
vn 1 0 0 
vn 1 0 0 
vn 1 0 0 
vn 0 0 1 
vn 0 0 1 
vn 0 0 1 
vn 0 0 1 
vn 0 -1 0 
vn 0 -1 0 
vn 0 -1 0 
vn 0 -1 0 
vn -1 0 0 
vn -1 0 0 
vn -1 0 0 
vn -1 0 0 

vt 4.325 0.75 
vt 4.25 0.75 
vt 4.325 0.2125 
vt 4.25 0.2125 
vt 4.475 0.75 
vt 4.25 0.75 
vt 4.475 0.675 
vt 4.25 0.675 
vt 4.475 0.75 
vt 4.25 0.75 
vt 4.475 0.2125 
vt 4.25 0.2125 
vt 4.325 0.75 
vt 4.25 0.75 
vt 4.325 0.2125 
vt 4.25 0.2125 
vt 4.475 0.75 
vt 4.25 0.75 
vt 4.475 0.675 
vt 4.25 0.675 
vt 4.475 0.75 
vt 4.25 0.75 
vt 4.475 0.2125 
vt 4.25 0.2125 

usemtl Part2Mtl

f 1432/1432/1432 1433/1433/1433 1434/1434/1434 
f 1434/1434/1434 1433/1433/1433 1435/1435/1435 
f 1436/1436/1436 1437/1437/1437 1438/1438/1438 
f 1438/1438/1438 1437/1437/1437 1439/1439/1439 
f 1440/1440/1440 1441/1441/1441 1442/1442/1442 
f 1442/1442/1442 1441/1441/1441 1443/1443/1443 
f 1444/1444/1444 1445/1445/1445 1446/1446/1446 
f 1446/1446/1446 1445/1445/1445 1447/1447/1447 
f 1448/1448/1448 1449/1449/1449 1450/1450/1450 
f 1450/1450/1450 1449/1449/1449 1451/1451/1451 
f 1452/1452/1452 1453/1453/1453 1454/1454/1454 
f 1454/1454/1454 1453/1453/1453 1455/1455/1455 

g Part104

v 3.30001 4.3 -77.88 
v 2.70001 4.3 -77.88 
v 3.30001 0 -77.88 
v 2.70001 0 -77.88 

vn 0 0 1 
vn 0 0 1 
vn 0 0 1 
vn 0 0 1 

vt 0.3 1 
vt 0 1 
vt 0.3 -1.15 
vt 0 -1.15 

usemtl Part3Mtl

f 1456/1456/1456 1457/1457/1457 1458/1458/1458 
f 1458/1458/1458 1457/1457/1457 1459/1459/1459 

g Part105

v 3.32001 4.3 -79.7 
v 3.32001 4.3 -77.9 
v 3.32001 0 -79.7 
v 3.32001 0 -77.9 

vn 1 0 0 
vn 1 0 0 
vn 1 0 0 
vn 1 0 0 

vt 0.9 1 
vt 0 1 
vt 0.9 -1.15 
vt 0 -1.15 

usemtl Part3Mtl

f 1460/1460/1460 1461/1461/1461 1462/1462/1462 
f 1462/1462/1462 1461/1461/1461 1463/1463/1463 

g Part106

v 3.30001 4.32 -77.9 
v 3.30001 4.32 -79.7 
v 2.70001 4.32 -77.9 
v 2.70001 4.32 -79.7 

vn 0 1 0 
vn 0 1 0 
vn 0 1 0 
vn 0 1 0 

vt 0.9 1 
vt 0 1 
vt 0.9 0.7 
vt 0 0.7 

usemtl Part3Mtl

f 1464/1464/1464 1465/1465/1465 1466/1466/1466 
f 1466/1466/1466 1465/1465/1465 1467/1467/1467 

g Part107

v 2.68001 4.3 -77.9 
v 2.68001 4.3 -79.7 
v 2.68001 0 -77.9 
v 2.68001 0 -79.7 

vn -1 0 0 
vn -1 0 0 
vn -1 0 0 
vn -1 0 0 

vt 0.9 1 
vt 0 1 
vt 0.9 -1.15 
vt 0 -1.15 

usemtl Part3Mtl

f 1468/1468/1468 1469/1469/1469 1470/1470/1470 
f 1470/1470/1470 1469/1469/1469 1471/1471/1471 

g Part108

v 2.70001 4.3 -79.72 
v 3.30001 4.3 -79.72 
v 2.70001 0 -79.72 
v 3.30001 0 -79.72 

vn 0 0 -1 
vn 0 0 -1 
vn 0 0 -1 
vn 0 0 -1 

vt 0.3 1 
vt 0 1 
vt 0.3 -1.15 
vt 0 -1.15 

usemtl Part3Mtl

f 1472/1472/1472 1473/1473/1473 1474/1474/1474 
f 1474/1474/1474 1473/1473/1473 1475/1475/1475 

g Part109

v 3.30001 -0.02 -79.7 
v 3.30001 -0.02 -77.9 
v 2.70001 -0.02 -79.7 
v 2.70001 -0.02 -77.9 

vn 0 -1 0 
vn 0 -1 0 
vn 0 -1 0 
vn 0 -1 0 

vt 0.9 1 
vt 0 1 
vt 0.9 0.7 
vt 0 0.7 

usemtl Part3Mtl

f 1476/1476/1476 1477/1477/1477 1478/1478/1478 
f 1478/1478/1478 1477/1477/1477 1479/1479/1479 

g Part110

v 2.70001 3.3 -80.8 
v 3.30001 3.3 -80.8 
v 2.70001 1.19209e-07 -80.8 
v 3.30001 1.19209e-07 -80.8 
v 3.30001 3.3 -79.7 
v 3.30001 3.3 -80.8 
v 2.70001 3.3 -79.7 
v 2.70001 3.3 -80.8 
v 3.30001 3.3 -80.8 
v 3.30001 3.3 -79.7 
v 3.30001 1.19209e-07 -80.8 
v 3.30001 1.19209e-07 -79.7 
v 3.30001 3.3 -79.7 
v 2.70001 3.3 -79.7 
v 3.30001 1.19209e-07 -79.7 
v 2.70001 1.19209e-07 -79.7 
v 2.70001 1.19209e-07 -79.7 
v 2.70001 1.19209e-07 -80.8 
v 3.30001 1.19209e-07 -79.7 
v 3.30001 1.19209e-07 -80.8 
v 2.70001 3.3 -79.7 
v 2.70001 3.3 -80.8 
v 2.70001 1.19209e-07 -79.7 
v 2.70001 1.19209e-07 -80.8 

vn 0 0 -1 
vn 0 0 -1 
vn 0 0 -1 
vn 0 0 -1 
vn 0 1 0 
vn 0 1 0 
vn 0 1 0 
vn 0 1 0 
vn 1 0 0 
vn 1 0 0 
vn 1 0 0 
vn 1 0 0 
vn 0 0 1 
vn 0 0 1 
vn 0 0 1 
vn 0 0 1 
vn 0 -1 0 
vn 0 -1 0 
vn 0 -1 0 
vn 0 -1 0 
vn -1 0 0 
vn -1 0 0 
vn -1 0 0 
vn -1 0 0 

vt 2.825 -1.75 
vt 2.75 -1.75 
vt 2.825 -2.1625 
vt 2.75 -2.1625 
vt 2.8875 -1.75 
vt 2.75 -1.75 
vt 2.8875 -1.825 
vt 2.75 -1.825 
vt 2.8875 -1.75 
vt 2.75 -1.75 
vt 2.8875 -2.1625 
vt 2.75 -2.1625 
vt 2.825 -1.75 
vt 2.75 -1.75 
vt 2.825 -2.1625 
vt 2.75 -2.1625 
vt 2.8875 -1.75 
vt 2.75 -1.75 
vt 2.8875 -1.825 
vt 2.75 -1.825 
vt 2.8875 -1.75 
vt 2.75 -1.75 
vt 2.8875 -2.1625 
vt 2.75 -2.1625 

usemtl Part2Mtl

f 1480/1480/1480 1481/1481/1481 1482/1482/1482 
f 1482/1482/1482 1481/1481/1481 1483/1483/1483 
f 1484/1484/1484 1485/1485/1485 1486/1486/1486 
f 1486/1486/1486 1485/1485/1485 1487/1487/1487 
f 1488/1488/1488 1489/1489/1489 1490/1490/1490 
f 1490/1490/1490 1489/1489/1489 1491/1491/1491 
f 1492/1492/1492 1493/1493/1493 1494/1494/1494 
f 1494/1494/1494 1493/1493/1493 1495/1495/1495 
f 1496/1496/1496 1497/1497/1497 1498/1498/1498 
f 1498/1498/1498 1497/1497/1497 1499/1499/1499 
f 1500/1500/1500 1501/1501/1501 1502/1502/1502 
f 1502/1502/1502 1501/1501/1501 1503/1503/1503 

g Part111

v 3.30001 3.3 -79.68 
v 2.70001 3.3 -79.68 
v 3.30001 1.19209e-07 -79.68 
v 2.70001 1.19209e-07 -79.68 

vn 0 0 1 
vn 0 0 1 
vn 0 0 1 
vn 0 0 1 

vt 0.3 1 
vt 0 1 
vt 0.3 -0.65 
vt 0 -0.65 

usemtl Part3Mtl

f 1504/1504/1504 1505/1505/1505 1506/1506/1506 
f 1506/1506/1506 1505/1505/1505 1507/1507/1507 

g Part112

v 3.32001 3.3 -80.8 
v 3.32001 3.3 -79.7 
v 3.32001 1.19209e-07 -80.8 
v 3.32001 1.19209e-07 -79.7 

vn 1 0 0 
vn 1 0 0 
vn 1 0 0 
vn 1 0 0 

vt 0.55 1 
vt 0 1 
vt 0.55 -0.65 
vt 0 -0.65 

usemtl Part3Mtl

f 1508/1508/1508 1509/1509/1509 1510/1510/1510 
f 1510/1510/1510 1509/1509/1509 1511/1511/1511 

g Part113

v 3.30001 3.32 -79.7 
v 3.30001 3.32 -80.8 
v 2.70001 3.32 -79.7 
v 2.70001 3.32 -80.8 

vn 0 1 0 
vn 0 1 0 
vn 0 1 0 
vn 0 1 0 

vt 0.55 1 
vt 0 1 
vt 0.55 0.7 
vt 0 0.7 

usemtl Part3Mtl

f 1512/1512/1512 1513/1513/1513 1514/1514/1514 
f 1514/1514/1514 1513/1513/1513 1515/1515/1515 

g Part114

v 2.68001 3.3 -79.7 
v 2.68001 3.3 -80.8 
v 2.68001 1.19209e-07 -79.7 
v 2.68001 1.19209e-07 -80.8 

vn -1 0 0 
vn -1 0 0 
vn -1 0 0 
vn -1 0 0 

vt 0.55 1 
vt 0 1 
vt 0.55 -0.65 
vt 0 -0.65 

usemtl Part3Mtl

f 1516/1516/1516 1517/1517/1517 1518/1518/1518 
f 1518/1518/1518 1517/1517/1517 1519/1519/1519 

g Part115

v 2.70001 3.3 -80.82 
v 3.30001 3.3 -80.82 
v 2.70001 1.19209e-07 -80.82 
v 3.30001 1.19209e-07 -80.82 

vn 0 0 -1 
vn 0 0 -1 
vn 0 0 -1 
vn 0 0 -1 

vt 0.3 1 
vt 0 1 
vt 0.3 -0.65 
vt 0 -0.65 

usemtl Part3Mtl

f 1520/1520/1520 1521/1521/1521 1522/1522/1522 
f 1522/1522/1522 1521/1521/1521 1523/1523/1523 

g Part116

v 3.30001 -0.0199999 -80.8 
v 3.30001 -0.0199999 -79.7 
v 2.70001 -0.0199999 -80.8 
v 2.70001 -0.0199999 -79.7 

vn 0 -1 0 
vn 0 -1 0 
vn 0 -1 0 
vn 0 -1 0 

vt 0.55 1 
vt 0 1 
vt 0.55 0.7 
vt 0 0.7 

usemtl Part3Mtl

f 1524/1524/1524 1525/1525/1525 1526/1526/1526 
f 1526/1526/1526 1525/1525/1525 1527/1527/1527 

g Part117

v 3.30001 4.3 -79.7 
v 3.30001 4.3 -79.7 
v 3.30001 3.3 -80.8 
v 3.30001 3.3 -79.7 
v 3.30001 4.3 -79.7 
v 2.70001 4.3 -79.7 
v 3.30001 3.3 -79.7 
v 2.70001 3.3 -79.7 
v 2.70001 4.3 -79.7 
v 2.70001 4.3 -79.7 
v 2.70001 3.3 -79.7 
v 2.70001 3.3 -80.8 
v 2.70001 3.3 -80.8 
v 3.30001 3.3 -80.8 
v 2.70001 3.3 -79.7 
v 3.30001 3.3 -79.7 
v 2.70001 4.3 -79.7 
v 3.30001 4.3 -79.7 
v 2.70001 3.3 -80.8 
v 3.30001 3.3 -80.8 

vn 1 0 0 
vn 1 0 0 
vn 1 0 0 
vn 1 0 0 
vn 0 0 1 
vn 0 0 1 
vn 0 0 1 
vn 0 0 1 
vn -1 0 0 
vn -1 0 0 
vn -1 0 0 
vn -1 0 0 
vn 0 -1 0 
vn 0 -1 0 
vn 0 -1 0 
vn 0 -1 0 
vn 0 0.740157 -0.669291 
vn 0 0.740157 -0.669291 
vn 0 0.740157 -0.669291 
vn 0 0.740157 -0.669291 

vt 7 0 
vt 7 0 
vt 7.1375 -0.125 
vt 7 -0.125 
vt 7.075 0 
vt 7 0 
vt 7.075 -0.125 
vt 7 -0.125 
vt 7.1375 0 
vt 7.1375 0 
vt 7.1375 -0.125 
vt 7 -0.125 
vt 7.075 0 
vt 7 0 
vt 7.075 -0.1375 
vt 7 -0.1375 
vt 7.075 0 
vt 7 0 
vt 7.075 -0.185826 
vt 7 -0.185826 

usemtl Part117Mtl

f 1528/1528/1528 1529/1529/1529 1530/1530/1530 
f 1530/1530/1530 1529/1529/1529 1531/1531/1531 
f 1532/1532/1532 1533/1533/1533 1534/1534/1534 
f 1534/1534/1534 1533/1533/1533 1535/1535/1535 
f 1536/1536/1536 1537/1537/1537 1538/1538/1538 
f 1538/1538/1538 1537/1537/1537 1539/1539/1539 
f 1540/1540/1540 1541/1541/1541 1542/1542/1542 
f 1542/1542/1542 1541/1541/1541 1543/1543/1543 
f 1544/1544/1544 1545/1545/1545 1546/1546/1546 
f 1546/1546/1546 1545/1545/1545 1547/1547/1547 

g Part118

v 2.70001 4.32 -79.7 
v 3.30001 4.32 -79.7 
v 2.70001 3.32 -80.8 
v 3.30001 3.32 -80.8 

vn 0 1 0 
vn 0 1 0 
vn 0 1 0 
vn 0 1 0 

vt 0.3 1 
vt 0 1 
vt 0.3 0.45 
vt 0 0.45 

usemtl Part3Mtl

f 1548/1548/1548 1549/1549/1549 1550/1550/1550 
f 1550/1550/1550 1549/1549/1549 1551/1551/1551 

g Part119

v 2.68001 4.3 -79.7 
v 2.68001 4.3 -79.7 
v 2.68001 3.3 -79.7 
v 2.68001 3.3 -80.8 

vn -1 0 0 
vn -1 0 0 
vn -1 0 0 
vn -1 0 0 

vt 0.55 1 
vt 0.55 1 
vt 0.55 0.5 
vt 0 0.5 

usemtl Part3Mtl

f 1552/1552/1552 1553/1553/1553 1554/1554/1554 
f 1554/1554/1554 1553/1553/1553 1555/1555/1555 

g Part120

v 2.70001 4.3148 -79.7134 
v 3.30001 4.3148 -79.7134 
v 2.70001 3.3148 -80.8134 
v 3.30001 3.3148 -80.8134 

vn 0 0.740157 -0.669291 
vn 0 0.740157 -0.669291 
vn 0 0.740157 -0.669291 
vn 0 0.740157 -0.669291 

vt 0.3 1 
vt 0 1 
vt 0.3 0.5 
vt 0 0.5 

usemtl Part3Mtl

f 1556/1556/1556 1557/1557/1557 1558/1558/1558 
f 1558/1558/1558 1557/1557/1557 1559/1559/1559 

g Part121

v 3.32001 4.3 -79.7 
v 3.32001 4.3 -79.7 
v 3.32001 3.3 -80.8 
v 3.32001 3.3 -79.7 

vn 1 0 0 
vn 1 0 0 
vn 1 0 0 
vn 1 0 0 

vt 0.55 1 
vt 0 1 
vt 0.55 0.5 
vt 0 0.5 

usemtl Part3Mtl

f 1560/1560/1560 1561/1561/1561 1562/1562/1562 
f 1562/1562/1562 1561/1561/1561 1563/1563/1563 

g Part122

v 3.30001 3.28 -79.7 
v 2.70001 3.28 -79.7 
v 3.30001 3.28 -80.8 
v 2.70001 3.28 -80.8 

vn 0 -1 0 
vn 0 -1 0 
vn 0 -1 0 
vn 0 -1 0 

vt 0.3 1 
vt 0 1 
vt 0.3 0.45 
vt 0 0.45 

usemtl Part3Mtl

f 1564/1564/1564 1565/1565/1565 1566/1566/1566 
f 1566/1566/1566 1565/1565/1565 1567/1567/1567 

g Part123

v 3.30001 4.3 -79.68 
v 2.70001 4.3 -79.68 
v 3.30001 3.3 -79.68 
v 2.70001 3.3 -79.68 

vn 0 0 1 
vn 0 0 1 
vn 0 0 1 
vn 0 0 1 

vt 0.3 1 
vt 0 1 
vt 0.3 0.5 
vt 0 0.5 

usemtl Part3Mtl

f 1568/1568/1568 1569/1569/1569 1570/1570/1570 
f 1570/1570/1570 1569/1569/1569 1571/1571/1571 

g Part124

v 3.30001 4.4 -79.7387 
v 3.30001 4.4 -77.9 
v 3.30001 4.3 -79.7387 
v 3.30001 4.3 -77.9 
v 2.70001 4.4 -77.9 
v 3.30001 4.4 -77.9 
v 2.70001 4.4 -79.7387 
v 3.30001 4.4 -79.7387 
v 3.30001 4.4 -77.9 
v 2.70001 4.4 -77.9 
v 3.30001 4.3 -77.9 
v 2.70001 4.3 -77.9 
v 2.70001 4.4 -77.9 
v 2.70001 4.4 -79.7387 
v 2.70001 4.3 -77.9 
v 2.70001 4.3 -79.7387 
v 2.70001 4.3 -79.7387 
v 3.30001 4.3 -79.7387 
v 2.70001 4.3 -77.9 
v 3.30001 4.3 -77.9 
v 2.70001 4.4 -79.7387 
v 3.30001 4.4 -79.7387 
v 2.70001 4.3 -79.7387 
v 3.30001 4.3 -79.7387 

vn 1 0 0 
vn 1 0 0 
vn 1 0 0 
vn 1 0 0 
vn 0 1 0 
vn 0 1 0 
vn 0 1 0 
vn 0 1 0 
vn 0 0 1 
vn 0 0 1 
vn 0 0 1 
vn 0 0 1 
vn -1 0 0 
vn -1 0 0 
vn -1 0 0 
vn -1 0 0 
vn 0 -1 0 
vn 0 -1 0 
vn 0 -1 0 
vn 0 -1 0 
vn 0 0 -1 
vn 0 0 -1 
vn 0 0 -1 
vn 0 0 -1 

vt 6.72983 0.25 
vt 6.5 0.25 
vt 6.72983 0.2375 
vt 6.5 0.2375 
vt 6.575 0.25 
vt 6.5 0.25 
vt 6.575 0.0201666 
vt 6.5 0.0201666 
vt 6.575 0.25 
vt 6.5 0.25 
vt 6.575 0.2375 
vt 6.5 0.2375 
vt 6.72983 0.25 
vt 6.5 0.25 
vt 6.72983 0.2375 
vt 6.5 0.2375 
vt 6.575 0.25 
vt 6.5 0.25 
vt 6.575 0.0201666 
vt 6.5 0.0201666 
vt 6.575 0.25 
vt 6.5 0.25 
vt 6.575 0.2375 
vt 6.5 0.2375 

usemtl Part2Mtl

f 1572/1572/1572 1573/1573/1573 1574/1574/1574 
f 1574/1574/1574 1573/1573/1573 1575/1575/1575 
f 1576/1576/1576 1577/1577/1577 1578/1578/1578 
f 1578/1578/1578 1577/1577/1577 1579/1579/1579 
f 1580/1580/1580 1581/1581/1581 1582/1582/1582 
f 1582/1582/1582 1581/1581/1581 1583/1583/1583 
f 1584/1584/1584 1585/1585/1585 1586/1586/1586 
f 1586/1586/1586 1585/1585/1585 1587/1587/1587 
f 1588/1588/1588 1589/1589/1589 1590/1590/1590 
f 1590/1590/1590 1589/1589/1589 1591/1591/1591 
f 1592/1592/1592 1593/1593/1593 1594/1594/1594 
f 1594/1594/1594 1593/1593/1593 1595/1595/1595 

g Part125

v 2.68001 4.4 -77.9 
v 2.68001 4.4 -79.7387 
v 2.68001 4.3 -77.9 
v 2.68001 4.3 -79.7387 

vn -1 0 0 
vn -1 0 0 
vn -1 0 0 
vn -1 0 0 

vt 0.919334 1 
vt 0 1 
vt 0.919334 0.95 
vt 0 0.95 

usemtl Part46Mtl

f 1596/1596/1596 1597/1597/1597 1598/1598/1598 
f 1598/1598/1598 1597/1597/1597 1599/1599/1599 

g Part126

v 3.30001 4.4 -77.88 
v 2.70001 4.4 -77.88 
v 3.30001 4.3 -77.88 
v 2.70001 4.3 -77.88 

vn 0 0 1 
vn 0 0 1 
vn 0 0 1 
vn 0 0 1 

vt 0.3 1 
vt 0 1 
vt 0.3 0.95 
vt 0 0.95 

usemtl Part46Mtl

f 1600/1600/1600 1601/1601/1601 1602/1602/1602 
f 1602/1602/1602 1601/1601/1601 1603/1603/1603 

g Part127

v 2.70001 4.42 -77.9 
v 3.30001 4.42 -77.9 
v 2.70001 4.42 -79.7387 
v 3.30001 4.42 -79.7387 

vn 0 1 0 
vn 0 1 0 
vn 0 1 0 
vn 0 1 0 

vt 0.3 1 
vt 0 1 
vt 0.3 0.0806663 
vt 0 0.0806663 

usemtl Part46Mtl

f 1604/1604/1604 1605/1605/1605 1606/1606/1606 
f 1606/1606/1606 1605/1605/1605 1607/1607/1607 

g Part128

v 2.70001 4.4 -79.7587 
v 3.30001 4.4 -79.7587 
v 2.70001 4.3 -79.7587 
v 3.30001 4.3 -79.7587 

vn 0 0 -1 
vn 0 0 -1 
vn 0 0 -1 
vn 0 0 -1 

vt 0.3 1 
vt 0 1 
vt 0.3 0.95 
vt 0 0.95 

usemtl Part46Mtl

f 1608/1608/1608 1609/1609/1609 1610/1610/1610 
f 1610/1610/1610 1609/1609/1609 1611/1611/1611 

g Part129

v 3.32001 4.4 -79.7387 
v 3.32001 4.4 -77.9 
v 3.32001 4.3 -79.7387 
v 3.32001 4.3 -77.9 

vn 1 0 0 
vn 1 0 0 
vn 1 0 0 
vn 1 0 0 

vt 0.919334 1 
vt 0 1 
vt 0.919334 0.95 
vt 0 0.95 

usemtl Part46Mtl

f 1612/1612/1612 1613/1613/1613 1614/1614/1614 
f 1614/1614/1614 1613/1613/1613 1615/1615/1615 

g Part130

v 3.30001 4.28 -77.9 
v 2.70001 4.28 -77.9 
v 3.30001 4.28 -79.7387 
v 2.70001 4.28 -79.7387 

vn 0 -1 0 
vn 0 -1 0 
vn 0 -1 0 
vn 0 -1 0 

vt 0.3 1 
vt 0 1 
vt 0.3 0.0806663 
vt 0 0.0806663 

usemtl Part46Mtl

f 1616/1616/1616 1617/1617/1617 1618/1618/1618 
f 1618/1618/1618 1617/1617/1617 1619/1619/1619 

g Part131

v 3.30001 3.34422 -80.9 
v 3.30001 4.4 -79.7387 
v 3.30001 3.27023 -80.8327 
v 3.30001 4.32601 -79.6714 
v 2.70001 4.4 -79.7387 
v 3.30001 4.4 -79.7387 
v 2.70001 3.34422 -80.9 
v 3.30001 3.34422 -80.9 
v 3.30001 4.4 -79.7387 
v 2.70001 4.4 -79.7387 
v 3.30001 4.32601 -79.6714 
v 2.70001 4.32601 -79.6714 
v 2.70001 4.4 -79.7387 
v 2.70001 3.34422 -80.9 
v 2.70001 4.32601 -79.6714 
v 2.70001 3.27023 -80.8327 
v 2.70001 3.27023 -80.8327 
v 3.30001 3.27023 -80.8327 
v 2.70001 4.32601 -79.6714 
v 3.30001 4.32601 -79.6714 
v 2.70001 3.34422 -80.9 
v 3.30001 3.34422 -80.9 
v 2.70001 3.27023 -80.8327 
v 3.30001 3.27023 -80.8327 

vn 1 0 0 
vn 1 0 0 
vn 1 0 0 
vn 1 0 0 
vn 0 0.740157 -0.669291 
vn 0 0.740157 -0.669291 
vn 0 0.740157 -0.669291 
vn 0 0.740157 -0.669291 
vn 0 0.669291 0.740157 
vn 0 0.669291 0.740157 
vn 0 0.669291 0.740157 
vn 0 0.669291 0.740157 
vn -1 0 0 
vn -1 0 0 
vn -1 0 0 
vn -1 0 0 
vn 0 -0.740157 0.669291 
vn 0 -0.740157 0.669291 
vn 0 -0.740157 0.669291 
vn 0 -0.740157 0.669291 
vn 0 -0.669291 -0.740157 
vn 0 -0.669291 -0.740157 
vn 0 -0.669291 -0.740157 
vn 0 -0.669291 -0.740157 

vt 5.44619 -1.25 
vt 5.25 -1.25 
vt 5.44619 -1.2625 
vt 5.25 -1.2625 
vt 5.325 -1.25 
vt 5.25 -1.25 
vt 5.325 -1.44619 
vt 5.25 -1.44619 
vt 5.325 -1.25 
vt 5.25 -1.25 
vt 5.325 -1.2625 
vt 5.25 -1.2625 
vt 5.44619 -1.25 
vt 5.25 -1.25 
vt 5.44619 -1.2625 
vt 5.25 -1.2625 
vt 5.325 -1.25 
vt 5.25 -1.25 
vt 5.325 -1.44619 
vt 5.25 -1.44619 
vt 5.325 -1.25 
vt 5.25 -1.25 
vt 5.325 -1.2625 
vt 5.25 -1.2625 

usemtl Part2Mtl

f 1620/1620/1620 1621/1621/1621 1622/1622/1622 
f 1622/1622/1622 1621/1621/1621 1623/1623/1623 
f 1624/1624/1624 1625/1625/1625 1626/1626/1626 
f 1626/1626/1626 1625/1625/1625 1627/1627/1627 
f 1628/1628/1628 1629/1629/1629 1630/1630/1630 
f 1630/1630/1630 1629/1629/1629 1631/1631/1631 
f 1632/1632/1632 1633/1633/1633 1634/1634/1634 
f 1634/1634/1634 1633/1633/1633 1635/1635/1635 
f 1636/1636/1636 1637/1637/1637 1638/1638/1638 
f 1638/1638/1638 1637/1637/1637 1639/1639/1639 
f 1640/1640/1640 1641/1641/1641 1642/1642/1642 
f 1642/1642/1642 1641/1641/1641 1643/1643/1643 

g Part132

v 2.68001 4.4 -79.7387 
v 2.68001 3.34422 -80.9 
v 2.68001 4.32601 -79.6714 
v 2.68001 3.27023 -80.8327 

vn -1 0 0 
vn -1 0 0 
vn -1 0 0 
vn -1 0 0 

vt 0.784762 1 
vt 0 1 
vt 0.784762 0.95 
vt 0 0.95 

usemtl Part46Mtl

f 1644/1644/1644 1645/1645/1645 1646/1646/1646 
f 1646/1646/1646 1645/1645/1645 1647/1647/1647 

g Part133

v 3.30001 4.41339 -79.7239 
v 2.70001 4.41339 -79.7239 
v 3.30001 4.33939 -79.6566 
v 2.70001 4.33939 -79.6566 

vn 0 0.669291 0.740157 
vn 0 0.669291 0.740157 
vn 0 0.669291 0.740157 
vn 0 0.669291 0.740157 

vt 0.3 1 
vt 0 1 
vt 0.3 0.95 
vt 0 0.95 

usemtl Part46Mtl

f 1648/1648/1648 1649/1649/1649 1650/1650/1650 
f 1650/1650/1650 1649/1649/1649 1651/1651/1651 

g Part134

v 2.70001 4.4148 -79.7521 
v 3.30001 4.4148 -79.7521 
v 2.70001 3.35903 -80.9134 
v 3.30001 3.35903 -80.9134 

vn 0 0.740157 -0.669291 
vn 0 0.740157 -0.669291 
vn 0 0.740157 -0.669291 
vn 0 0.740157 -0.669291 

vt 0.3 1 
vt 0 1 
vt 0.3 0.215238 
vt 0 0.215238 

usemtl Part46Mtl

f 1652/1652/1652 1653/1653/1653 1654/1654/1654 
f 1654/1654/1654 1653/1653/1653 1655/1655/1655 

g Part135

v 2.70001 3.33084 -80.9148 
v 3.30001 3.33084 -80.9148 
v 2.70001 3.25684 -80.8475 
v 3.30001 3.25684 -80.8475 

vn 0 -0.669291 -0.740157 
vn 0 -0.669291 -0.740157 
vn 0 -0.669291 -0.740157 
vn 0 -0.669291 -0.740157 

vt 0.3 1 
vt 0 1 
vt 0.3 0.95 
vt 0 0.95 

usemtl Part46Mtl

f 1656/1656/1656 1657/1657/1657 1658/1658/1658 
f 1658/1658/1658 1657/1657/1657 1659/1659/1659 

g Part136

v 3.32001 3.34422 -80.9 
v 3.32001 4.4 -79.7387 
v 3.32001 3.27023 -80.8327 
v 3.32001 4.32601 -79.6714 

vn 1 0 0 
vn 1 0 0 
vn 1 0 0 
vn 1 0 0 

vt 0.784762 1 
vt 0 1 
vt 0.784762 0.95 
vt 0 0.95 

usemtl Part46Mtl

f 1660/1660/1660 1661/1661/1661 1662/1662/1662 
f 1662/1662/1662 1661/1661/1661 1663/1663/1663 

g Part137

v 3.30001 4.3112 -79.658 
v 2.70001 4.3112 -79.658 
v 3.30001 3.25543 -80.8194 
v 2.70001 3.25543 -80.8194 

vn 0 -0.740157 0.669291 
vn 0 -0.740157 0.669291 
vn 0 -0.740157 0.669291 
vn 0 -0.740157 0.669291 

vt 0.3 1 
vt 0 1 
vt 0.3 0.215238 
vt 0 0.215238 

usemtl Part46Mtl

f 1664/1664/1664 1665/1665/1665 1666/1666/1666 
f 1666/1666/1666 1665/1665/1665 1667/1667/1667 

g Part138

v 3.30001 -0.0386629 -80.9 
v 3.30001 3.34422 -80.9 
v 3.30001 -0.0386629 -80.8 
v 3.30001 3.34422 -80.8 
v 2.70001 3.34422 -80.9 
v 3.30001 3.34422 -80.9 
v 2.70001 -0.0386629 -80.9 
v 3.30001 -0.0386629 -80.9 
v 3.30001 3.34422 -80.9 
v 2.70001 3.34422 -80.9 
v 3.30001 3.34422 -80.8 
v 2.70001 3.34422 -80.8 
v 2.70001 3.34422 -80.9 
v 2.70001 -0.0386629 -80.9 
v 2.70001 3.34422 -80.8 
v 2.70001 -0.0386629 -80.8 
v 2.70001 -0.0386629 -80.8 
v 3.30001 -0.0386629 -80.8 
v 2.70001 3.34422 -80.8 
v 3.30001 3.34422 -80.8 
v 2.70001 -0.0386629 -80.9 
v 3.30001 -0.0386629 -80.9 
v 2.70001 -0.0386629 -80.8 
v 3.30001 -0.0386629 -80.8 

vn 1 0 0 
vn 1 0 0 
vn 1 0 0 
vn 1 0 0 
vn 0 0 -1 
vn 0 0 -1 
vn 0 0 -1 
vn 0 0 -1 
vn 0 1 0 
vn 0 1 0 
vn 0 1 0 
vn 0 1 0 
vn -1 0 0 
vn -1 0 0 
vn -1 0 0 
vn -1 0 0 
vn 0 0 1 
vn 0 0 1 
vn 0 0 1 
vn 0 0 1 
vn 0 -1 0 
vn 0 -1 0 
vn 0 -1 0 
vn 0 -1 0 

vt 1.17286 -4.75 
vt 0.75 -4.75 
vt 1.17286 -4.7625 
vt 0.75 -4.7625 
vt 0.825 -4.75 
vt 0.75 -4.75 
vt 0.825 -5.17286 
vt 0.75 -5.17286 
vt 0.825 -4.75 
vt 0.75 -4.75 
vt 0.825 -4.7625 
vt 0.75 -4.7625 
vt 1.17286 -4.75 
vt 0.75 -4.75 
vt 1.17286 -4.7625 
vt 0.75 -4.7625 
vt 0.825 -4.75 
vt 0.75 -4.75 
vt 0.825 -5.17286 
vt 0.75 -5.17286 
vt 0.825 -4.75 
vt 0.75 -4.75 
vt 0.825 -4.7625 
vt 0.75 -4.7625 

usemtl Part2Mtl

f 1668/1668/1668 1669/1669/1669 1670/1670/1670 
f 1670/1670/1670 1669/1669/1669 1671/1671/1671 
f 1672/1672/1672 1673/1673/1673 1674/1674/1674 
f 1674/1674/1674 1673/1673/1673 1675/1675/1675 
f 1676/1676/1676 1677/1677/1677 1678/1678/1678 
f 1678/1678/1678 1677/1677/1677 1679/1679/1679 
f 1680/1680/1680 1681/1681/1681 1682/1682/1682 
f 1682/1682/1682 1681/1681/1681 1683/1683/1683 
f 1684/1684/1684 1685/1685/1685 1686/1686/1686 
f 1686/1686/1686 1685/1685/1685 1687/1687/1687 
f 1688/1688/1688 1689/1689/1689 1690/1690/1690 
f 1690/1690/1690 1689/1689/1689 1691/1691/1691 

g Part139

v 2.68001 3.34422 -80.9 
v 2.68001 -0.0386629 -80.9 
v 2.68001 3.34422 -80.8 
v 2.68001 -0.0386629 -80.8 

vn -1 0 0 
vn -1 0 0 
vn -1 0 0 
vn -1 0 0 

vt 1.69144 1 
vt 0 1 
vt 1.69144 0.95 
vt 0 0.95 

usemtl Part46Mtl

f 1692/1692/1692 1693/1693/1693 1694/1694/1694 
f 1694/1694/1694 1693/1693/1693 1695/1695/1695 

g Part140

v 3.30001 3.36422 -80.9 
v 2.70001 3.36422 -80.9 
v 3.30001 3.36422 -80.8 
v 2.70001 3.36422 -80.8 

vn 0 1 0 
vn 0 1 0 
vn 0 1 0 
vn 0 1 0 

vt 0.3 1 
vt 0 1 
vt 0.3 0.95 
vt 0 0.95 

usemtl Part46Mtl

f 1696/1696/1696 1697/1697/1697 1698/1698/1698 
f 1698/1698/1698 1697/1697/1697 1699/1699/1699 

g Part141

v 2.70001 3.34422 -80.92 
v 3.30001 3.34422 -80.92 
v 2.70001 -0.0386629 -80.92 
v 3.30001 -0.0386629 -80.92 

vn 0 0 -1 
vn 0 0 -1 
vn 0 0 -1 
vn 0 0 -1 

vt 0.3 1 
vt 0 1 
vt 0.3 -0.691444 
vt 0 -0.691444 

usemtl Part46Mtl

f 1700/1700/1700 1701/1701/1701 1702/1702/1702 
f 1702/1702/1702 1701/1701/1701 1703/1703/1703 

g Part142

v 2.70001 -0.0586629 -80.9 
v 3.30001 -0.0586629 -80.9 
v 2.70001 -0.0586629 -80.8 
v 3.30001 -0.0586629 -80.8 

vn 0 -1 0 
vn 0 -1 0 
vn 0 -1 0 
vn 0 -1 0 

vt 0.3 1 
vt 0 1 
vt 0.3 0.95 
vt 0 0.95 

usemtl Part46Mtl

f 1704/1704/1704 1705/1705/1705 1706/1706/1706 
f 1706/1706/1706 1705/1705/1705 1707/1707/1707 

g Part143

v 3.32001 -0.0386629 -80.9 
v 3.32001 3.34422 -80.9 
v 3.32001 -0.0386629 -80.8 
v 3.32001 3.34422 -80.8 

vn 1 0 0 
vn 1 0 0 
vn 1 0 0 
vn 1 0 0 

vt 1.69144 1 
vt 0 1 
vt 1.69144 0.95 
vt 0 0.95 

usemtl Part46Mtl

f 1708/1708/1708 1709/1709/1709 1710/1710/1710 
f 1710/1710/1710 1709/1709/1709 1711/1711/1711 

g Part144

v 3.30001 3.34422 -80.78 
v 2.70001 3.34422 -80.78 
v 3.30001 -0.0386629 -80.78 
v 2.70001 -0.0386629 -80.78 

vn 0 0 1 
vn 0 0 1 
vn 0 0 1 
vn 0 0 1 

vt 0.3 1 
vt 0 1 
vt 0.3 -0.691444 
vt 0 -0.691444 

usemtl Part46Mtl

f 1712/1712/1712 1713/1713/1713 1714/1714/1714 
f 1714/1714/1714 1713/1713/1713 1715/1715/1715 

g Part145

v -1.89999 2 -79.1 
v 2.69868 2 -79.1 
v -1.89999 1.9 -79.1 
v 2.69868 1.9 -79.1 
v 2.69868 2 -78.5 
v 2.69868 2 -79.1 
v -1.89999 2 -78.5 
v -1.89999 2 -79.1 
v 2.69868 2 -79.1 
v 2.69868 2 -78.5 
v 2.69868 1.9 -79.1 
v 2.69868 1.9 -78.5 
v 2.69868 2 -78.5 
v -1.89999 2 -78.5 
v 2.69868 1.9 -78.5 
v -1.89999 1.9 -78.5 
v -1.89999 1.9 -78.5 
v -1.89999 1.9 -79.1 
v 2.69868 1.9 -78.5 
v 2.69868 1.9 -79.1 
v -1.89999 2 -78.5 
v -1.89999 2 -79.1 
v -1.89999 1.9 -78.5 
v -1.89999 1.9 -79.1 

vn 0 0 -1 
vn 0 0 -1 
vn 0 0 -1 
vn 0 0 -1 
vn 0 1 0 
vn 0 1 0 
vn 0 1 0 
vn 0 1 0 
vn 1 0 0 
vn 1 0 0 
vn 1 0 0 
vn 1 0 0 
vn 0 0 1 
vn 0 0 1 
vn 0 0 1 
vn 0 0 1 
vn 0 -1 0 
vn 0 -1 0 
vn 0 -1 0 
vn 0 -1 0 
vn -1 0 0 
vn -1 0 0 
vn -1 0 0 
vn -1 0 0 

vt 1.07483 -5.75 
vt 0.5 -5.75 
vt 1.07483 -5.7625 
vt 0.5 -5.7625 
vt 0.575 -5.75 
vt 0.5 -5.75 
vt 0.575 -6.32483 
vt 0.5 -6.32483 
vt 0.575 -5.75 
vt 0.5 -5.75 
vt 0.575 -5.7625 
vt 0.5 -5.7625 
vt 1.07483 -5.75 
vt 0.5 -5.75 
vt 1.07483 -5.7625 
vt 0.5 -5.7625 
vt 0.575 -5.75 
vt 0.5 -5.75 
vt 0.575 -6.32483 
vt 0.5 -6.32483 
vt 0.575 -5.75 
vt 0.5 -5.75 
vt 0.575 -5.7625 
vt 0.5 -5.7625 

usemtl Part2Mtl

f 1716/1716/1716 1717/1717/1717 1718/1718/1718 
f 1718/1718/1718 1717/1717/1717 1719/1719/1719 
f 1720/1720/1720 1721/1721/1721 1722/1722/1722 
f 1722/1722/1722 1721/1721/1721 1723/1723/1723 
f 1724/1724/1724 1725/1725/1725 1726/1726/1726 
f 1726/1726/1726 1725/1725/1725 1727/1727/1727 
f 1728/1728/1728 1729/1729/1729 1730/1730/1730 
f 1730/1730/1730 1729/1729/1729 1731/1731/1731 
f 1732/1732/1732 1733/1733/1733 1734/1734/1734 
f 1734/1734/1734 1733/1733/1733 1735/1735/1735 
f 1736/1736/1736 1737/1737/1737 1738/1738/1738 
f 1738/1738/1738 1737/1737/1737 1739/1739/1739 

g Part146

v 2.69868 2 -78.48 
v -1.89999 2 -78.48 
v 2.69868 1.9 -78.48 
v -1.89999 1.9 -78.48 

vn 0 0 1 
vn 0 0 1 
vn 0 0 1 
vn 0 0 1 

vt 2.29933 1 
vt 0 1 
vt 2.29933 0.95 
vt 0 0.95 

usemtl Part46Mtl

f 1740/1740/1740 1741/1741/1741 1742/1742/1742 
f 1742/1742/1742 1741/1741/1741 1743/1743/1743 

g Part147

v 2.71868 2 -79.1 
v 2.71868 2 -78.5 
v 2.71868 1.9 -79.1 
v 2.71868 1.9 -78.5 

vn 1 0 0 
vn 1 0 0 
vn 1 0 0 
vn 1 0 0 

vt 0.3 1 
vt 0 1 
vt 0.3 0.95 
vt 0 0.95 

usemtl Part46Mtl

f 1744/1744/1744 1745/1745/1745 1746/1746/1746 
f 1746/1746/1746 1745/1745/1745 1747/1747/1747 

g Part148

v 2.69868 2.02 -78.5 
v 2.69868 2.02 -79.1 
v -1.89999 2.02 -78.5 
v -1.89999 2.02 -79.1 

vn 0 1 0 
vn 0 1 0 
vn 0 1 0 
vn 0 1 0 

vt 0.3 1 
vt 0 1 
vt 0.3 -1.29933 
vt 0 -1.29933 

usemtl Part46Mtl

f 1748/1748/1748 1749/1749/1749 1750/1750/1750 
f 1750/1750/1750 1749/1749/1749 1751/1751/1751 

g Part149

v -1.91999 2 -78.5 
v -1.91999 2 -79.1 
v -1.91999 1.9 -78.5 
v -1.91999 1.9 -79.1 

vn -1 0 0 
vn -1 0 0 
vn -1 0 0 
vn -1 0 0 

vt 0.3 1 
vt 0 1 
vt 0.3 0.95 
vt 0 0.95 

usemtl Part46Mtl

f 1752/1752/1752 1753/1753/1753 1754/1754/1754 
f 1754/1754/1754 1753/1753/1753 1755/1755/1755 

g Part150

v -1.89999 2 -79.12 
v 2.69868 2 -79.12 
v -1.89999 1.9 -79.12 
v 2.69868 1.9 -79.12 

vn 0 0 -1 
vn 0 0 -1 
vn 0 0 -1 
vn 0 0 -1 

vt 2.29933 1 
vt 0 1 
vt 2.29933 0.95 
vt 0 0.95 

usemtl Part46Mtl

f 1756/1756/1756 1757/1757/1757 1758/1758/1758 
f 1758/1758/1758 1757/1757/1757 1759/1759/1759 

g Part151

v 2.69868 1.88 -79.1 
v 2.69868 1.88 -78.5 
v -1.89999 1.88 -79.1 
v -1.89999 1.88 -78.5 

vn 0 -1 0 
vn 0 -1 0 
vn 0 -1 0 
vn 0 -1 0 

vt 0.3 1 
vt 0 1 
vt 0.3 -1.29933 
vt 0 -1.29933 

usemtl Part46Mtl

f 1760/1760/1760 1761/1761/1761 1762/1762/1762 
f 1762/1762/1762 1761/1761/1761 1763/1763/1763 

g Part152

v 2.70001 6.1 -77.9 
v 3.30001 6.1 -77.9 
v 2.70001 0 -77.9 
v 3.30001 0 -77.9 
v 3.30001 6.1 -75.7 
v 3.30001 6.1 -77.9 
v 2.70001 6.1 -75.7 
v 2.70001 6.1 -77.9 
v 3.30001 6.1 -77.9 
v 3.30001 6.1 -75.7 
v 3.30001 0 -77.9 
v 3.30001 0 -75.7 
v 3.30001 6.1 -75.7 
v 2.70001 6.1 -75.7 
v 3.30001 0 -75.7 
v 2.70001 0 -75.7 
v 2.70001 0 -75.7 
v 2.70001 0 -77.9 
v 3.30001 0 -75.7 
v 3.30001 0 -77.9 
v 2.70001 6.1 -75.7 
v 2.70001 6.1 -77.9 
v 2.70001 0 -75.7 
v 2.70001 0 -77.9 

vn 0 0 -1 
vn 0 0 -1 
vn 0 0 -1 
vn 0 0 -1 
vn 0 1 0 
vn 0 1 0 
vn 0 1 0 
vn 0 1 0 
vn 1 0 0 
vn 1 0 0 
vn 1 0 0 
vn 1 0 0 
vn 0 0 1 
vn 0 0 1 
vn 0 0 1 
vn 0 0 1 
vn 0 -1 0 
vn 0 -1 0 
vn 0 -1 0 
vn 0 -1 0 
vn -1 0 0 
vn -1 0 0 
vn -1 0 0 
vn -1 0 0 

vt 4.075 -5.25 
vt 4 -5.25 
vt 4.075 -6.0125 
vt 4 -6.0125 
vt 4.275 -5.25 
vt 4 -5.25 
vt 4.275 -5.325 
vt 4 -5.325 
vt 4.275 -5.25 
vt 4 -5.25 
vt 4.275 -6.0125 
vt 4 -6.0125 
vt 4.075 -5.25 
vt 4 -5.25 
vt 4.075 -6.0125 
vt 4 -6.0125 
vt 4.275 -5.25 
vt 4 -5.25 
vt 4.275 -5.325 
vt 4 -5.325 
vt 4.275 -5.25 
vt 4 -5.25 
vt 4.275 -6.0125 
vt 4 -6.0125 

usemtl Part2Mtl

f 1764/1764/1764 1765/1765/1765 1766/1766/1766 
f 1766/1766/1766 1765/1765/1765 1767/1767/1767 
f 1768/1768/1768 1769/1769/1769 1770/1770/1770 
f 1770/1770/1770 1769/1769/1769 1771/1771/1771 
f 1772/1772/1772 1773/1773/1773 1774/1774/1774 
f 1774/1774/1774 1773/1773/1773 1775/1775/1775 
f 1776/1776/1776 1777/1777/1777 1778/1778/1778 
f 1778/1778/1778 1777/1777/1777 1779/1779/1779 
f 1780/1780/1780 1781/1781/1781 1782/1782/1782 
f 1782/1782/1782 1781/1781/1781 1783/1783/1783 
f 1784/1784/1784 1785/1785/1785 1786/1786/1786 
f 1786/1786/1786 1785/1785/1785 1787/1787/1787 

g Part153

v 3.30001 6.1 -75.68 
v 2.70001 6.1 -75.68 
v 3.30001 0 -75.68 
v 2.70001 0 -75.68 

vn 0 0 1 
vn 0 0 1 
vn 0 0 1 
vn 0 0 1 

vt 0.3 1 
vt 0 1 
vt 0.3 -2.05 
vt 0 -2.05 

usemtl Part3Mtl

f 1788/1788/1788 1789/1789/1789 1790/1790/1790 
f 1790/1790/1790 1789/1789/1789 1791/1791/1791 

g Part154

v 3.32001 6.1 -77.9 
v 3.32001 6.1 -75.7 
v 3.32001 0 -77.9 
v 3.32001 0 -75.7 

vn 1 0 0 
vn 1 0 0 
vn 1 0 0 
vn 1 0 0 

vt 1.1 1 
vt 0 1 
vt 1.1 -2.05 
vt 0 -2.05 

usemtl Part3Mtl

f 1792/1792/1792 1793/1793/1793 1794/1794/1794 
f 1794/1794/1794 1793/1793/1793 1795/1795/1795 

g Part155

v 3.30001 6.12 -75.7 
v 3.30001 6.12 -77.9 
v 2.70001 6.12 -75.7 
v 2.70001 6.12 -77.9 

vn 0 1 0 
vn 0 1 0 
vn 0 1 0 
vn 0 1 0 

vt 1.1 1 
vt 0 1 
vt 1.1 0.7 
vt 0 0.7 

usemtl Part3Mtl

f 1796/1796/1796 1797/1797/1797 1798/1798/1798 
f 1798/1798/1798 1797/1797/1797 1799/1799/1799 

g Part156

v 2.68001 6.1 -75.7 
v 2.68001 6.1 -77.9 
v 2.68001 0 -75.7 
v 2.68001 0 -77.9 

vn -1 0 0 
vn -1 0 0 
vn -1 0 0 
vn -1 0 0 

vt 1.1 1 
vt 0 1 
vt 1.1 -2.05 
vt 0 -2.05 

usemtl Part3Mtl

f 1800/1800/1800 1801/1801/1801 1802/1802/1802 
f 1802/1802/1802 1801/1801/1801 1803/1803/1803 

g Part157

v 2.70001 6.1 -77.92 
v 3.30001 6.1 -77.92 
v 2.70001 0 -77.92 
v 3.30001 0 -77.92 

vn 0 0 -1 
vn 0 0 -1 
vn 0 0 -1 
vn 0 0 -1 

vt 0.3 1 
vt 0 1 
vt 0.3 -2.05 
vt 0 -2.05 

usemtl Part3Mtl

f 1804/1804/1804 1805/1805/1805 1806/1806/1806 
f 1806/1806/1806 1805/1805/1805 1807/1807/1807 

g Part158

v 3.30001 -0.02 -77.9 
v 3.30001 -0.02 -75.7 
v 2.70001 -0.02 -77.9 
v 2.70001 -0.02 -75.7 

vn 0 -1 0 
vn 0 -1 0 
vn 0 -1 0 
vn 0 -1 0 

vt 1.1 1 
vt 0 1 
vt 1.1 0.7 
vt 0 0.7 

usemtl Part3Mtl

f 1808/1808/1808 1809/1809/1809 1810/1810/1810 
f 1810/1810/1810 1809/1809/1809 1811/1811/1811 

g Part159

v 3.30001 4.3 -78 
v 3.30001 6.2 -78 
v 3.30001 4.3 -77.9 
v 3.30001 6.2 -77.9 
v 2.70001 6.2 -78 
v 3.30001 6.2 -78 
v 2.70001 4.3 -78 
v 3.30001 4.3 -78 
v 3.30001 6.2 -78 
v 2.70001 6.2 -78 
v 3.30001 6.2 -77.9 
v 2.70001 6.2 -77.9 
v 2.70001 6.2 -78 
v 2.70001 4.3 -78 
v 2.70001 6.2 -77.9 
v 2.70001 4.3 -77.9 
v 2.70001 4.3 -77.9 
v 3.30001 4.3 -77.9 
v 2.70001 6.2 -77.9 
v 3.30001 6.2 -77.9 
v 2.70001 4.3 -78 
v 3.30001 4.3 -78 
v 2.70001 4.3 -77.9 
v 3.30001 4.3 -77.9 

vn 1 0 0 
vn 1 0 0 
vn 1 0 0 
vn 1 0 0 
vn 0 0 -1 
vn 0 0 -1 
vn 0 0 -1 
vn 0 0 -1 
vn 0 1 0 
vn 0 1 0 
vn 0 1 0 
vn 0 1 0 
vn -1 0 0 
vn -1 0 0 
vn -1 0 0 
vn -1 0 0 
vn 0 0 1 
vn 0 0 1 
vn 0 0 1 
vn 0 0 1 
vn 0 -1 0 
vn 0 -1 0 
vn 0 -1 0 
vn 0 -1 0 

vt 1.2375 -1.5 
vt 1 -1.5 
vt 1.2375 -1.5125 
vt 1 -1.5125 
vt 1.075 -1.5 
vt 1 -1.5 
vt 1.075 -1.7375 
vt 1 -1.7375 
vt 1.075 -1.5 
vt 1 -1.5 
vt 1.075 -1.5125 
vt 1 -1.5125 
vt 1.2375 -1.5 
vt 1 -1.5 
vt 1.2375 -1.5125 
vt 1 -1.5125 
vt 1.075 -1.5 
vt 1 -1.5 
vt 1.075 -1.7375 
vt 1 -1.7375 
vt 1.075 -1.5 
vt 1 -1.5 
vt 1.075 -1.5125 
vt 1 -1.5125 

usemtl Part2Mtl

f 1812/1812/1812 1813/1813/1813 1814/1814/1814 
f 1814/1814/1814 1813/1813/1813 1815/1815/1815 
f 1816/1816/1816 1817/1817/1817 1818/1818/1818 
f 1818/1818/1818 1817/1817/1817 1819/1819/1819 
f 1820/1820/1820 1821/1821/1821 1822/1822/1822 
f 1822/1822/1822 1821/1821/1821 1823/1823/1823 
f 1824/1824/1824 1825/1825/1825 1826/1826/1826 
f 1826/1826/1826 1825/1825/1825 1827/1827/1827 
f 1828/1828/1828 1829/1829/1829 1830/1830/1830 
f 1830/1830/1830 1829/1829/1829 1831/1831/1831 
f 1832/1832/1832 1833/1833/1833 1834/1834/1834 
f 1834/1834/1834 1833/1833/1833 1835/1835/1835 

g Part160

v 2.68001 6.2 -78 
v 2.68001 4.3 -78 
v 2.68001 6.2 -77.9 
v 2.68001 4.3 -77.9 

vn -1 0 0 
vn -1 0 0 
vn -1 0 0 
vn -1 0 0 

vt 0.95 1 
vt 0 1 
vt 0.95 0.95 
vt 0 0.95 

usemtl Part46Mtl

f 1836/1836/1836 1837/1837/1837 1838/1838/1838 
f 1838/1838/1838 1837/1837/1837 1839/1839/1839 

g Part161

v 3.30001 6.22 -78 
v 2.70001 6.22 -78 
v 3.30001 6.22 -77.9 
v 2.70001 6.22 -77.9 

vn 0 1 0 
vn 0 1 0 
vn 0 1 0 
vn 0 1 0 

vt 0.3 1 
vt 0 1 
vt 0.3 0.95 
vt 0 0.95 

usemtl Part46Mtl

f 1840/1840/1840 1841/1841/1841 1842/1842/1842 
f 1842/1842/1842 1841/1841/1841 1843/1843/1843 

g Part162

v 2.70001 6.2 -78.02 
v 3.30001 6.2 -78.02 
v 2.70001 4.3 -78.02 
v 3.30001 4.3 -78.02 

vn 0 0 -1 
vn 0 0 -1 
vn 0 0 -1 
vn 0 0 -1 

vt 0.3 1 
vt 0 1 
vt 0.3 0.0500001 
vt 0 0.0500001 

usemtl Part46Mtl

f 1844/1844/1844 1845/1845/1845 1846/1846/1846 
f 1846/1846/1846 1845/1845/1845 1847/1847/1847 

g Part163

v 2.70001 4.28 -78 
v 3.30001 4.28 -78 
v 2.70001 4.28 -77.9 
v 3.30001 4.28 -77.9 

vn 0 -1 0 
vn 0 -1 0 
vn 0 -1 0 
vn 0 -1 0 

vt 0.3 1 
vt 0 1 
vt 0.3 0.95 
vt 0 0.95 

usemtl Part46Mtl

f 1848/1848/1848 1849/1849/1849 1850/1850/1850 
f 1850/1850/1850 1849/1849/1849 1851/1851/1851 

g Part164

v 3.32001 4.3 -78 
v 3.32001 6.2 -78 
v 3.32001 4.3 -77.9 
v 3.32001 6.2 -77.9 

vn 1 0 0 
vn 1 0 0 
vn 1 0 0 
vn 1 0 0 

vt 0.95 1 
vt 0 1 
vt 0.95 0.95 
vt 0 0.95 

usemtl Part46Mtl

f 1852/1852/1852 1853/1853/1853 1854/1854/1854 
f 1854/1854/1854 1853/1853/1853 1855/1855/1855 

g Part165

v 3.30001 6.2 -77.88 
v 2.70001 6.2 -77.88 
v 3.30001 4.3 -77.88 
v 2.70001 4.3 -77.88 

vn 0 0 1 
vn 0 0 1 
vn 0 0 1 
vn 0 0 1 

vt 0.3 1 
vt 0 1 
vt 0.3 0.0500001 
vt 0 0.0500001 

usemtl Part46Mtl

f 1856/1856/1856 1857/1857/1857 1858/1858/1858 
f 1858/1858/1858 1857/1857/1857 1859/1859/1859 

g C394

v -4.84684 6.50534 -86.7766 
v -4.84684 6.56079 -86.9105 
v -4.84684 6.56079 -86.7537 
v -4.84684 6.59999 -86.7642 
v -4.84684 6.61623 -86.8875 
v -4.84684 6.62869 -86.7929 
v -4.84684 6.6392 -86.8321 
v -5.89999 6.62869 -86.7929 
v -4.84684 6.63653 -86.8118 
v -5.89999 6.63653 -86.8118 
v -4.84684 6.6392 -86.8321 
v -4.84684 6.62869 -86.7929 
v -5.89999 6.6392 -86.8321 
v -5.89999 6.61623 -86.7766 
v -4.84684 6.63653 -86.8524 
v -4.84684 6.61623 -86.7766 
v -5.89999 6.63653 -86.8524 
v -4.84684 6.62869 -86.8713 
v -5.89999 6.62869 -86.8713 
v -4.84684 6.61623 -86.8875 
v -5.89999 6.58108 -86.7564 
v -5.89999 6.61623 -86.8875 
v -4.84684 6.48505 -86.8524 
v -4.84684 6.49288 -86.8713 
v -4.84684 6.50534 -86.7766 
v -4.84684 6.52158 -86.9 
v -4.84684 6.56079 -86.9105 
v -4.84684 6.61623 -86.8875 
v -4.84684 6.6392 -86.8321 
v -5.89999 6.6392 -86.8321 
v -4.84684 6.61623 -86.8875 
v -5.89999 6.61623 -86.8875 
v -5.89999 6.59999 -86.9 
v -4.84684 6.59999 -86.9 
v -4.84684 6.58108 -86.9078 
v -5.89999 6.58108 -86.9078 
v -5.89999 6.56079 -86.9105 
v -4.84684 6.56079 -86.9105 
v -5.89999 6.54049 -86.9078 
v -5.89999 6.50534 -86.7766 
v -4.84684 6.54049 -86.9078 
v -5.89999 6.52158 -86.9 
v -4.84684 6.52158 -86.9 
v -4.84684 6.50534 -86.8875 
v -5.89999 6.50534 -86.8875 
v -4.84684 6.48505 -86.8524 
v -4.84684 6.48505 -86.8118 
v -4.84684 6.48238 -86.8321 
v -4.84684 6.49288 -86.8713 
v -4.84684 6.49288 -86.7929 
v -4.84684 6.49288 -86.7929 
v -4.84684 6.49288 -86.8713 
v -4.84684 6.50534 -86.8875 
v -4.84684 6.49288 -86.7929 
v -4.84684 6.50534 -86.8875 
v -4.84684 6.50534 -86.7766 
v -4.84684 6.50534 -86.7766 
v -4.84684 6.50534 -86.8875 
v -4.84684 6.52158 -86.9 
v -4.84684 6.50534 -86.7766 
v -4.84684 6.52158 -86.9 
v -4.84684 6.52158 -86.7642 
v -4.84684 6.54049 -86.9078 
v -4.84684 6.54049 -86.7564 
v -4.84684 6.56079 -86.9105 
v -4.84684 6.56079 -86.7537 
v -4.84684 6.52158 -86.7642 
v -4.84684 6.52158 -86.9 
v -4.84684 6.54049 -86.9078 
v -4.84684 6.54049 -86.7564 
v -4.84684 6.54049 -86.9078 
v -4.84684 6.56079 -86.9105 
v -4.84684 6.56079 -86.7537 
v -4.84684 6.56079 -86.9105 
v -4.84684 6.58108 -86.9078 
v -4.84684 6.56079 -86.7537 
v -4.84684 6.58108 -86.9078 
v -4.84684 6.58108 -86.7564 
v -4.84684 6.58108 -86.7564 
v -4.84684 6.58108 -86.9078 
v -4.84684 6.59999 -86.9 
v -4.84684 6.58108 -86.7564 
v -4.84684 6.59999 -86.9 
v -4.84684 6.59999 -86.7642 
v -4.84684 6.59999 -86.7642 
v -4.84684 6.59999 -86.9 
v -4.84684 6.61623 -86.8875 
v -4.84684 6.59999 -86.7642 
v -4.84684 6.61623 -86.8875 
v -4.84684 6.61623 -86.7766 
v -4.84684 6.61623 -86.7766 
v -4.84684 6.61623 -86.8875 
v -4.84684 6.62869 -86.8713 
v -4.84684 6.61623 -86.7766 
v -4.84684 6.62869 -86.8713 
v -4.84684 6.62869 -86.7929 
v -4.84684 6.63653 -86.8524 
v -4.84684 6.63653 -86.8118 
v -4.84684 6.6392 -86.8321 
v -5.89999 6.62869 -86.7929 
v -5.89999 6.6392 -86.8321 
v -5.89999 6.63653 -86.8524 
v -5.89999 6.59999 -86.7642 
v -5.89999 6.58108 -86.7564 
v -5.89999 6.61623 -86.8875 
v -5.89999 6.56079 -86.7537 
v -5.89999 6.58108 -86.9078 
v -5.89999 6.56079 -86.9105 
v -5.89999 6.52158 -86.7642 
v -5.89999 6.50534 -86.7766 
v -5.89999 6.52158 -86.9 
v -5.89999 6.48505 -86.8118 
v -5.89999 6.49288 -86.8713 
v -5.89999 6.48505 -86.8524 
v -5.89999 6.48505 -86.8524 
v -5.89999 6.48505 -86.8118 
v -5.89999 6.48238 -86.8321 
v -5.89999 6.48505 -86.8118 
v -5.89999 6.48505 -86.8524 
v -5.89999 6.49288 -86.8713 
v -5.89999 6.48505 -86.8118 
v -5.89999 6.49288 -86.8713 
v -5.89999 6.49288 -86.7929 
v -5.89999 6.49288 -86.7929 
v -5.89999 6.49288 -86.8713 
v -5.89999 6.50534 -86.8875 
v -5.89999 6.50534 -86.7766 
v -5.89999 6.50534 -86.7766 
v -5.89999 6.50534 -86.8875 
v -5.89999 6.52158 -86.9 
v -5.89999 6.50534 -86.7766 
v -5.89999 6.52158 -86.9 
v -5.89999 6.52158 -86.7642 
v -5.89999 6.52158 -86.7642 
v -5.89999 6.52158 -86.9 
v -5.89999 6.54049 -86.9078 
v -5.89999 6.52158 -86.7642 
v -5.89999 6.54049 -86.9078 
v -5.89999 6.54049 -86.7564 
v -5.89999 6.54049 -86.7564 
v -5.89999 6.54049 -86.9078 
v -5.89999 6.56079 -86.9105 
v -5.89999 6.54049 -86.7564 
v -5.89999 6.56079 -86.9105 
v -5.89999 6.56079 -86.7537 
v -5.89999 6.58108 -86.9078 
v -5.89999 6.56079 -86.7537 
v -5.89999 6.58108 -86.9078 
v -5.89999 6.58108 -86.7564 
v -5.89999 6.58108 -86.7564 
v -5.89999 6.58108 -86.9078 
v -5.89999 6.59999 -86.9 
v -5.89999 6.58108 -86.7564 
v -5.89999 6.59999 -86.9 
v -5.89999 6.59999 -86.7642 
v -5.89999 6.59999 -86.7642 
v -5.89999 6.59999 -86.9 
v -5.89999 6.61623 -86.8875 
v -5.89999 6.59999 -86.7642 
v -5.89999 6.61623 -86.8875 
v -5.89999 6.61623 -86.7766 
v -5.89999 6.61623 -86.7766 
v -5.89999 6.61623 -86.8875 
v -5.89999 6.62869 -86.8713 
v -5.89999 6.61623 -86.7766 
v -5.89999 6.62869 -86.8713 
v -5.89999 6.62869 -86.7929 
v -5.89999 6.62869 -86.7929 
v -5.89999 6.62869 -86.8713 
v -5.89999 6.63653 -86.8524 
v -5.89999 6.62869 -86.7929 
v -5.89999 6.63653 -86.8524 
v -5.89999 6.63653 -86.8118 
v -5.89999 6.63653 -86.8118 
v -5.89999 6.63653 -86.8524 
v -5.89999 6.6392 -86.8321 
v -4.84684 6.48505 -86.8524 
v -4.84684 6.48238 -86.8321 
v -4.84684 6.49288 -86.8713 
v -4.84684 6.49288 -86.7929 
v -4.84684 6.50534 -86.7766 
v -4.84684 6.56079 -86.9105 
v -4.84684 6.56079 -86.7537 
v -5.89999 6.56079 -86.7537 
v -5.89999 6.56079 -86.9105 
v -4.84684 6.50534 -86.7766 
v -5.89999 6.50534 -86.7766 
v -4.84684 6.49288 -86.7929 
v -5.89999 6.49288 -86.7929 
v -4.84684 6.48505 -86.8118 
v -4.84684 6.50534 -86.8875 
v -5.89999 6.48505 -86.8118 
v -5.89999 6.50534 -86.8875 
v -4.84684 6.48238 -86.8321 
v -5.89999 6.49288 -86.8713 
v -5.89999 6.48238 -86.8321 
v -4.84684 6.49288 -86.8713 
v -4.84684 6.48505 -86.8524 
v -5.89999 6.48505 -86.8524 
v -4.84684 6.50534 -86.7766 
v -4.84684 6.54049 -86.7564 
v -4.84684 6.58108 -86.7564 
v -4.84684 6.59999 -86.7642 
v -4.84684 6.62869 -86.7929 
v -4.84684 6.6392 -86.8321 
v -5.89999 6.62869 -86.7929 
v -5.89999 6.6392 -86.8321 
v -5.89999 6.61623 -86.7766 
v -4.84684 6.61623 -86.7766 
v -4.84684 6.59999 -86.7642 
v -5.89999 6.59999 -86.7642 
v -4.84684 6.58108 -86.7564 
v -5.89999 6.58108 -86.7564 
v -4.84684 6.56079 -86.7537 
v -5.89999 6.56079 -86.7537 
v -4.84684 6.54049 -86.7564 
v -5.89999 6.54049 -86.7564 
v -4.84684 6.52158 -86.7642 
v -5.89999 6.52158 -86.7642 
v -4.84684 6.50534 -86.7766 
v -5.89999 6.50534 -86.7766 

vn 1 0 0 
vn 1 0 0 
vn 1 0 0 
vn 1 0 0 
vn 1 0 0 
vn 1 0 0 
vn 1 0 0 
vn 0 0.866142 0.503937 
vn 0 0.968504 0.259843 
vn 0 0.968504 0.259843 
vn 0 1 0 
vn 0 0.866142 0.496063 
vn 0 1 0 
vn 0 0.708661 0.708661 
vn 0 0.968504 -0.259843 
vn 0 0.708661 0.708661 
vn 0 0.968504 -0.259843 
vn 0 0.866142 -0.503937 
vn 0 0.866142 -0.496063 
vn 0 0.708661 -0.708661 
vn 0 0.259843 0.968504 
vn 0 0.708661 -0.708661 
vn 1 0 0 
vn 1 0 0 
vn 1 0 0 
vn 1 0 0 
vn 1 0 0 
vn 1 0 0 
vn 1 0 0 
vn 0 1 0 
vn 0 0.708661 -0.708661 
vn 0 0.708661 -0.708661 
vn 0 0.503937 -0.866142 
vn 0 0.496063 -0.866142 
vn 0 0.259843 -0.968504 
vn 0 0.259843 -0.968504 
vn 0 0 -1 
vn 0 0 -1 
vn 0 -0.259843 -0.968504 
vn 0 -0.708661 0.708661 
vn 0 -0.259843 -0.968504 
vn 0 -0.503937 -0.866142 
vn 0 -0.503937 -0.866142 
vn 0 -0.708661 -0.708661 
vn 0 -0.708661 -0.708661 
vn 1 0 0 
vn 1 0 0 
vn 1 0 0 
vn 1 0 0 
vn 1 0 0 
vn 1 0 0 
vn 1 0 0 
vn 1 0 0 
vn 1 0 0 
vn 1 0 0 
vn 1 0 0 
vn 1 0 0 
vn 1 0 0 
vn 1 0 0 
vn 1 0 0 
vn 1 0 0 
vn 1 0 0 
vn 1 0 0 
vn 1 0 0 
vn 1 0 0 
vn 1 0 0 
vn 1 0 0 
vn 1 0 0 
vn 1 0 0 
vn 1 0 0 
vn 1 0 0 
vn 1 0 0 
vn 1 0 0 
vn 1 0 0 
vn 1 0 0 
vn 1 0 0 
vn 1 0 0 
vn 1 0 0 
vn 1 0 0 
vn 1 0 0 
vn 1 0 0 
vn 1 0 0 
vn 1 0 0 
vn 1 0 0 
vn 1 0 0 
vn 1 0 0 
vn 1 0 0 
vn 1 0 0 
vn 1 0 0 
vn 1 0 0 
vn 1 0 0 
vn 1 0 0 
vn 1 0 0 
vn 1 0 0 
vn 1 0 0 
vn 1 0 0 
vn 1 0 0 
vn 1 0 0 
vn 1 0 0 
vn 0 0.866142 0.503937 
vn 0 1 0 
vn 0 0.968504 -0.259843 
vn 0 0.496063 0.866142 
vn 0 0.259843 0.968504 
vn 0 0.708661 -0.708661 
vn 0 0 1 
vn 0 0.259843 -0.968504 
vn 0 0 -1 
vn 0 -0.503937 0.866142 
vn 0 -0.708661 0.708661 
vn 0 -0.503937 -0.866142 
vn 0 -0.968504 0.259843 
vn 0 -0.866142 -0.503937 
vn 0 -0.968504 -0.259843 
vn 1 0 0 
vn 1 0 0 
vn 1 0 0 
vn 1 0 0 
vn 1 0 0 
vn 1 0 0 
vn 1 0 0 
vn 1 0 0 
vn 1 0 0 
vn 1 0 0 
vn 1 0 0 
vn 1 0 0 
vn 1 0 0 
vn 1 0 0 
vn 1 0 0 
vn 1 0 0 
vn 1 0 0 
vn 1 0 0 
vn 1 0 0 
vn 1 0 0 
vn 1 0 0 
vn 1 0 0 
vn 1 0 0 
vn 1 0 0 
vn 1 0 0 
vn 1 0 0 
vn 1 0 0 
vn 1 0 0 
vn 1 0 0 
vn 1 0 0 
vn 1 0 0 
vn 1 0 0 
vn 1 0 0 
vn 1 0 0 
vn 1 0 0 
vn 1 0 0 
vn 1 0 0 
vn 1 0 0 
vn 1 0 0 
vn 1 0 0 
vn 1 0 0 
vn 1 0 0 
vn 1 0 0 
vn 1 0 0 
vn 1 0 0 
vn 1 0 0 
vn 1 0 0 
vn 1 0 0 
vn 1 0 0 
vn 1 0 0 
vn 1 0 0 
vn 1 0 0 
vn 1 0 0 
vn 1 0 0 
vn 1 0 0 
vn 1 0 0 
vn 1 0 0 
vn 1 0 0 
vn 1 0 0 
vn 1 0 0 
vn 1 0 0 
vn 1 0 0 
vn 1 0 0 
vn 1 0 0 
vn 1 0 0 
vn 1 0 0 
vn 1 0 0 
vn 1 0 0 
vn 1 0 0 
vn 0 0 1 
vn 0 0 -1 
vn 0 -0.708661 0.708661 
vn 0 -0.708661 0.708661 
vn 0 -0.866142 0.503937 
vn 0 -0.866142 0.496063 
vn 0 -0.968504 0.259843 
vn 0 -0.708661 -0.708661 
vn 0 -0.968504 0.259843 
vn 0 -0.708661 -0.708661 
vn 0 -1 0 
vn 0 -0.866142 -0.503937 
vn 0 -1 0 
vn 0 -0.866142 -0.496063 
vn 0 -0.968504 -0.259843 
vn 0 -0.968504 -0.259843 
vn 1 0 0 
vn 1 0 0 
vn 1 0 0 
vn 1 0 0 
vn 1 0 0 
vn 1 0 0 
vn 0 0.866142 0.503937 
vn 0 1 0 
vn 0 0.708661 0.708661 
vn 0 0.708661 0.708661 
vn 0 0.503937 0.866142 
vn 0 0.496063 0.866142 
vn 0 0.259843 0.968504 
vn 0 0.259843 0.968504 
vn 0 0 1 
vn 0 0 1 
vn 0 -0.259843 0.968504 
vn 0 -0.259843 0.968504 
vn 0 -0.496063 0.866142 
vn 0 -0.503937 0.866142 
vn 0 -0.708661 0.708661 
vn 0 -0.708661 0.708661 

vt 0.0526575 0.994455 
vt 0.0526575 1.00784 
vt 0.0526575 0.992159 
vt 0.0526575 0.993209 
vt 0.0526575 1.00554 
vt 0.0526575 0.996079 
vt 0.0526575 1 
vt -0.0526575 0.996079 
vt 0.0526575 0.997971 
vt -0.0526575 0.997971 
vt 0.0526575 1 
vt 0.0526575 0.996079 
vt -0.0526575 1 
vt -0.0526575 0.994455 
vt 0.0526575 1.00203 
vt 0.0526575 0.994455 
vt -0.0526575 1.00203 
vt 0.0526575 1.00392 
vt -0.0526575 1.00392 
vt 0.0526575 1.00554 
vt -0.0526575 0.992426 
vt -0.0526575 1.00554 
vt -0.0526575 0.992426 
vt -0.0526575 0.993209 
vt -0.0526575 0.994455 
vt -0.0526575 0.996079 
vt -0.0526575 1 
vt -0.0526575 1.00554 
vt -0.0526575 1.00784 
vt 0.0526575 1.00784 
vt -0.0526575 1.00554 
vt 0.0526575 1.00554 
vt 0.0526575 1.00392 
vt -0.0526575 1.00392 
vt -0.0526575 1.00203 
vt 0.0526575 1.00203 
vt 0.0526575 1 
vt -0.0526575 1 
vt 0.0526575 0.997971 
vt 0.0526575 0.994455 
vt -0.0526575 0.997971 
vt 0.0526575 0.996079 
vt -0.0526575 0.996079 
vt -0.0526575 0.994455 
vt 0.0526575 0.994455 
vt 0.0020295 0.992426 
vt -0.0020294 0.992426 
vt 5.06381e-08 0.992159 
vt 0.00392066 0.993209 
vt -0.00392055 0.993209 
vt -0.00392055 0.993209 
vt 0.00392066 0.993209 
vt 0.00554462 0.994455 
vt -0.00392055 0.993209 
vt 0.00554462 0.994455 
vt -0.00554452 0.994455 
vt -0.00554452 0.994455 
vt 0.00554462 0.994455 
vt 0.00679074 0.996079 
vt -0.00554452 0.994455 
vt 0.00679074 0.996079 
vt -0.00679063 0.996079 
vt 0.00757408 0.997971 
vt -0.00757397 0.997971 
vt 0.00784126 1 
vt -0.00784116 1 
vt -0.00679063 0.996079 
vt 0.00679074 0.996079 
vt 0.00757408 0.997971 
vt -0.00757397 0.997971 
vt 0.00757408 0.997971 
vt 0.00784126 1 
vt -0.00784116 1 
vt 0.00784126 1 
vt 0.00757408 1.00203 
vt -0.00784116 1 
vt 0.00757408 1.00203 
vt -0.00757397 1.00203 
vt -0.00757397 1.00203 
vt 0.00757408 1.00203 
vt 0.00679074 1.00392 
vt -0.00757397 1.00203 
vt 0.00679074 1.00392 
vt -0.00679063 1.00392 
vt -0.00679063 1.00392 
vt 0.00679074 1.00392 
vt 0.00554463 1.00554 
vt -0.00679063 1.00392 
vt 0.00554463 1.00554 
vt -0.00554452 1.00554 
vt -0.00554452 1.00554 
vt 0.00554463 1.00554 
vt 0.00392066 1.00679 
vt -0.00554452 1.00554 
vt 0.00392066 1.00679 
vt -0.00392055 1.00679 
vt 0.00202951 1.00757 
vt -0.0020294 1.00757 
vt 5.29934e-08 1.00784 
vt -0.00392066 1.00679 
vt -5.06381e-08 1.00784 
vt 0.0020294 1.00757 
vt -0.00679074 1.00392 
vt -0.00757408 1.00203 
vt 0.00554452 1.00554 
vt -0.00784126 1 
vt 0.00757397 1.00203 
vt 0.00784116 1 
vt -0.00679074 0.996079 
vt -0.00554462 0.994455 
vt 0.00679063 0.996079 
vt -0.00202951 0.992426 
vt 0.00392055 0.993209 
vt 0.0020294 0.992426 
vt 0.0020294 0.992426 
vt -0.00202951 0.992426 
vt -5.4171e-08 0.992159 
vt -0.00202951 0.992426 
vt 0.0020294 0.992426 
vt 0.00392055 0.993209 
vt -0.00202951 0.992426 
vt 0.00392055 0.993209 
vt -0.00392066 0.993209 
vt -0.00392066 0.993209 
vt 0.00392055 0.993209 
vt 0.00554452 0.994455 
vt -0.00554462 0.994455 
vt -0.00554462 0.994455 
vt 0.00554452 0.994455 
vt 0.00679063 0.996079 
vt -0.00554462 0.994455 
vt 0.00679063 0.996079 
vt -0.00679074 0.996079 
vt -0.00679074 0.996079 
vt 0.00679063 0.996079 
vt 0.00757397 0.997971 
vt -0.00679074 0.996079 
vt 0.00757397 0.997971 
vt -0.00757408 0.997971 
vt -0.00757408 0.997971 
vt 0.00757397 0.997971 
vt 0.00784116 1 
vt -0.00757408 0.997971 
vt 0.00784116 1 
vt -0.00784126 1 
vt 0.00757397 1.00203 
vt -0.00784126 1 
vt 0.00757397 1.00203 
vt -0.00757408 1.00203 
vt -0.00757408 1.00203 
vt 0.00757397 1.00203 
vt 0.00679063 1.00392 
vt -0.00757408 1.00203 
vt 0.00679063 1.00392 
vt -0.00679074 1.00392 
vt -0.00679074 1.00392 
vt 0.00679063 1.00392 
vt 0.00554452 1.00554 
vt -0.00679074 1.00392 
vt 0.00554452 1.00554 
vt -0.00554462 1.00554 
vt -0.00554462 1.00554 
vt 0.00554452 1.00554 
vt 0.00392055 1.00679 
vt -0.00554462 1.00554 
vt 0.00392055 1.00679 
vt -0.00392066 1.00679 
vt -0.00392066 1.00679 
vt 0.00392055 1.00679 
vt 0.0020294 1.00757 
vt -0.00392066 1.00679 
vt 0.0020294 1.00757 
vt -0.00202951 1.00757 
vt -0.00202951 1.00757 
vt 0.0020294 1.00757 
vt -5.06381e-08 1.00784 
vt -0.0526575 1.00203 
vt -0.0526575 1 
vt -0.0526575 1.00392 
vt -0.0526575 0.996079 
vt -0.0526575 0.994455 
vt -0.0526575 1.00784 
vt -0.0526575 0.992159 
vt 0.0526575 0.992159 
vt 0.0526575 1.00784 
vt -0.0526575 0.994455 
vt 0.0526575 0.994455 
vt -0.0526575 0.996079 
vt 0.0526575 0.996079 
vt -0.0526575 0.997971 
vt -0.0526575 1.00554 
vt 0.0526575 0.997971 
vt 0.0526575 1.00554 
vt -0.0526575 1 
vt 0.0526575 1.00392 
vt 0.0526575 1 
vt -0.0526575 1.00392 
vt -0.0526575 1.00203 
vt 0.0526575 1.00203 
vt 0.0526575 0.994455 
vt 0.0526575 0.997971 
vt 0.0526575 1.00203 
vt 0.0526575 1.00392 
vt 0.0526575 1.00679 
vt 0.0526575 1.00784 
vt -0.0526575 1.00679 
vt -0.0526575 1.00784 
vt -0.0526575 1.00554 
vt 0.0526575 1.00554 
vt 0.0526575 1.00392 
vt -0.0526575 1.00392 
vt 0.0526575 1.00203 
vt -0.0526575 1.00203 
vt 0.0526575 1 
vt -0.0526575 1 
vt 0.0526575 0.997971 
vt -0.0526575 0.997971 
vt 0.0526575 0.996079 
vt -0.0526575 0.996079 
vt 0.0526575 0.994455 
vt -0.0526575 0.994455 

usemtl C394Mtl

f 1867/1867/1867 1868/1868/1868 1869/1869/1869 
f 1870/1870/1870 1869/1869/1869 1868/1868/1868 
f 1868/1868/1868 1867/1867/1867 1871/1871/1871 
f 1869/1869/1869 1870/1870/1870 1872/1872/1872 
f 1873/1873/1873 1871/1871/1871 1867/1867/1867 
f 1874/1874/1874 1872/1872/1872 1870/1870/1870 
f 1871/1871/1871 1873/1873/1873 1875/1875/1875 
f 1872/1872/1872 1874/1874/1874 1876/1876/1876 
f 1877/1877/1877 1876/1876/1876 1874/1874/1874 
f 1876/1876/1876 1877/1877/1877 1878/1878/1878 
f 1879/1879/1879 1878/1878/1878 1877/1877/1877 
f 1878/1878/1878 1879/1879/1879 1881/1881/1881 
f 1890/1890/1890 1892/1892/1892 1891/1891/1891 
f 1892/1892/1892 1890/1890/1890 1893/1893/1893 
f 1894/1894/1894 1892/1892/1892 1893/1893/1893 
f 1892/1892/1892 1894/1894/1894 1895/1895/1895 
f 1894/1894/1894 1896/1896/1896 1895/1895/1895 
f 1896/1896/1896 1894/1894/1894 1897/1897/1897 
f 1897/1897/1897 1898/1898/1898 1896/1896/1896 
f 1898/1898/1898 1897/1897/1897 1900/1900/1900 
f 1900/1900/1900 1901/1901/1901 1898/1898/1898 
f 1901/1901/1901 1900/1900/1900 1902/1902/1902 
f 1903/1903/1903 1901/1901/1901 1902/1902/1902 
f 1901/1901/1901 1903/1903/1903 1904/1904/1904 
f 1905/1905/1905 1906/1906/1906 1907/1907/1907 
f 1906/1906/1906 1905/1905/1905 1908/1908/1908 
f 1906/1906/1906 1908/1908/1908 1909/1909/1909 
f 1910/1910/1910 1911/1911/1911 1912/1912/1912 
f 1913/1913/1913 1914/1914/1914 1915/1915/1915 
f 1916/1916/1916 1917/1917/1917 1918/1918/1918 
f 1919/1919/1919 1920/1920/1920 1921/1921/1921 
f 1921/1921/1921 1922/1922/1922 1923/1923/1923 
f 1923/1923/1923 1924/1924/1924 1925/1925/1925 
f 1926/1926/1926 1927/1927/1927 1928/1928/1928 
f 1929/1929/1929 1930/1930/1930 1931/1931/1931 
f 1932/1932/1932 1933/1933/1933 1934/1934/1934 
f 1935/1935/1935 1936/1936/1936 1937/1937/1937 
f 1938/1938/1938 1939/1939/1939 1940/1940/1940 
f 1941/1941/1941 1942/1942/1942 1943/1943/1943 
f 1944/1944/1944 1945/1945/1945 1946/1946/1946 
f 1947/1947/1947 1948/1948/1948 1949/1949/1949 
f 1950/1950/1950 1951/1951/1951 1952/1952/1952 
f 1953/1953/1953 1954/1954/1954 1955/1955/1955 
f 1955/1955/1955 1954/1954/1954 1956/1956/1956 
f 1955/1955/1955 1956/1956/1956 1957/1957/1957 
f 1957/1957/1957 1956/1956/1956 1958/1958/1958 
f 1974/1974/1974 1975/1975/1975 1976/1976/1976 
f 1977/1977/1977 1978/1978/1978 1979/1979/1979 
f 1980/1980/1980 1981/1981/1981 1982/1982/1982 
f 1983/1983/1983 1984/1984/1984 1985/1985/1985 
f 1983/1983/1983 1985/1985/1985 1986/1986/1986 
f 1987/1987/1987 1988/1988/1988 1989/1989/1989 
f 1990/1990/1990 1991/1991/1991 1992/1992/1992 
f 1993/1993/1993 1994/1994/1994 1995/1995/1995 
f 1996/1996/1996 1997/1997/1997 1998/1998/1998 
f 1999/1999/1999 2000/2000/2000 2001/2001/2001 
f 2002/2002/2002 2003/2003/2003 2004/2004/2004 
f 2004/2004/2004 2003/2003/2003 2005/2005/2005 
f 2006/2006/2006 2007/2007/2007 2008/2008/2008 
f 2009/2009/2009 2010/2010/2010 2011/2011/2011 
f 2012/2012/2012 2013/2013/2013 2014/2014/2014 
f 2015/2015/2015 2016/2016/2016 2017/2017/2017 
f 2018/2018/2018 2019/2019/2019 2020/2020/2020 
f 2021/2021/2021 2022/2022/2022 2023/2023/2023 
f 2024/2024/2024 2025/2025/2025 2026/2026/2026 
f 2027/2027/2027 2028/2028/2028 2029/2029/2029 
f 2030/2030/2030 2031/2031/2031 2032/2032/2032 
f 2033/2033/2033 2034/2034/2034 2035/2035/2035 
f 2046/2046/2046 2047/2047/2047 2045/2045/2045 
f 2047/2047/2047 2046/2046/2046 2048/2048/2048 
f 2048/2048/2048 2049/2049/2049 2047/2047/2047 
f 2049/2049/2049 2048/2048/2048 2051/2051/2051 
f 2051/2051/2051 2053/2053/2053 2049/2049/2049 
f 2050/2050/2050 2054/2054/2054 2052/2052/2052 
f 2053/2053/2053 2051/2051/2051 2055/2055/2055 
f 2054/2054/2054 2050/2050/2050 2056/2056/2056 
f 2055/2055/2055 2057/2057/2057 2053/2053/2053 
f 2056/2056/2056 2058/2058/2058 2054/2054/2054 
f 2057/2057/2057 2055/2055/2055 2058/2058/2058 
f 2057/2057/2057 2058/2058/2058 2056/2056/2056 
f 2067/2067/2067 2069/2069/2069 2068/2068/2068 
f 2069/2069/2069 2067/2067/2067 2070/2070/2070 
f 2070/2070/2070 2071/2071/2071 2069/2069/2069 
f 2071/2071/2071 2070/2070/2070 2072/2072/2072 
f 2072/2072/2072 2073/2073/2073 2071/2071/2071 
f 2073/2073/2073 2072/2072/2072 2074/2074/2074 
f 2074/2074/2074 2075/2075/2075 2073/2073/2073 
f 2075/2075/2075 2074/2074/2074 2076/2076/2076 
f 2076/2076/2076 2077/2077/2077 2075/2075/2075 
f 2077/2077/2077 2076/2076/2076 2078/2078/2078 
f 2078/2078/2078 2079/2079/2079 2077/2077/2077 
f 2079/2079/2079 2078/2078/2078 2080/2080/2080 

g Part166

v -1.89999 0.6 -77.9 
v -1.89999 0.6 -70.1 
v -1.89999 -1.28466 -77.9 
v -1.89999 -1.28466 -70.1 
v -4.99999 0.6 -70.1 
v -1.89999 0.6 -70.1 
v -4.99999 0.6 -77.9 
v -1.89999 0.6 -77.9 
v -1.89999 0.6 -70.1 
v -4.99999 0.6 -70.1 
v -1.89999 -1.28466 -70.1 
v -4.99999 -1.28466 -70.1 
v -4.99999 0.6 -70.1 
v -4.99999 0.6 -77.9 
v -4.99999 -1.28466 -70.1 
v -4.99999 -1.28466 -77.9 
v -4.99999 -1.28466 -77.9 
v -1.89999 -1.28466 -77.9 
v -4.99999 -1.28466 -70.1 
v -1.89999 -1.28466 -70.1 
v -4.99999 0.6 -77.9 
v -1.89999 0.6 -77.9 
v -4.99999 -1.28466 -77.9 
v -1.89999 -1.28466 -77.9 

vn 1 0 0 
vn 1 0 0 
vn 1 0 0 
vn 1 0 0 
vn 0 1 0 
vn 0 1 0 
vn 0 1 0 
vn 0 1 0 
vn 0 0 1 
vn 0 0 1 
vn 0 0 1 
vn 0 0 1 
vn -1 0 0 
vn -1 0 0 
vn -1 0 0 
vn -1 0 0 
vn 0 -1 0 
vn 0 -1 0 
vn 0 -1 0 
vn 0 -1 0 
vn 0 0 -1 
vn 0 0 -1 
vn 0 0 -1 
vn 0 0 -1 

vt 3.9 1 
vt 0 1 
vt 3.9 0.0576723 
vt 0 0.0576723 
vt 1.55 1 
vt 0 1 
vt 1.55 -2.9 
vt 0 -2.9 
vt 1.55 1 
vt 0 1 
vt 1.55 0.0576723 
vt 0 0.0576723 
vt 3.9 1 
vt 0 1 
vt 3.9 0.0576723 
vt 0 0.0576723 
vt 1.55 1 
vt 0 1 
vt 1.55 -2.9 
vt 0 -2.9 
vt 1.55 1 
vt 0 1 
vt 1.55 0.0576723 
vt 0 0.0576723 

usemtl Part1Mtl

f 2081/2081/2081 2082/2082/2082 2083/2083/2083 
f 2083/2083/2083 2082/2082/2082 2084/2084/2084 
f 2085/2085/2085 2086/2086/2086 2087/2087/2087 
f 2087/2087/2087 2086/2086/2086 2088/2088/2088 
f 2089/2089/2089 2090/2090/2090 2091/2091/2091 
f 2091/2091/2091 2090/2090/2090 2092/2092/2092 
f 2093/2093/2093 2094/2094/2094 2095/2095/2095 
f 2095/2095/2095 2094/2094/2094 2096/2096/2096 
f 2097/2097/2097 2098/2098/2098 2099/2099/2099 
f 2099/2099/2099 2098/2098/2098 2100/2100/2100 
f 2101/2101/2101 2102/2102/2102 2103/2103/2103 
f 2103/2103/2103 2102/2102/2102 2104/2104/2104 

g Part167

v -4.99999 0.6 -76.9 
v -4.99999 0.6 -70.1 
v -4.99999 -1.28466 -76.9 
v -4.99999 -1.28466 -70.1 
v -6.59999 0.6 -70.1 
v -4.99999 0.6 -70.1 
v -6.59999 0.6 -76.9 
v -4.99999 0.6 -76.9 
v -4.99999 0.6 -70.1 
v -6.59999 0.6 -70.1 
v -4.99999 -1.28466 -70.1 
v -6.59999 -1.28466 -70.1 
v -6.59999 0.6 -70.1 
v -6.59999 0.6 -76.9 
v -6.59999 -1.28466 -70.1 
v -6.59999 -1.28466 -76.9 
v -6.59999 -1.28466 -76.9 
v -4.99999 -1.28466 -76.9 
v -6.59999 -1.28466 -70.1 
v -4.99999 -1.28466 -70.1 
v -6.59999 0.6 -76.9 
v -4.99999 0.6 -76.9 
v -6.59999 -1.28466 -76.9 
v -4.99999 -1.28466 -76.9 

vn 1 0 0 
vn 1 0 0 
vn 1 0 0 
vn 1 0 0 
vn 0 1 0 
vn 0 1 0 
vn 0 1 0 
vn 0 1 0 
vn 0 0 1 
vn 0 0 1 
vn 0 0 1 
vn 0 0 1 
vn -1 0 0 
vn -1 0 0 
vn -1 0 0 
vn -1 0 0 
vn 0 -1 0 
vn 0 -1 0 
vn 0 -1 0 
vn 0 -1 0 
vn 0 0 -1 
vn 0 0 -1 
vn 0 0 -1 
vn 0 0 -1 

vt 3.4 1 
vt 0 1 
vt 3.4 0.0576723 
vt 0 0.0576723 
vt 0.799999 1 
vt 0 1 
vt 0.799999 -2.4 
vt 0 -2.4 
vt 0.799999 1 
vt 0 1 
vt 0.799999 0.0576723 
vt 0 0.0576723 
vt 3.4 1 
vt 0 1 
vt 3.4 0.0576723 
vt 0 0.0576723 
vt 0.799999 1 
vt 0 1 
vt 0.799999 -2.4 
vt 0 -2.4 
vt 0.799999 1 
vt 0 1 
vt 0.799999 0.0576723 
vt 0 0.0576723 

usemtl Part1Mtl

f 2105/2105/2105 2106/2106/2106 2107/2107/2107 
f 2107/2107/2107 2106/2106/2106 2108/2108/2108 
f 2109/2109/2109 2110/2110/2110 2111/2111/2111 
f 2111/2111/2111 2110/2110/2110 2112/2112/2112 
f 2113/2113/2113 2114/2114/2114 2115/2115/2115 
f 2115/2115/2115 2114/2114/2114 2116/2116/2116 
f 2117/2117/2117 2118/2118/2118 2119/2119/2119 
f 2119/2119/2119 2118/2118/2118 2120/2120/2120 
f 2121/2121/2121 2122/2122/2122 2123/2123/2123 
f 2123/2123/2123 2122/2122/2122 2124/2124/2124 
f 2125/2125/2125 2126/2126/2126 2127/2127/2127 
f 2127/2127/2127 2126/2126/2126 2128/2128/2128 

g Part168

v 3.30001 0.6 -75.7 
v 3.30001 0.6 -64 
v 3.30001 -1.28466 -75.7 
v 3.30001 -1.28466 -64 
v 2.70001 0.6 -64 
v 3.30001 0.6 -64 
v 2.70001 0.6 -75.7 
v 3.30001 0.6 -75.7 
v 3.30001 0.6 -64 
v 2.70001 0.6 -64 
v 3.30001 -1.28466 -64 
v 2.70001 -1.28466 -64 
v 2.70001 0.6 -64 
v 2.70001 0.6 -75.7 
v 2.70001 -1.28466 -64 
v 2.70001 -1.28466 -75.7 
v 2.70001 -1.28466 -75.7 
v 3.30001 -1.28466 -75.7 
v 2.70001 -1.28466 -64 
v 3.30001 -1.28466 -64 
v 2.70001 0.6 -75.7 
v 3.30001 0.6 -75.7 
v 2.70001 -1.28466 -75.7 
v 3.30001 -1.28466 -75.7 

vn 1 0 0 
vn 1 0 0 
vn 1 0 0 
vn 1 0 0 
vn 0 1 0 
vn 0 1 0 
vn 0 1 0 
vn 0 1 0 
vn 0 0 1 
vn 0 0 1 
vn 0 0 1 
vn 0 0 1 
vn -1 0 0 
vn -1 0 0 
vn -1 0 0 
vn -1 0 0 
vn 0 -1 0 
vn 0 -1 0 
vn 0 -1 0 
vn 0 -1 0 
vn 0 0 -1 
vn 0 0 -1 
vn 0 0 -1 
vn 0 0 -1 

vt 5.85 1 
vt 0 1 
vt 5.85 0.0576723 
vt 0 0.0576723 
vt 0.299999 1 
vt 0 1 
vt 0.299999 -4.85 
vt 0 -4.85 
vt 0.299999 1 
vt 0 1 
vt 0.299999 0.0576723 
vt 0 0.0576723 
vt 5.85 1 
vt 0 1 
vt 5.85 0.0576723 
vt 0 0.0576723 
vt 0.299999 1 
vt 0 1 
vt 0.299999 -4.85 
vt 0 -4.85 
vt 0.299999 1 
vt 0 1 
vt 0.299999 0.0576723 
vt 0 0.0576723 

usemtl Part1Mtl

f 2129/2129/2129 2130/2130/2130 2131/2131/2131 
f 2131/2131/2131 2130/2130/2130 2132/2132/2132 
f 2133/2133/2133 2134/2134/2134 2135/2135/2135 
f 2135/2135/2135 2134/2134/2134 2136/2136/2136 
f 2137/2137/2137 2138/2138/2138 2139/2139/2139 
f 2139/2139/2139 2138/2138/2138 2140/2140/2140 
f 2141/2141/2141 2142/2142/2142 2143/2143/2143 
f 2143/2143/2143 2142/2142/2142 2144/2144/2144 
f 2145/2145/2145 2146/2146/2146 2147/2147/2147 
f 2147/2147/2147 2146/2146/2146 2148/2148/2148 
f 2149/2149/2149 2150/2150/2150 2151/2151/2151 
f 2151/2151/2151 2150/2150/2150 2152/2152/2152 

g Part169

v -5.19999 4.3 -69.4 
v -5.19999 4.3 -68.8 
v -5.19999 -4.76837e-07 -69.4 
v -5.19999 -4.76837e-07 -68.8 
v -7.19998 4.3 -68.8 
v -5.19999 4.3 -68.8 
v -7.19998 4.3 -69.4 
v -5.19999 4.3 -69.4 
v -5.19999 4.3 -68.8 
v -7.19998 4.3 -68.8 
v -5.19999 -4.76837e-07 -68.8 
v -7.19998 -4.76837e-07 -68.8 
v -7.19998 4.3 -68.8 
v -7.19998 4.3 -69.4 
v -7.19998 -4.76837e-07 -68.8 
v -7.19998 -4.76837e-07 -69.4 
v -7.19998 -4.76837e-07 -69.4 
v -5.19999 -4.76837e-07 -69.4 
v -7.19998 -4.76837e-07 -68.8 
v -5.19999 -4.76837e-07 -68.8 
v -7.19998 4.3 -69.4 
v -5.19999 4.3 -69.4 
v -7.19998 -4.76837e-07 -69.4 
v -5.19999 -4.76837e-07 -69.4 

vn 1 0 0 
vn 1 0 0 
vn 1 0 0 
vn 1 0 0 
vn 0 1 0 
vn 0 1 0 
vn 0 1 0 
vn 0 1 0 
vn 0 0 1 
vn 0 0 1 
vn 0 0 1 
vn 0 0 1 
vn -1 0 0 
vn -1 0 0 
vn -1 0 0 
vn -1 0 0 
vn 0 -1 0 
vn 0 -1 0 
vn 0 -1 0 
vn 0 -1 0 
vn 0 0 -1 
vn 0 0 -1 
vn 0 0 -1 
vn 0 0 -1 

vt 6.075 0.25 
vt 6 0.25 
vt 6.075 -0.2875 
vt 6 -0.2875 
vt 6.25 0.25 
vt 6 0.25 
vt 6.25 0.175 
vt 6 0.175 
vt 6.25 0.25 
vt 6 0.25 
vt 6.25 -0.2875 
vt 6 -0.2875 
vt 6.075 0.25 
vt 6 0.25 
vt 6.075 -0.2875 
vt 6 -0.2875 
vt 6.25 0.25 
vt 6 0.25 
vt 6.25 0.175 
vt 6 0.175 
vt 6.25 0.25 
vt 6 0.25 
vt 6.25 -0.2875 
vt 6 -0.2875 

usemtl Part2Mtl

f 2153/2153/2153 2154/2154/2154 2155/2155/2155 
f 2155/2155/2155 2154/2154/2154 2156/2156/2156 
f 2157/2157/2157 2158/2158/2158 2159/2159/2159 
f 2159/2159/2159 2158/2158/2158 2160/2160/2160 
f 2161/2161/2161 2162/2162/2162 2163/2163/2163 
f 2163/2163/2163 2162/2162/2162 2164/2164/2164 
f 2165/2165/2165 2166/2166/2166 2167/2167/2167 
f 2167/2167/2167 2166/2166/2166 2168/2168/2168 
f 2169/2169/2169 2170/2170/2170 2171/2171/2171 
f 2171/2171/2171 2170/2170/2170 2172/2172/2172 
f 2173/2173/2173 2174/2174/2174 2175/2175/2175 
f 2175/2175/2175 2174/2174/2174 2176/2176/2176 

g Part170

v -7.21998 4.3 -68.8 
v -7.21998 4.3 -69.4 
v -7.21998 -4.76837e-07 -68.8 
v -7.21998 -4.76837e-07 -69.4 

vn -1 0 0 
vn -1 0 0 
vn -1 0 0 
vn -1 0 0 

vt 0.3 1 
vt 0 1 
vt 0.3 -1.15 
vt 0 -1.15 

usemtl Part3Mtl

f 2177/2177/2177 2178/2178/2178 2179/2179/2179 
f 2179/2179/2179 2178/2178/2178 2180/2180/2180 

g Part171

v -5.19999 4.3 -68.78 
v -7.19998 4.3 -68.78 
v -5.19999 -4.76837e-07 -68.78 
v -7.19998 -4.76837e-07 -68.78 

vn 0 0 1 
vn 0 0 1 
vn 0 0 1 
vn 0 0 1 

vt 1 1 
vt 0 1 
vt 1 -1.15 
vt 0 -1.15 

usemtl Part3Mtl

f 2181/2181/2181 2182/2182/2182 2183/2183/2183 
f 2183/2183/2183 2182/2182/2182 2184/2184/2184 

g Part172

v -7.19998 4.32 -68.8 
v -5.19999 4.32 -68.8 
v -7.19998 4.32 -69.4 
v -5.19999 4.32 -69.4 

vn 0 1 0 
vn 0 1 0 
vn 0 1 0 
vn 0 1 0 

vt 1 1 
vt 0 1 
vt 1 0.7 
vt 0 0.7 

usemtl Part3Mtl

f 2185/2185/2185 2186/2186/2186 2187/2187/2187 
f 2187/2187/2187 2186/2186/2186 2188/2188/2188 

g Part173

v -7.19998 4.3 -69.42 
v -5.19999 4.3 -69.42 
v -7.19998 -4.76837e-07 -69.42 
v -5.19999 -4.76837e-07 -69.42 

vn 0 0 -1 
vn 0 0 -1 
vn 0 0 -1 
vn 0 0 -1 

vt 1 1 
vt 0 1 
vt 1 -1.15 
vt 0 -1.15 

usemtl Part3Mtl

f 2189/2189/2189 2190/2190/2190 2191/2191/2191 
f 2191/2191/2191 2190/2190/2190 2192/2192/2192 

g Part174

v -5.17999 4.3 -69.4 
v -5.17999 4.3 -68.8 
v -5.17999 -4.76837e-07 -69.4 
v -5.17999 -4.76837e-07 -68.8 

vn 1 0 0 
vn 1 0 0 
vn 1 0 0 
vn 1 0 0 

vt 0.3 1 
vt 0 1 
vt 0.3 -1.15 
vt 0 -1.15 

usemtl Part3Mtl

f 2193/2193/2193 2194/2194/2194 2195/2195/2195 
f 2195/2195/2195 2194/2194/2194 2196/2196/2196 

g Part175

v -5.19999 -0.0200005 -68.8 
v -7.19998 -0.0200005 -68.8 
v -5.19999 -0.0200005 -69.4 
v -7.19998 -0.0200005 -69.4 

vn 0 -1 0 
vn 0 -1 0 
vn 0 -1 0 
vn 0 -1 0 

vt 1 1 
vt 0 1 
vt 1 0.7 
vt 0 0.7 

usemtl Part3Mtl

f 2197/2197/2197 2198/2198/2198 2199/2199/2199 
f 2199/2199/2199 2198/2198/2198 2200/2200/2200 

g Part176

v -5.19999 7.6 -70.1 
v -4.59999 7.6 -70.1 
v -5.19999 -4.76837e-07 -70.1 
v -4.59999 -4.76837e-07 -70.1 
v -4.59999 7.6 -68.1 
v -4.59999 7.6 -70.1 
v -5.19999 7.6 -68.1 
v -5.19999 7.6 -70.1 
v -4.59999 7.6 -70.1 
v -4.59999 7.6 -68.1 
v -4.59999 -4.76837e-07 -70.1 
v -4.59999 -4.76837e-07 -68.1 
v -4.59999 7.6 -68.1 
v -5.19999 7.6 -68.1 
v -4.59999 -4.76837e-07 -68.1 
v -5.19999 -4.76837e-07 -68.1 
v -5.19999 -4.76837e-07 -68.1 
v -5.19999 -4.76837e-07 -70.1 
v -4.59999 -4.76837e-07 -68.1 
v -4.59999 -4.76837e-07 -70.1 
v -5.19999 7.6 -68.1 
v -5.19999 7.6 -70.1 
v -5.19999 -4.76837e-07 -68.1 
v -5.19999 -4.76837e-07 -70.1 

vn 0 0 -1 
vn 0 0 -1 
vn 0 0 -1 
vn 0 0 -1 
vn 0 1 0 
vn 0 1 0 
vn 0 1 0 
vn 0 1 0 
vn 1 0 0 
vn 1 0 0 
vn 1 0 0 
vn 1 0 0 
vn 0 0 1 
vn 0 0 1 
vn 0 0 1 
vn 0 0 1 
vn 0 -1 0 
vn 0 -1 0 
vn 0 -1 0 
vn 0 -1 0 
vn -1 0 0 
vn -1 0 0 
vn -1 0 0 
vn -1 0 0 

vt 3.575 -0.25 
vt 3.5 -0.25 
vt 3.575 -1.2 
vt 3.5 -1.2 
vt 3.75 -0.25 
vt 3.5 -0.25 
vt 3.75 -0.325 
vt 3.5 -0.325 
vt 3.75 -0.25 
vt 3.5 -0.25 
vt 3.75 -1.2 
vt 3.5 -1.2 
vt 3.575 -0.25 
vt 3.5 -0.25 
vt 3.575 -1.2 
vt 3.5 -1.2 
vt 3.75 -0.25 
vt 3.5 -0.25 
vt 3.75 -0.325 
vt 3.5 -0.325 
vt 3.75 -0.25 
vt 3.5 -0.25 
vt 3.75 -1.2 
vt 3.5 -1.2 

usemtl Part2Mtl

f 2201/2201/2201 2202/2202/2202 2203/2203/2203 
f 2203/2203/2203 2202/2202/2202 2204/2204/2204 
f 2205/2205/2205 2206/2206/2206 2207/2207/2207 
f 2207/2207/2207 2206/2206/2206 2208/2208/2208 
f 2209/2209/2209 2210/2210/2210 2211/2211/2211 
f 2211/2211/2211 2210/2210/2210 2212/2212/2212 
f 2213/2213/2213 2214/2214/2214 2215/2215/2215 
f 2215/2215/2215 2214/2214/2214 2216/2216/2216 
f 2217/2217/2217 2218/2218/2218 2219/2219/2219 
f 2219/2219/2219 2218/2218/2218 2220/2220/2220 
f 2221/2221/2221 2222/2222/2222 2223/2223/2223 
f 2223/2223/2223 2222/2222/2222 2224/2224/2224 

g Part177

v -4.59999 7.6 -68.08 
v -5.19999 7.6 -68.08 
v -4.59999 -4.76837e-07 -68.08 
v -5.19999 -4.76837e-07 -68.08 

vn 0 0 1 
vn 0 0 1 
vn 0 0 1 
vn 0 0 1 

vt 0.3 1 
vt 0 1 
vt 0.3 -2.8 
vt 0 -2.8 

usemtl Part3Mtl

f 2225/2225/2225 2226/2226/2226 2227/2227/2227 
f 2227/2227/2227 2226/2226/2226 2228/2228/2228 

g Part178

v -4.57999 7.6 -70.1 
v -4.57999 7.6 -68.1 
v -4.57999 -4.76837e-07 -70.1 
v -4.57999 -4.76837e-07 -68.1 

vn 1 0 0 
vn 1 0 0 
vn 1 0 0 
vn 1 0 0 

vt 1 1 
vt 0 1 
vt 1 -2.8 
vt 0 -2.8 

usemtl Part3Mtl

f 2229/2229/2229 2230/2230/2230 2231/2231/2231 
f 2231/2231/2231 2230/2230/2230 2232/2232/2232 

g Part179

v -4.59999 7.62 -68.1 
v -4.59999 7.62 -70.1 
v -5.19999 7.62 -68.1 
v -5.19999 7.62 -70.1 

vn 0 1 0 
vn 0 1 0 
vn 0 1 0 
vn 0 1 0 

vt 1 1 
vt 0 1 
vt 1 0.7 
vt 0 0.7 

usemtl Part3Mtl

f 2233/2233/2233 2234/2234/2234 2235/2235/2235 
f 2235/2235/2235 2234/2234/2234 2236/2236/2236 

g Part180

v -5.21999 7.6 -68.1 
v -5.21999 7.6 -70.1 
v -5.21999 -4.76837e-07 -68.1 
v -5.21999 -4.76837e-07 -70.1 

vn -1 0 0 
vn -1 0 0 
vn -1 0 0 
vn -1 0 0 

vt 1 1 
vt 0 1 
vt 1 -2.8 
vt 0 -2.8 

usemtl Part3Mtl

f 2237/2237/2237 2238/2238/2238 2239/2239/2239 
f 2239/2239/2239 2238/2238/2238 2240/2240/2240 

g Part181

v -5.19999 7.6 -70.12 
v -4.59999 7.6 -70.12 
v -5.19999 -4.76837e-07 -70.12 
v -4.59999 -4.76837e-07 -70.12 

vn 0 0 -1 
vn 0 0 -1 
vn 0 0 -1 
vn 0 0 -1 

vt 0.3 1 
vt 0 1 
vt 0.3 -2.8 
vt 0 -2.8 

usemtl Part3Mtl

f 2241/2241/2241 2242/2242/2242 2243/2243/2243 
f 2243/2243/2243 2242/2242/2242 2244/2244/2244 

g Part182

v -4.59999 -0.0200005 -70.1 
v -4.59999 -0.0200005 -68.1 
v -5.19999 -0.0200005 -70.1 
v -5.19999 -0.0200005 -68.1 

vn 0 -1 0 
vn 0 -1 0 
vn 0 -1 0 
vn 0 -1 0 

vt 1 1 
vt 0 1 
vt 1 0.7 
vt 0 0.7 

usemtl Part3Mtl

f 2245/2245/2245 2246/2246/2246 2247/2247/2247 
f 2247/2247/2247 2246/2246/2246 2248/2248/2248 

g Part183

v -6.59999 4.4 -69.4 
v -5.19999 4.4 -69.4 
v -6.59999 4.3 -69.4 
v -5.19999 4.3 -69.4 
v -5.19999 4.4 -68.8 
v -5.19999 4.4 -69.4 
v -6.59999 4.4 -68.8 
v -6.59999 4.4 -69.4 
v -5.19999 4.4 -69.4 
v -5.19999 4.4 -68.8 
v -5.19999 4.3 -69.4 
v -5.19999 4.3 -68.8 
v -5.19999 4.4 -68.8 
v -6.59999 4.4 -68.8 
v -5.19999 4.3 -68.8 
v -6.59999 4.3 -68.8 
v -6.59999 4.3 -68.8 
v -6.59999 4.3 -69.4 
v -5.19999 4.3 -68.8 
v -5.19999 4.3 -69.4 
v -6.59999 4.4 -68.8 
v -6.59999 4.4 -69.4 
v -6.59999 4.3 -68.8 
v -6.59999 4.3 -69.4 

vn 0 0 -1 
vn 0 0 -1 
vn 0 0 -1 
vn 0 0 -1 
vn 0 1 0 
vn 0 1 0 
vn 0 1 0 
vn 0 1 0 
vn 1 0 0 
vn 1 0 0 
vn 1 0 0 
vn 1 0 0 
vn 0 0 1 
vn 0 0 1 
vn 0 0 1 
vn 0 0 1 
vn 0 -1 0 
vn 0 -1 0 
vn 0 -1 0 
vn 0 -1 0 
vn -1 0 0 
vn -1 0 0 
vn -1 0 0 
vn -1 0 0 

vt 2.675 -2.75 
vt 2.5 -2.75 
vt 2.675 -2.7625 
vt 2.5 -2.7625 
vt 2.575 -2.75 
vt 2.5 -2.75 
vt 2.575 -2.925 
vt 2.5 -2.925 
vt 2.575 -2.75 
vt 2.5 -2.75 
vt 2.575 -2.7625 
vt 2.5 -2.7625 
vt 2.675 -2.75 
vt 2.5 -2.75 
vt 2.675 -2.7625 
vt 2.5 -2.7625 
vt 2.575 -2.75 
vt 2.5 -2.75 
vt 2.575 -2.925 
vt 2.5 -2.925 
vt 2.575 -2.75 
vt 2.5 -2.75 
vt 2.575 -2.7625 
vt 2.5 -2.7625 

usemtl Part2Mtl

f 2249/2249/2249 2250/2250/2250 2251/2251/2251 
f 2251/2251/2251 2250/2250/2250 2252/2252/2252 
f 2253/2253/2253 2254/2254/2254 2255/2255/2255 
f 2255/2255/2255 2254/2254/2254 2256/2256/2256 
f 2257/2257/2257 2258/2258/2258 2259/2259/2259 
f 2259/2259/2259 2258/2258/2258 2260/2260/2260 
f 2261/2261/2261 2262/2262/2262 2263/2263/2263 
f 2263/2263/2263 2262/2262/2262 2264/2264/2264 
f 2265/2265/2265 2266/2266/2266 2267/2267/2267 
f 2267/2267/2267 2266/2266/2266 2268/2268/2268 
f 2269/2269/2269 2270/2270/2270 2271/2271/2271 
f 2271/2271/2271 2270/2270/2270 2272/2272/2272 

g Part184

v -5.19999 4.4 -68.78 
v -6.59999 4.4 -68.78 
v -5.19999 4.3 -68.78 
v -6.59999 4.3 -68.78 

vn 0 0 1 
vn 0 0 1 
vn 0 0 1 
vn 0 0 1 

vt 0.7 1 
vt 0 1 
vt 0.7 0.95 
vt 0 0.95 

usemtl Part46Mtl

f 2273/2273/2273 2274/2274/2274 2275/2275/2275 
f 2275/2275/2275 2274/2274/2274 2276/2276/2276 

g Part185

v -5.17999 4.4 -69.4 
v -5.17999 4.4 -68.8 
v -5.17999 4.3 -69.4 
v -5.17999 4.3 -68.8 

vn 1 0 0 
vn 1 0 0 
vn 1 0 0 
vn 1 0 0 

vt 0.3 1 
vt 0 1 
vt 0.3 0.95 
vt 0 0.95 

usemtl Part46Mtl

f 2277/2277/2277 2278/2278/2278 2279/2279/2279 
f 2279/2279/2279 2278/2278/2278 2280/2280/2280 

g Part186

v -5.19999 4.42 -68.8 
v -5.19999 4.42 -69.4 
v -6.59999 4.42 -68.8 
v -6.59999 4.42 -69.4 

vn 0 1 0 
vn 0 1 0 
vn 0 1 0 
vn 0 1 0 

vt 0.3 1 
vt 0 1 
vt 0.3 0.3 
vt 0 0.3 

usemtl Part46Mtl

f 2281/2281/2281 2282/2282/2282 2283/2283/2283 
f 2283/2283/2283 2282/2282/2282 2284/2284/2284 

g Part187

v -6.61999 4.4 -68.8 
v -6.61999 4.4 -69.4 
v -6.61999 4.3 -68.8 
v -6.61999 4.3 -69.4 

vn -1 0 0 
vn -1 0 0 
vn -1 0 0 
vn -1 0 0 

vt 0.3 1 
vt 0 1 
vt 0.3 0.95 
vt 0 0.95 

usemtl Part46Mtl

f 2285/2285/2285 2286/2286/2286 2287/2287/2287 
f 2287/2287/2287 2286/2286/2286 2288/2288/2288 

g Part188

v -6.59999 4.4 -69.42 
v -5.19999 4.4 -69.42 
v -6.59999 4.3 -69.42 
v -5.19999 4.3 -69.42 

vn 0 0 -1 
vn 0 0 -1 
vn 0 0 -1 
vn 0 0 -1 

vt 0.7 1 
vt 0 1 
vt 0.7 0.95 
vt 0 0.95 

usemtl Part46Mtl

f 2289/2289/2289 2290/2290/2290 2291/2291/2291 
f 2291/2291/2291 2290/2290/2290 2292/2292/2292 

g Part189

v -5.19999 4.28 -69.4 
v -5.19999 4.28 -68.8 
v -6.59999 4.28 -69.4 
v -6.59999 4.28 -68.8 

vn 0 -1 0 
vn 0 -1 0 
vn 0 -1 0 
vn 0 -1 0 

vt 0.3 1 
vt 0 1 
vt 0.3 0.3 
vt 0 0.3 

usemtl Part46Mtl

f 2293/2293/2293 2294/2294/2294 2295/2295/2295 
f 2295/2295/2295 2294/2294/2294 2296/2296/2296 

g Part190

v -5.19999 7.7 -68.1 
v -5.19999 7.7 -70.1 
v -5.19999 7.6 -68.1 
v -5.19999 7.6 -70.1 
v -4.59999 7.7 -70.1 
v -5.19999 7.7 -70.1 
v -4.59999 7.7 -68.1 
v -5.19999 7.7 -68.1 
v -5.19999 7.7 -70.1 
v -4.59999 7.7 -70.1 
v -5.19999 7.6 -70.1 
v -4.59999 7.6 -70.1 
v -4.59999 7.7 -70.1 
v -4.59999 7.7 -68.1 
v -4.59999 7.6 -70.1 
v -4.59999 7.6 -68.1 
v -4.59999 7.6 -68.1 
v -5.19999 7.6 -68.1 
v -4.59999 7.6 -70.1 
v -5.19999 7.6 -70.1 
v -4.59999 7.7 -68.1 
v -5.19999 7.7 -68.1 
v -4.59999 7.6 -68.1 
v -5.19999 7.6 -68.1 

vn -1 0 0 
vn -1 0 0 
vn -1 0 0 
vn -1 0 0 
vn 0 1 0 
vn 0 1 0 
vn 0 1 0 
vn 0 1 0 
vn 0 0 -1 
vn 0 0 -1 
vn 0 0 -1 
vn 0 0 -1 
vn 1 0 0 
vn 1 0 0 
vn 1 0 0 
vn 1 0 0 
vn 0 -1 0 
vn 0 -1 0 
vn 0 -1 0 
vn 0 -1 0 
vn 0 0 1 
vn 0 0 1 
vn 0 0 1 
vn 0 0 1 

vt 6.25 -3.25 
vt 6 -3.25 
vt 6.25 -3.2625 
vt 6 -3.2625 
vt 6.075 -3.25 
vt 6 -3.25 
vt 6.075 -3.5 
vt 6 -3.5 
vt 6.075 -3.25 
vt 6 -3.25 
vt 6.075 -3.2625 
vt 6 -3.2625 
vt 6.25 -3.25 
vt 6 -3.25 
vt 6.25 -3.2625 
vt 6 -3.2625 
vt 6.075 -3.25 
vt 6 -3.25 
vt 6.075 -3.5 
vt 6 -3.5 
vt 6.075 -3.25 
vt 6 -3.25 
vt 6.075 -3.2625 
vt 6 -3.2625 

usemtl Part2Mtl

f 2297/2297/2297 2298/2298/2298 2299/2299/2299 
f 2299/2299/2299 2298/2298/2298 2300/2300/2300 
f 2301/2301/2301 2302/2302/2302 2303/2303/2303 
f 2303/2303/2303 2302/2302/2302 2304/2304/2304 
f 2305/2305/2305 2306/2306/2306 2307/2307/2307 
f 2307/2307/2307 2306/2306/2306 2308/2308/2308 
f 2309/2309/2309 2310/2310/2310 2311/2311/2311 
f 2311/2311/2311 2310/2310/2310 2312/2312/2312 
f 2313/2313/2313 2314/2314/2314 2315/2315/2315 
f 2315/2315/2315 2314/2314/2314 2316/2316/2316 
f 2317/2317/2317 2318/2318/2318 2319/2319/2319 
f 2319/2319/2319 2318/2318/2318 2320/2320/2320 

g Part191

v -4.57999 7.7 -70.1 
v -4.57999 7.7 -68.1 
v -4.57999 7.6 -70.1 
v -4.57999 7.6 -68.1 

vn 1 0 0 
vn 1 0 0 
vn 1 0 0 
vn 1 0 0 

vt 1 1 
vt 0 1 
vt 1 0.95 
vt 0 0.95 

usemtl Part46Mtl

f 2321/2321/2321 2322/2322/2322 2323/2323/2323 
f 2323/2323/2323 2322/2322/2322 2324/2324/2324 

g Part192

v -5.19999 7.7 -70.12 
v -4.59999 7.7 -70.12 
v -5.19999 7.6 -70.12 
v -4.59999 7.6 -70.12 

vn 0 0 -1 
vn 0 0 -1 
vn 0 0 -1 
vn 0 0 -1 

vt 0.3 1 
vt 0 1 
vt 0.3 0.95 
vt 0 0.95 

usemtl Part46Mtl

f 2325/2325/2325 2326/2326/2326 2327/2327/2327 
f 2327/2327/2327 2326/2326/2326 2328/2328/2328 

g Part193

v -4.59999 7.72 -70.1 
v -5.19999 7.72 -70.1 
v -4.59999 7.72 -68.1 
v -5.19999 7.72 -68.1 

vn 0 1 0 
vn 0 1 0 
vn 0 1 0 
vn 0 1 0 

vt 0.3 1 
vt 0 1 
vt 0.3 5.96046e-08 
vt 0 5.96046e-08 

usemtl Part46Mtl

f 2329/2329/2329 2330/2330/2330 2331/2331/2331 
f 2331/2331/2331 2330/2330/2330 2332/2332/2332 

g Part194

v -4.59999 7.7 -68.08 
v -5.19999 7.7 -68.08 
v -4.59999 7.6 -68.08 
v -5.19999 7.6 -68.08 

vn 0 0 1 
vn 0 0 1 
vn 0 0 1 
vn 0 0 1 

vt 0.3 1 
vt 0 1 
vt 0.3 0.95 
vt 0 0.95 

usemtl Part46Mtl

f 2333/2333/2333 2334/2334/2334 2335/2335/2335 
f 2335/2335/2335 2334/2334/2334 2336/2336/2336 

g Part195

v -5.21999 7.7 -68.1 
v -5.21999 7.7 -70.1 
v -5.21999 7.6 -68.1 
v -5.21999 7.6 -70.1 

vn -1 0 0 
vn -1 0 0 
vn -1 0 0 
vn -1 0 0 

vt 1 1 
vt 0 1 
vt 1 0.95 
vt 0 0.95 

usemtl Part46Mtl

f 2337/2337/2337 2338/2338/2338 2339/2339/2339 
f 2339/2339/2339 2338/2338/2338 2340/2340/2340 

g Part196

v -5.19999 7.58 -70.1 
v -4.59999 7.58 -70.1 
v -5.19999 7.58 -68.1 
v -4.59999 7.58 -68.1 

vn 0 -1 0 
vn 0 -1 0 
vn 0 -1 0 
vn 0 -1 0 

vt 0.3 1 
vt 0 1 
vt 0.3 5.96046e-08 
vt 0 5.96046e-08 

usemtl Part46Mtl

f 2341/2341/2341 2342/2342/2342 2343/2343/2343 
f 2343/2343/2343 2342/2342/2342 2344/2344/2344 

g Part197

v 3.30001 6.2 -77.8995 
v 3.30001 6.2 -75.6995 
v 3.30001 6.1 -77.8995 
v 3.30001 6.1 -75.6995 
v 2.70001 6.2 -75.6995 
v 3.30001 6.2 -75.6995 
v 2.70001 6.2 -77.8995 
v 3.30001 6.2 -77.8995 
v 3.30001 6.2 -75.6995 
v 2.70001 6.2 -75.6995 
v 3.30001 6.1 -75.6995 
v 2.70001 6.1 -75.6995 
v 2.70001 6.2 -75.6995 
v 2.70001 6.2 -77.8995 
v 2.70001 6.1 -75.6995 
v 2.70001 6.1 -77.8995 
v 2.70001 6.1 -77.8995 
v 3.30001 6.1 -77.8995 
v 2.70001 6.1 -75.6995 
v 3.30001 6.1 -75.6995 
v 2.70001 6.2 -77.8995 
v 3.30001 6.2 -77.8995 
v 2.70001 6.1 -77.8995 
v 3.30001 6.1 -77.8995 

vn 1 0 0 
vn 1 0 0 
vn 1 0 0 
vn 1 0 0 
vn 0 1 0 
vn 0 1 0 
vn 0 1 0 
vn 0 1 0 
vn 0 0 1 
vn 0 0 1 
vn 0 0 1 
vn 0 0 1 
vn -1 0 0 
vn -1 0 0 
vn -1 0 0 
vn -1 0 0 
vn 0 -1 0 
vn 0 -1 0 
vn 0 -1 0 
vn 0 -1 0 
vn 0 0 -1 
vn 0 0 -1 
vn 0 0 -1 
vn 0 0 -1 

vt 6.525 -4.75 
vt 6.25 -4.75 
vt 6.525 -4.7625 
vt 6.25 -4.7625 
vt 6.325 -4.75 
vt 6.25 -4.75 
vt 6.325 -5.025 
vt 6.25 -5.025 
vt 6.325 -4.75 
vt 6.25 -4.75 
vt 6.325 -4.7625 
vt 6.25 -4.7625 
vt 6.525 -4.75 
vt 6.25 -4.75 
vt 6.525 -4.7625 
vt 6.25 -4.7625 
vt 6.325 -4.75 
vt 6.25 -4.75 
vt 6.325 -5.025 
vt 6.25 -5.025 
vt 6.325 -4.75 
vt 6.25 -4.75 
vt 6.325 -4.7625 
vt 6.25 -4.7625 

usemtl Part2Mtl

f 2345/2345/2345 2346/2346/2346 2347/2347/2347 
f 2347/2347/2347 2346/2346/2346 2348/2348/2348 
f 2349/2349/2349 2350/2350/2350 2351/2351/2351 
f 2351/2351/2351 2350/2350/2350 2352/2352/2352 
f 2353/2353/2353 2354/2354/2354 2355/2355/2355 
f 2355/2355/2355 2354/2354/2354 2356/2356/2356 
f 2357/2357/2357 2358/2358/2358 2359/2359/2359 
f 2359/2359/2359 2358/2358/2358 2360/2360/2360 
f 2361/2361/2361 2362/2362/2362 2363/2363/2363 
f 2363/2363/2363 2362/2362/2362 2364/2364/2364 
f 2365/2365/2365 2366/2366/2366 2367/2367/2367 
f 2367/2367/2367 2366/2366/2366 2368/2368/2368 

g Part198

v 2.68001 6.2 -75.6995 
v 2.68001 6.2 -77.8995 
v 2.68001 6.1 -75.6995 
v 2.68001 6.1 -77.8995 

vn -1 0 0 
vn -1 0 0 
vn -1 0 0 
vn -1 0 0 

vt 1.1 1 
vt 0 1 
vt 1.1 0.95 
vt 0 0.95 

usemtl Part46Mtl

f 2369/2369/2369 2370/2370/2370 2371/2371/2371 
f 2371/2371/2371 2370/2370/2370 2372/2372/2372 

g Part199

v 3.30001 6.2 -75.6795 
v 2.70001 6.2 -75.6795 
v 3.30001 6.1 -75.6795 
v 2.70001 6.1 -75.6795 

vn 0 0 1 
vn 0 0 1 
vn 0 0 1 
vn 0 0 1 

vt 0.3 1 
vt 0 1 
vt 0.3 0.95 
vt 0 0.95 

usemtl Part46Mtl

f 2373/2373/2373 2374/2374/2374 2375/2375/2375 
f 2375/2375/2375 2374/2374/2374 2376/2376/2376 

g Part200

v 2.70001 6.22 -75.6995 
v 3.30001 6.22 -75.6995 
v 2.70001 6.22 -77.8995 
v 3.30001 6.22 -77.8995 

vn 0 1 0 
vn 0 1 0 
vn 0 1 0 
vn 0 1 0 

vt 0.3 1 
vt 0 1 
vt 0.3 -0.1 
vt 0 -0.1 

usemtl Part46Mtl

f 2377/2377/2377 2378/2378/2378 2379/2379/2379 
f 2379/2379/2379 2378/2378/2378 2380/2380/2380 

g Part201

v 2.70001 6.2 -77.9195 
v 3.30001 6.2 -77.9195 
v 2.70001 6.1 -77.9195 
v 3.30001 6.1 -77.9195 

vn 0 0 -1 
vn 0 0 -1 
vn 0 0 -1 
vn 0 0 -1 

vt 0.3 1 
vt 0 1 
vt 0.3 0.95 
vt 0 0.95 

usemtl Part46Mtl

f 2381/2381/2381 2382/2382/2382 2383/2383/2383 
f 2383/2383/2383 2382/2382/2382 2384/2384/2384 

g Part202

v 3.32001 6.2 -77.8995 
v 3.32001 6.2 -75.6995 
v 3.32001 6.1 -77.8995 
v 3.32001 6.1 -75.6995 

vn 1 0 0 
vn 1 0 0 
vn 1 0 0 
vn 1 0 0 

vt 1.1 1 
vt 0 1 
vt 1.1 0.95 
vt 0 0.95 

usemtl Part46Mtl

f 2385/2385/2385 2386/2386/2386 2387/2387/2387 
f 2387/2387/2387 2386/2386/2386 2388/2388/2388 

g Part203

v 3.30001 6.08 -75.6995 
v 2.70001 6.08 -75.6995 
v 3.30001 6.08 -77.8995 
v 2.70001 6.08 -77.8995 

vn 0 -1 0 
vn 0 -1 0 
vn 0 -1 0 
vn 0 -1 0 

vt 0.3 1 
vt 0 1 
vt 0.3 -0.1 
vt 0 -0.1 

usemtl Part46Mtl

f 2389/2389/2389 2390/2390/2390 2391/2391/2391 
f 2391/2391/2391 2390/2390/2390 2392/2392/2392 

g C395

v 3.08202 5.80532 -75.7944 
v 2.94816 5.86076 -75.7944 
v 3.10499 5.86076 -75.7944 
v 3.09448 5.89997 -75.7944 
v 2.97113 5.91621 -75.7944 
v 3.06578 5.92867 -75.7944 
v 3.02658 5.93918 -75.7944 
v 3.06578 5.92867 -68.2413 
v 3.04687 5.9365 -75.7944 
v 3.04687 5.9365 -68.2413 
v 3.02658 5.93918 -75.7944 
v 3.06578 5.92867 -75.7944 
v 3.02658 5.93918 -68.2413 
v 3.08202 5.91621 -68.2413 
v 3.00628 5.9365 -75.7944 
v 3.08202 5.91621 -75.7944 
v 3.00628 5.9365 -68.2413 
v 2.98737 5.92867 -75.7944 
v 2.98737 5.92867 -68.2413 
v 2.97113 5.91621 -75.7944 
v 3.10232 5.88106 -68.2413 
v 2.97113 5.91621 -68.2413 
v 3.00628 5.78503 -75.7944 
v 2.98737 5.79286 -75.7944 
v 3.08202 5.80532 -75.7944 
v 2.95867 5.82156 -75.7944 
v 2.94816 5.86076 -75.7944 
v 2.97113 5.91621 -75.7944 
v 3.02658 5.93918 -75.7944 
v 3.02658 5.93918 -68.2413 
v 2.97113 5.91621 -75.7944 
v 2.97113 5.91621 -68.2413 
v 2.95867 5.89997 -68.2413 
v 2.95867 5.89997 -75.7944 
v 2.95083 5.88106 -75.7944 
v 2.95084 5.88106 -68.2413 
v 2.94816 5.86076 -68.2413 
v 2.94816 5.86076 -75.7944 
v 2.95084 5.84047 -68.2413 
v 3.08202 5.80532 -68.2413 
v 2.95083 5.84047 -75.7944 
v 2.95867 5.82156 -68.2413 
v 2.95867 5.82156 -75.7944 
v 2.97113 5.80532 -75.7944 
v 2.97113 5.80532 -68.2413 
v 3.00628 5.78503 -75.7944 
v 3.04687 5.78503 -75.7944 
v 3.02658 5.78235 -75.7944 
v 2.98737 5.79286 -75.7944 
v 3.06578 5.79286 -75.7944 
v 3.06578 5.79286 -75.7944 
v 2.98737 5.79286 -75.7944 
v 2.97113 5.80532 -75.7944 
v 3.06578 5.79286 -75.7944 
v 2.97113 5.80532 -75.7944 
v 3.08202 5.80532 -75.7944 
v 3.08202 5.80532 -75.7944 
v 2.97113 5.80532 -75.7944 
v 2.95867 5.82156 -75.7944 
v 3.08202 5.80532 -75.7944 
v 2.95867 5.82156 -75.7944 
v 3.09448 5.82156 -75.7944 
v 2.95083 5.84047 -75.7944 
v 3.10232 5.84047 -75.7944 
v 2.94816 5.86076 -75.7944 
v 3.10499 5.86076 -75.7944 
v 3.09448 5.82156 -75.7944 
v 2.95867 5.82156 -75.7944 
v 2.95083 5.84047 -75.7944 
v 3.10232 5.84047 -75.7944 
v 2.95083 5.84047 -75.7944 
v 2.94816 5.86076 -75.7944 
v 3.10499 5.86076 -75.7944 
v 2.94816 5.86076 -75.7944 
v 2.95083 5.88106 -75.7944 
v 3.10499 5.86076 -75.7944 
v 2.95083 5.88106 -75.7944 
v 3.10232 5.88106 -75.7944 
v 3.10232 5.88106 -75.7944 
v 2.95083 5.88106 -75.7944 
v 2.95867 5.89997 -75.7944 
v 3.10232 5.88106 -75.7944 
v 2.95867 5.89997 -75.7944 
v 3.09448 5.89997 -75.7944 
v 3.09448 5.89997 -75.7944 
v 2.95867 5.89997 -75.7944 
v 2.97113 5.91621 -75.7944 
v 3.09448 5.89997 -75.7944 
v 2.97113 5.91621 -75.7944 
v 3.08202 5.91621 -75.7944 
v 3.08202 5.91621 -75.7944 
v 2.97113 5.91621 -75.7944 
v 2.98737 5.92867 -75.7944 
v 3.08202 5.91621 -75.7944 
v 2.98737 5.92867 -75.7944 
v 3.06578 5.92867 -75.7944 
v 3.00628 5.9365 -75.7944 
v 3.04687 5.9365 -75.7944 
v 3.02658 5.93918 -75.7944 
v 3.06578 5.92867 -68.2413 
v 3.02658 5.93918 -68.2413 
v 3.00628 5.9365 -68.2413 
v 3.09448 5.89997 -68.2413 
v 3.10232 5.88106 -68.2413 
v 2.97113 5.91621 -68.2413 
v 3.10499 5.86076 -68.2413 
v 2.95084 5.88106 -68.2413 
v 2.94816 5.86076 -68.2413 
v 3.09448 5.82156 -68.2413 
v 3.08202 5.80532 -68.2413 
v 2.95867 5.82156 -68.2413 
v 3.04687 5.78503 -68.2413 
v 2.98737 5.79286 -68.2413 
v 3.00628 5.78503 -68.2413 
v 3.00628 5.78503 -68.2413 
v 3.04687 5.78503 -68.2413 
v 3.02658 5.78235 -68.2413 
v 3.04687 5.78503 -68.2413 
v 3.00628 5.78503 -68.2413 
v 2.98737 5.79286 -68.2413 
v 3.04687 5.78503 -68.2413 
v 2.98737 5.79286 -68.2413 
v 3.06578 5.79286 -68.2413 
v 3.06578 5.79286 -68.2413 
v 2.98737 5.79286 -68.2413 
v 2.97113 5.80532 -68.2413 
v 3.08202 5.80532 -68.2413 
v 3.08202 5.80532 -68.2413 
v 2.97113 5.80532 -68.2413 
v 2.95867 5.82156 -68.2413 
v 3.08202 5.80532 -68.2413 
v 2.95867 5.82156 -68.2413 
v 3.09448 5.82156 -68.2413 
v 3.09448 5.82156 -68.2413 
v 2.95867 5.82156 -68.2413 
v 2.95084 5.84047 -68.2413 
v 3.09448 5.82156 -68.2413 
v 2.95084 5.84047 -68.2413 
v 3.10232 5.84047 -68.2413 
v 3.10232 5.84047 -68.2413 
v 2.95084 5.84047 -68.2413 
v 2.94816 5.86076 -68.2413 
v 3.10232 5.84047 -68.2413 
v 2.94816 5.86076 -68.2413 
v 3.10499 5.86076 -68.2413 
v 2.95084 5.88106 -68.2413 
v 3.10499 5.86076 -68.2413 
v 2.95084 5.88106 -68.2413 
v 3.10232 5.88106 -68.2413 
v 3.10232 5.88106 -68.2413 
v 2.95084 5.88106 -68.2413 
v 2.95867 5.89997 -68.2413 
v 3.10232 5.88106 -68.2413 
v 2.95867 5.89997 -68.2413 
v 3.09448 5.89997 -68.2413 
v 3.09448 5.89997 -68.2413 
v 2.95867 5.89997 -68.2413 
v 2.97113 5.91621 -68.2413 
v 3.09448 5.89997 -68.2413 
v 2.97113 5.91621 -68.2413 
v 3.08202 5.91621 -68.2413 
v 3.08202 5.91621 -68.2413 
v 2.97113 5.91621 -68.2413 
v 2.98737 5.92867 -68.2413 
v 3.08202 5.91621 -68.2413 
v 2.98737 5.92867 -68.2413 
v 3.06578 5.92867 -68.2413 
v 3.06578 5.92867 -68.2413 
v 2.98737 5.92867 -68.2413 
v 3.00628 5.9365 -68.2413 
v 3.06578 5.92867 -68.2413 
v 3.00628 5.9365 -68.2413 
v 3.04687 5.9365 -68.2413 
v 3.04687 5.9365 -68.2413 
v 3.00628 5.9365 -68.2413 
v 3.02658 5.93918 -68.2413 
v 3.00628 5.78503 -75.7944 
v 3.02658 5.78235 -75.7944 
v 2.98737 5.79286 -75.7944 
v 3.06578 5.79286 -75.7944 
v 3.08202 5.80532 -75.7944 
v 2.94816 5.86076 -75.7944 
v 3.10499 5.86076 -75.7944 
v 3.10499 5.86076 -68.2413 
v 2.94816 5.86076 -68.2413 
v 3.08202 5.80532 -75.7944 
v 3.08202 5.80532 -68.2413 
v 3.06578 5.79286 -75.7944 
v 3.06578 5.79286 -68.2413 
v 3.04687 5.78503 -75.7944 
v 2.97113 5.80532 -75.7944 
v 3.04687 5.78503 -68.2413 
v 2.97113 5.80532 -68.2413 
v 3.02658 5.78235 -75.7944 
v 2.98737 5.79286 -68.2413 
v 3.02658 5.78235 -68.2413 
v 2.98737 5.79286 -75.7944 
v 3.00628 5.78503 -75.7944 
v 3.00628 5.78503 -68.2413 
v 3.08202 5.80532 -75.7944 
v 3.10232 5.84047 -75.7944 
v 3.10232 5.88106 -75.7944 
v 3.09448 5.89997 -75.7944 
v 3.06578 5.92867 -75.7944 
v 3.02658 5.93918 -75.7944 
v 3.06578 5.92867 -68.2413 
v 3.02658 5.93918 -68.2413 
v 3.08202 5.91621 -68.2413 
v 3.08202 5.91621 -75.7944 
v 3.09448 5.89997 -75.7944 
v 3.09448 5.89997 -68.2413 
v 3.10232 5.88106 -75.7944 
v 3.10232 5.88106 -68.2413 
v 3.10499 5.86076 -75.7944 
v 3.10499 5.86076 -68.2413 
v 3.10232 5.84047 -75.7944 
v 3.10232 5.84047 -68.2413 
v 3.09448 5.82156 -75.7944 
v 3.09448 5.82156 -68.2413 
v 3.08202 5.80532 -75.7944 
v 3.08202 5.80532 -68.2413 

vn 0 0 -1 
vn 0 0 -1 
vn 0 0 -1 
vn 0 0 -1 
vn 0 0 -1 
vn 0 0 -1 
vn 0 0 -1 
vn 0.503937 0.866142 0 
vn 0.259843 0.968504 0 
vn 0.259843 0.968504 0 
vn 0 1 0 
vn 0.496063 0.866142 0 
vn 0 1 0 
vn 0.708661 0.708661 0 
vn -0.259843 0.968504 0 
vn 0.708661 0.708661 0 
vn -0.259843 0.968504 0 
vn -0.503937 0.866142 0 
vn -0.496063 0.866142 0 
vn -0.708661 0.708661 0 
vn 0.968504 0.259843 0 
vn -0.708661 0.708661 0 
vn 0 0 -1 
vn 0 0 -1 
vn 0 0 -1 
vn 0 0 -1 
vn 0 0 -1 
vn 0 0 -1 
vn 0 0 -1 
vn 0 1 0 
vn -0.708661 0.708661 0 
vn -0.708661 0.708661 0 
vn -0.866142 0.503937 0 
vn -0.866142 0.496063 0 
vn -0.968504 0.259843 0 
vn -0.968504 0.259843 0 
vn -1 0 0 
vn -1 0 0 
vn -0.968504 -0.259843 0 
vn 0.708661 -0.708661 0 
vn -0.968504 -0.259843 0 
vn -0.866142 -0.503937 0 
vn -0.866142 -0.503937 0 
vn -0.708661 -0.708661 0 
vn -0.708661 -0.708661 0 
vn 0 0 -1 
vn 0 0 -1 
vn 0 0 -1 
vn 0 0 -1 
vn 0 0 -1 
vn 0 0 -1 
vn 0 0 -1 
vn 0 0 -1 
vn 0 0 -1 
vn 0 0 -1 
vn 0 0 -1 
vn 0 0 -1 
vn 0 0 -1 
vn 0 0 -1 
vn 0 0 -1 
vn 0 0 -1 
vn 0 0 -1 
vn 0 0 -1 
vn 0 0 -1 
vn 0 0 -1 
vn 0 0 -1 
vn 0 0 -1 
vn 0 0 -1 
vn 0 0 -1 
vn 0 0 -1 
vn 0 0 -1 
vn 0 0 -1 
vn 0 0 -1 
vn 0 0 -1 
vn 0 0 -1 
vn 0 0 -1 
vn 0 0 -1 
vn 0 0 -1 
vn 0 0 -1 
vn 0 0 -1 
vn 0 0 -1 
vn 0 0 -1 
vn 0 0 -1 
vn 0 0 -1 
vn 0 0 -1 
vn 0 0 -1 
vn 0 0 -1 
vn 0 0 -1 
vn 0 0 -1 
vn 0 0 -1 
vn 0 0 -1 
vn 0 0 -1 
vn 0 0 -1 
vn 0 0 -1 
vn 0 0 -1 
vn 0 0 -1 
vn 0 0 -1 
vn 0 0 -1 
vn 0 0 -1 
vn 0.503937 0.866142 0 
vn 0 1 0 
vn -0.259843 0.968504 0 
vn 0.866142 0.496063 0 
vn 0.968504 0.259843 0 
vn -0.708661 0.708661 0 
vn 1 0 0 
vn -0.968504 0.259843 0 
vn -1 0 0 
vn 0.866142 -0.503937 0 
vn 0.708661 -0.708661 0 
vn -0.866142 -0.503937 0 
vn 0.259843 -0.968504 0 
vn -0.503937 -0.866142 0 
vn -0.259843 -0.968504 0 
vn 0 0 -1 
vn 0 0 -1 
vn 0 0 -1 
vn 0 0 -1 
vn 0 0 -1 
vn 0 0 -1 
vn 0 0 -1 
vn 0 0 -1 
vn 0 0 -1 
vn 0 0 -1 
vn 0 0 -1 
vn 0 0 -1 
vn 0 0 -1 
vn 0 0 -1 
vn 0 0 -1 
vn 0 0 -1 
vn 0 0 -1 
vn 0 0 -1 
vn 0 0 -1 
vn 0 0 -1 
vn 0 0 -1 
vn 0 0 -1 
vn 0 0 -1 
vn 0 0 -1 
vn 0 0 -1 
vn 0 0 -1 
vn 0 0 -1 
vn 0 0 -1 
vn 0 0 -1 
vn 0 0 -1 
vn 0 0 -1 
vn 0 0 -1 
vn 0 0 -1 
vn 0 0 -1 
vn 0 0 -1 
vn 0 0 -1 
vn 0 0 -1 
vn 0 0 -1 
vn 0 0 -1 
vn 0 0 -1 
vn 0 0 -1 
vn 0 0 -1 
vn 0 0 -1 
vn 0 0 -1 
vn 0 0 -1 
vn 0 0 -1 
vn 0 0 -1 
vn 0 0 -1 
vn 0 0 -1 
vn 0 0 -1 
vn 0 0 -1 
vn 0 0 -1 
vn 0 0 -1 
vn 0 0 -1 
vn 0 0 -1 
vn 0 0 -1 
vn 0 0 -1 
vn 0 0 -1 
vn 0 0 -1 
vn 0 0 -1 
vn 0 0 -1 
vn 0 0 -1 
vn 0 0 -1 
vn 0 0 -1 
vn 0 0 -1 
vn 0 0 -1 
vn 0 0 -1 
vn 0 0 -1 
vn 0 0 -1 
vn 1 0 0 
vn -1 0 0 
vn 0.708661 -0.708661 0 
vn 0.708661 -0.708661 0 
vn 0.503937 -0.866142 0 
vn 0.496063 -0.866142 0 
vn 0.259843 -0.968504 0 
vn -0.708661 -0.708661 0 
vn 0.259843 -0.968504 0 
vn -0.708661 -0.708661 0 
vn 0 -1 0 
vn -0.503937 -0.866142 0 
vn 0 -1 0 
vn -0.496063 -0.866142 0 
vn -0.259843 -0.968504 0 
vn -0.259843 -0.968504 0 
vn 0 0 -1 
vn 0 0 -1 
vn 0 0 -1 
vn 0 0 -1 
vn 0 0 -1 
vn 0 0 -1 
vn 0.503937 0.866142 0 
vn 0 1 0 
vn 0.708661 0.708661 0 
vn 0.708661 0.708661 0 
vn 0.866142 0.503937 0 
vn 0.866142 0.496063 0 
vn 0.968504 0.259843 0 
vn 0.968504 0.259843 0 
vn 1 0 0 
vn 1 0 0 
vn 0.968504 -0.259843 0 
vn 0.968504 -0.259843 0 
vn 0.866142 -0.496063 0 
vn 0.866142 -0.503937 0 
vn 0.708661 -0.708661 0 
vn 0.708661 -0.708661 0 

vt 0.377658 0.994455 
vt 0.377658 1.00784 
vt 0.377658 0.992159 
vt 0.377658 0.993209 
vt 0.377658 1.00554 
vt 0.377658 0.996079 
vt 0.377658 1 
vt -0.377658 0.996079 
vt 0.377658 0.997971 
vt -0.377658 0.997971 
vt 0.377658 1 
vt 0.377658 0.996079 
vt -0.377658 1 
vt -0.377658 0.994455 
vt 0.377658 1.00203 
vt 0.377658 0.994455 
vt -0.377658 1.00203 
vt 0.377658 1.00392 
vt -0.377658 1.00392 
vt 0.377658 1.00554 
vt -0.377658 0.992426 
vt -0.377658 1.00554 
vt -0.377658 0.992426 
vt -0.377658 0.993209 
vt -0.377658 0.994455 
vt -0.377658 0.996079 
vt -0.377658 1 
vt -0.377658 1.00554 
vt -0.377658 1.00784 
vt 0.377658 1.00784 
vt -0.377658 1.00554 
vt 0.377658 1.00554 
vt 0.377658 1.00392 
vt -0.377658 1.00392 
vt -0.377658 1.00203 
vt 0.377658 1.00203 
vt 0.377658 1 
vt -0.377658 1 
vt 0.377658 0.997971 
vt 0.377658 0.994455 
vt -0.377658 0.997971 
vt 0.377658 0.996079 
vt -0.377658 0.996079 
vt -0.377658 0.994455 
vt 0.377658 0.994455 
vt 0.0020295 0.992426 
vt -0.0020294 0.992426 
vt 5.06381e-08 0.992159 
vt 0.00392066 0.993209 
vt -0.00392055 0.993209 
vt -0.00392055 0.993209 
vt 0.00392066 0.993209 
vt 0.00554462 0.994455 
vt -0.00392055 0.993209 
vt 0.00554462 0.994455 
vt -0.00554452 0.994455 
vt -0.00554452 0.994455 
vt 0.00554462 0.994455 
vt 0.00679074 0.996079 
vt -0.00554452 0.994455 
vt 0.00679074 0.996079 
vt -0.00679063 0.996079 
vt 0.00757408 0.997971 
vt -0.00757397 0.997971 
vt 0.00784126 1 
vt -0.00784116 1 
vt -0.00679063 0.996079 
vt 0.00679074 0.996079 
vt 0.00757408 0.997971 
vt -0.00757397 0.997971 
vt 0.00757408 0.997971 
vt 0.00784126 1 
vt -0.00784116 1 
vt 0.00784126 1 
vt 0.00757408 1.00203 
vt -0.00784116 1 
vt 0.00757408 1.00203 
vt -0.00757397 1.00203 
vt -0.00757397 1.00203 
vt 0.00757408 1.00203 
vt 0.00679074 1.00392 
vt -0.00757397 1.00203 
vt 0.00679074 1.00392 
vt -0.00679063 1.00392 
vt -0.00679063 1.00392 
vt 0.00679074 1.00392 
vt 0.00554463 1.00554 
vt -0.00679063 1.00392 
vt 0.00554463 1.00554 
vt -0.00554452 1.00554 
vt -0.00554452 1.00554 
vt 0.00554463 1.00554 
vt 0.00392066 1.00679 
vt -0.00554452 1.00554 
vt 0.00392066 1.00679 
vt -0.00392055 1.00679 
vt 0.00202951 1.00757 
vt -0.0020294 1.00757 
vt 5.29934e-08 1.00784 
vt -0.00392066 1.00679 
vt -5.06381e-08 1.00784 
vt 0.0020294 1.00757 
vt -0.00679074 1.00392 
vt -0.00757408 1.00203 
vt 0.00554452 1.00554 
vt -0.00784126 1 
vt 0.00757397 1.00203 
vt 0.00784116 1 
vt -0.00679074 0.996079 
vt -0.00554462 0.994455 
vt 0.00679063 0.996079 
vt -0.00202951 0.992426 
vt 0.00392055 0.993209 
vt 0.0020294 0.992426 
vt 0.0020294 0.992426 
vt -0.00202951 0.992426 
vt -5.4171e-08 0.992159 
vt -0.00202951 0.992426 
vt 0.0020294 0.992426 
vt 0.00392055 0.993209 
vt -0.00202951 0.992426 
vt 0.00392055 0.993209 
vt -0.00392066 0.993209 
vt -0.00392066 0.993209 
vt 0.00392055 0.993209 
vt 0.00554452 0.994455 
vt -0.00554462 0.994455 
vt -0.00554462 0.994455 
vt 0.00554452 0.994455 
vt 0.00679063 0.996079 
vt -0.00554462 0.994455 
vt 0.00679063 0.996079 
vt -0.00679074 0.996079 
vt -0.00679074 0.996079 
vt 0.00679063 0.996079 
vt 0.00757397 0.997971 
vt -0.00679074 0.996079 
vt 0.00757397 0.997971 
vt -0.00757408 0.997971 
vt -0.00757408 0.997971 
vt 0.00757397 0.997971 
vt 0.00784116 1 
vt -0.00757408 0.997971 
vt 0.00784116 1 
vt -0.00784126 1 
vt 0.00757397 1.00203 
vt -0.00784126 1 
vt 0.00757397 1.00203 
vt -0.00757408 1.00203 
vt -0.00757408 1.00203 
vt 0.00757397 1.00203 
vt 0.00679063 1.00392 
vt -0.00757408 1.00203 
vt 0.00679063 1.00392 
vt -0.00679074 1.00392 
vt -0.00679074 1.00392 
vt 0.00679063 1.00392 
vt 0.00554452 1.00554 
vt -0.00679074 1.00392 
vt 0.00554452 1.00554 
vt -0.00554462 1.00554 
vt -0.00554462 1.00554 
vt 0.00554452 1.00554 
vt 0.00392055 1.00679 
vt -0.00554462 1.00554 
vt 0.00392055 1.00679 
vt -0.00392066 1.00679 
vt -0.00392066 1.00679 
vt 0.00392055 1.00679 
vt 0.0020294 1.00757 
vt -0.00392066 1.00679 
vt 0.0020294 1.00757 
vt -0.00202951 1.00757 
vt -0.00202951 1.00757 
vt 0.0020294 1.00757 
vt -5.06381e-08 1.00784 
vt -0.377658 1.00203 
vt -0.377658 1 
vt -0.377658 1.00392 
vt -0.377658 0.996079 
vt -0.377658 0.994455 
vt -0.377658 1.00784 
vt -0.377658 0.992159 
vt 0.377658 0.992159 
vt 0.377658 1.00784 
vt -0.377658 0.994455 
vt 0.377658 0.994455 
vt -0.377658 0.996079 
vt 0.377658 0.996079 
vt -0.377658 0.997971 
vt -0.377658 1.00554 
vt 0.377658 0.997971 
vt 0.377658 1.00554 
vt -0.377658 1 
vt 0.377658 1.00392 
vt 0.377658 1 
vt -0.377658 1.00392 
vt -0.377658 1.00203 
vt 0.377658 1.00203 
vt 0.377658 0.994455 
vt 0.377658 0.997971 
vt 0.377658 1.00203 
vt 0.377658 1.00392 
vt 0.377658 1.00679 
vt 0.377658 1.00784 
vt -0.377658 1.00679 
vt -0.377658 1.00784 
vt -0.377658 1.00554 
vt 0.377658 1.00554 
vt 0.377658 1.00392 
vt -0.377658 1.00392 
vt 0.377658 1.00203 
vt -0.377658 1.00203 
vt 0.377658 1 
vt -0.377658 1 
vt 0.377658 0.997971 
vt -0.377658 0.997971 
vt 0.377658 0.996079 
vt -0.377658 0.996079 
vt 0.377658 0.994455 
vt -0.377658 0.994455 

usemtl C391Mtl

f 2400/2400/2400 2401/2401/2401 2402/2402/2402 
f 2403/2403/2403 2402/2402/2402 2401/2401/2401 
f 2401/2401/2401 2400/2400/2400 2404/2404/2404 
f 2402/2402/2402 2403/2403/2403 2405/2405/2405 
f 2406/2406/2406 2404/2404/2404 2400/2400/2400 
f 2407/2407/2407 2405/2405/2405 2403/2403/2403 
f 2404/2404/2404 2406/2406/2406 2408/2408/2408 
f 2405/2405/2405 2407/2407/2407 2409/2409/2409 
f 2410/2410/2410 2409/2409/2409 2407/2407/2407 
f 2409/2409/2409 2410/2410/2410 2411/2411/2411 
f 2412/2412/2412 2411/2411/2411 2410/2410/2410 
f 2411/2411/2411 2412/2412/2412 2414/2414/2414 
f 2423/2423/2423 2425/2425/2425 2424/2424/2424 
f 2425/2425/2425 2423/2423/2423 2426/2426/2426 
f 2427/2427/2427 2425/2425/2425 2426/2426/2426 
f 2425/2425/2425 2427/2427/2427 2428/2428/2428 
f 2427/2427/2427 2429/2429/2429 2428/2428/2428 
f 2429/2429/2429 2427/2427/2427 2430/2430/2430 
f 2430/2430/2430 2431/2431/2431 2429/2429/2429 
f 2431/2431/2431 2430/2430/2430 2433/2433/2433 
f 2433/2433/2433 2434/2434/2434 2431/2431/2431 
f 2434/2434/2434 2433/2433/2433 2435/2435/2435 
f 2436/2436/2436 2434/2434/2434 2435/2435/2435 
f 2434/2434/2434 2436/2436/2436 2437/2437/2437 
f 2438/2438/2438 2439/2439/2439 2440/2440/2440 
f 2439/2439/2439 2438/2438/2438 2441/2441/2441 
f 2439/2439/2439 2441/2441/2441 2442/2442/2442 
f 2443/2443/2443 2444/2444/2444 2445/2445/2445 
f 2446/2446/2446 2447/2447/2447 2448/2448/2448 
f 2449/2449/2449 2450/2450/2450 2451/2451/2451 
f 2452/2452/2452 2453/2453/2453 2454/2454/2454 
f 2454/2454/2454 2455/2455/2455 2456/2456/2456 
f 2456/2456/2456 2457/2457/2457 2458/2458/2458 
f 2459/2459/2459 2460/2460/2460 2461/2461/2461 
f 2462/2462/2462 2463/2463/2463 2464/2464/2464 
f 2465/2465/2465 2466/2466/2466 2467/2467/2467 
f 2468/2468/2468 2469/2469/2469 2470/2470/2470 
f 2471/2471/2471 2472/2472/2472 2473/2473/2473 
f 2474/2474/2474 2475/2475/2475 2476/2476/2476 
f 2477/2477/2477 2478/2478/2478 2479/2479/2479 
f 2480/2480/2480 2481/2481/2481 2482/2482/2482 
f 2483/2483/2483 2484/2484/2484 2485/2485/2485 
f 2486/2486/2486 2487/2487/2487 2488/2488/2488 
f 2488/2488/2488 2487/2487/2487 2489/2489/2489 
f 2488/2488/2488 2489/2489/2489 2490/2490/2490 
f 2490/2490/2490 2489/2489/2489 2491/2491/2491 
f 2507/2507/2507 2508/2508/2508 2509/2509/2509 
f 2510/2510/2510 2511/2511/2511 2512/2512/2512 
f 2513/2513/2513 2514/2514/2514 2515/2515/2515 
f 2516/2516/2516 2517/2517/2517 2518/2518/2518 
f 2516/2516/2516 2518/2518/2518 2519/2519/2519 
f 2520/2520/2520 2521/2521/2521 2522/2522/2522 
f 2523/2523/2523 2524/2524/2524 2525/2525/2525 
f 2526/2526/2526 2527/2527/2527 2528/2528/2528 
f 2529/2529/2529 2530/2530/2530 2531/2531/2531 
f 2532/2532/2532 2533/2533/2533 2534/2534/2534 
f 2535/2535/2535 2536/2536/2536 2537/2537/2537 
f 2537/2537/2537 2536/2536/2536 2538/2538/2538 
f 2539/2539/2539 2540/2540/2540 2541/2541/2541 
f 2542/2542/2542 2543/2543/2543 2544/2544/2544 
f 2545/2545/2545 2546/2546/2546 2547/2547/2547 
f 2548/2548/2548 2549/2549/2549 2550/2550/2550 
f 2551/2551/2551 2552/2552/2552 2553/2553/2553 
f 2554/2554/2554 2555/2555/2555 2556/2556/2556 
f 2557/2557/2557 2558/2558/2558 2559/2559/2559 
f 2560/2560/2560 2561/2561/2561 2562/2562/2562 
f 2563/2563/2563 2564/2564/2564 2565/2565/2565 
f 2566/2566/2566 2567/2567/2567 2568/2568/2568 
f 2579/2579/2579 2580/2580/2580 2578/2578/2578 
f 2580/2580/2580 2579/2579/2579 2581/2581/2581 
f 2581/2581/2581 2582/2582/2582 2580/2580/2580 
f 2582/2582/2582 2581/2581/2581 2584/2584/2584 
f 2584/2584/2584 2586/2586/2586 2582/2582/2582 
f 2583/2583/2583 2587/2587/2587 2585/2585/2585 
f 2586/2586/2586 2584/2584/2584 2588/2588/2588 
f 2587/2587/2587 2583/2583/2583 2589/2589/2589 
f 2588/2588/2588 2590/2590/2590 2586/2586/2586 
f 2589/2589/2589 2591/2591/2591 2587/2587/2587 
f 2590/2590/2590 2588/2588/2588 2591/2591/2591 
f 2590/2590/2590 2591/2591/2591 2589/2589/2589 
f 2600/2600/2600 2602/2602/2602 2601/2601/2601 
f 2602/2602/2602 2600/2600/2600 2603/2603/2603 
f 2603/2603/2603 2604/2604/2604 2602/2602/2602 
f 2604/2604/2604 2603/2603/2603 2605/2605/2605 
f 2605/2605/2605 2606/2606/2606 2604/2604/2604 
f 2606/2606/2606 2605/2605/2605 2607/2607/2607 
f 2607/2607/2607 2608/2608/2608 2606/2606/2606 
f 2608/2608/2608 2607/2607/2607 2609/2609/2609 
f 2609/2609/2609 2610/2610/2610 2608/2608/2608 
f 2610/2610/2610 2609/2609/2609 2611/2611/2611 
f 2611/2611/2611 2612/2612/2612 2610/2610/2610 
f 2612/2612/2612 2611/2611/2611 2613/2613/2613 

g C396

v 3.08202 6.21621 -68.2944 
v 3.02658 6.08235 -68.2944 
v 3.02658 6.23918 -68.2944 
v 2.98737 6.22867 -68.2944 
v 2.97113 6.10532 -68.2944 
v 2.95867 6.19997 -68.2944 
v 2.94816 6.16076 -68.2944 
v 2.95867 6.19997 -64.8413 
v 2.95084 6.18106 -68.2944 
v 2.95084 6.18106 -64.8413 
v 2.94816 6.16076 -68.2944 
v 2.95867 6.19997 -68.2944 
v 2.94816 6.16076 -64.8413 
v 2.97113 6.21621 -64.8413 
v 2.95084 6.14047 -68.2944 
v 2.97113 6.21621 -68.2944 
v 2.95084 6.14047 -64.8413 
v 2.95867 6.12156 -68.2944 
v 2.95867 6.12156 -64.8413 
v 2.97113 6.10532 -68.2944 
v 3.00628 6.23651 -64.8413 
v 2.97113 6.10532 -64.8413 
v 3.10231 6.14047 -68.2944 
v 3.09448 6.12156 -68.2944 
v 3.08202 6.21621 -68.2944 
v 3.06578 6.09286 -68.2944 
v 3.02658 6.08235 -68.2944 
v 2.97113 6.10532 -68.2944 
v 2.94816 6.16076 -68.2944 
v 2.94816 6.16076 -64.8413 
v 2.97113 6.10532 -68.2944 
v 2.97113 6.10532 -64.8413 
v 2.98737 6.09286 -64.8413 
v 2.98737 6.09286 -68.2944 
v 3.00628 6.08502 -68.2944 
v 3.00628 6.08502 -64.8413 
v 3.02658 6.08235 -64.8413 
v 3.02658 6.08235 -68.2944 
v 3.04687 6.08502 -64.8413 
v 3.08202 6.21621 -64.8413 
v 3.04687 6.08502 -68.2944 
v 3.06578 6.09286 -64.8413 
v 3.06578 6.09286 -68.2944 
v 3.08202 6.10532 -68.2944 
v 3.08202 6.10532 -64.8413 
v 3.10231 6.14047 -68.2944 
v 3.10231 6.18106 -68.2944 
v 3.10499 6.16076 -68.2944 
v 3.09448 6.12156 -68.2944 
v 3.09448 6.19997 -68.2944 
v 3.09448 6.19997 -68.2944 
v 3.09448 6.12156 -68.2944 
v 3.08202 6.10532 -68.2944 
v 3.09448 6.19997 -68.2944 
v 3.08202 6.10532 -68.2944 
v 3.08202 6.21621 -68.2944 
v 3.08202 6.21621 -68.2944 
v 3.08202 6.10532 -68.2944 
v 3.06578 6.09286 -68.2944 
v 3.08202 6.21621 -68.2944 
v 3.06578 6.09286 -68.2944 
v 3.06578 6.22867 -68.2944 
v 3.04687 6.08502 -68.2944 
v 3.04687 6.2365 -68.2944 
v 3.02658 6.08235 -68.2944 
v 3.02658 6.23918 -68.2944 
v 3.06578 6.22867 -68.2944 
v 3.06578 6.09286 -68.2944 
v 3.04687 6.08502 -68.2944 
v 3.04687 6.2365 -68.2944 
v 3.04687 6.08502 -68.2944 
v 3.02658 6.08235 -68.2944 
v 3.02658 6.23918 -68.2944 
v 3.02658 6.08235 -68.2944 
v 3.00628 6.08502 -68.2944 
v 3.02658 6.23918 -68.2944 
v 3.00628 6.08502 -68.2944 
v 3.00628 6.2365 -68.2944 
v 3.00628 6.2365 -68.2944 
v 3.00628 6.08502 -68.2944 
v 2.98737 6.09286 -68.2944 
v 3.00628 6.2365 -68.2944 
v 2.98737 6.09286 -68.2944 
v 2.98737 6.22867 -68.2944 
v 2.98737 6.22867 -68.2944 
v 2.98737 6.09286 -68.2944 
v 2.97113 6.10532 -68.2944 
v 2.98737 6.22867 -68.2944 
v 2.97113 6.10532 -68.2944 
v 2.97113 6.21621 -68.2944 
v 2.97113 6.21621 -68.2944 
v 2.97113 6.10532 -68.2944 
v 2.95867 6.12156 -68.2944 
v 2.97113 6.21621 -68.2944 
v 2.95867 6.12156 -68.2944 
v 2.95867 6.19997 -68.2944 
v 2.95084 6.14047 -68.2944 
v 2.95084 6.18106 -68.2944 
v 2.94816 6.16076 -68.2944 
v 2.95867 6.19997 -64.8413 
v 2.94816 6.16076 -64.8413 
v 2.95084 6.14047 -64.8413 
v 2.98737 6.22867 -64.8413 
v 3.00628 6.23651 -64.8413 
v 2.97113 6.10532 -64.8413 
v 3.02658 6.23918 -64.8413 
v 3.00628 6.08502 -64.8413 
v 3.02658 6.08235 -64.8413 
v 3.06578 6.22867 -64.8413 
v 3.08202 6.21621 -64.8413 
v 3.06578 6.09286 -64.8413 
v 3.10231 6.18106 -64.8413 
v 3.09448 6.12156 -64.8413 
v 3.10231 6.14047 -64.8413 
v 3.10231 6.14047 -64.8413 
v 3.10231 6.18106 -64.8413 
v 3.10499 6.16076 -64.8413 
v 3.10231 6.18106 -64.8413 
v 3.10231 6.14047 -64.8413 
v 3.09448 6.12156 -64.8413 
v 3.10231 6.18106 -64.8413 
v 3.09448 6.12156 -64.8413 
v 3.09448 6.19997 -64.8413 
v 3.09448 6.19997 -64.8413 
v 3.09448 6.12156 -64.8413 
v 3.08202 6.10532 -64.8413 
v 3.08202 6.21621 -64.8413 
v 3.08202 6.21621 -64.8413 
v 3.08202 6.10532 -64.8413 
v 3.06578 6.09286 -64.8413 
v 3.08202 6.21621 -64.8413 
v 3.06578 6.09286 -64.8413 
v 3.06578 6.22867 -64.8413 
v 3.06578 6.22867 -64.8413 
v 3.06578 6.09286 -64.8413 
v 3.04687 6.08502 -64.8413 
v 3.06578 6.22867 -64.8413 
v 3.04687 6.08502 -64.8413 
v 3.04687 6.23651 -64.8413 
v 3.04687 6.23651 -64.8413 
v 3.04687 6.08502 -64.8413 
v 3.02658 6.08235 -64.8413 
v 3.04687 6.23651 -64.8413 
v 3.02658 6.08235 -64.8413 
v 3.02658 6.23918 -64.8413 
v 3.00628 6.08502 -64.8413 
v 3.02658 6.23918 -64.8413 
v 3.00628 6.08502 -64.8413 
v 3.00628 6.23651 -64.8413 
v 3.00628 6.23651 -64.8413 
v 3.00628 6.08502 -64.8413 
v 2.98737 6.09286 -64.8413 
v 3.00628 6.23651 -64.8413 
v 2.98737 6.09286 -64.8413 
v 2.98737 6.22867 -64.8413 
v 2.98737 6.22867 -64.8413 
v 2.98737 6.09286 -64.8413 
v 2.97113 6.10532 -64.8413 
v 2.98737 6.22867 -64.8413 
v 2.97113 6.10532 -64.8413 
v 2.97113 6.21621 -64.8413 
v 2.97113 6.21621 -64.8413 
v 2.97113 6.10532 -64.8413 
v 2.95867 6.12156 -64.8413 
v 2.97113 6.21621 -64.8413 
v 2.95867 6.12156 -64.8413 
v 2.95867 6.19997 -64.8413 
v 2.95867 6.19997 -64.8413 
v 2.95867 6.12156 -64.8413 
v 2.95084 6.14047 -64.8413 
v 2.95867 6.19997 -64.8413 
v 2.95084 6.14047 -64.8413 
v 2.95084 6.18106 -64.8413 
v 2.95084 6.18106 -64.8413 
v 2.95084 6.14047 -64.8413 
v 2.94816 6.16076 -64.8413 
v 3.10231 6.14047 -68.2944 
v 3.10499 6.16076 -68.2944 
v 3.09448 6.12156 -68.2944 
v 3.09448 6.19997 -68.2944 
v 3.08202 6.21621 -68.2944 
v 3.02658 6.08235 -68.2944 
v 3.02658 6.23918 -68.2944 
v 3.02658 6.23918 -64.8413 
v 3.02658 6.08235 -64.8413 
v 3.08202 6.21621 -68.2944 
v 3.08202 6.21621 -64.8413 
v 3.09448 6.19997 -68.2944 
v 3.09448 6.19997 -64.8413 
v 3.10231 6.18106 -68.2944 
v 3.08202 6.10532 -68.2944 
v 3.10231 6.18106 -64.8413 
v 3.08202 6.10532 -64.8413 
v 3.10499 6.16076 -68.2944 
v 3.09448 6.12156 -64.8413 
v 3.10499 6.16076 -64.8413 
v 3.09448 6.12156 -68.2944 
v 3.10231 6.14047 -68.2944 
v 3.10231 6.14047 -64.8413 
v 3.08202 6.21621 -68.2944 
v 3.04687 6.2365 -68.2944 
v 3.00628 6.2365 -68.2944 
v 2.98737 6.22867 -68.2944 
v 2.95867 6.19997 -68.2944 
v 2.94816 6.16076 -68.2944 
v 2.95867 6.19997 -64.8413 
v 2.94816 6.16076 -64.8413 
v 2.97113 6.21621 -64.8413 
v 2.97113 6.21621 -68.2944 
v 2.98737 6.22867 -68.2944 
v 2.98737 6.22867 -64.8413 
v 3.00628 6.2365 -68.2944 
v 3.00628 6.23651 -64.8413 
v 3.02658 6.23918 -68.2944 
v 3.02658 6.23918 -64.8413 
v 3.04687 6.2365 -68.2944 
v 3.04687 6.23651 -64.8413 
v 3.06578 6.22867 -68.2944 
v 3.06578 6.22867 -64.8413 
v 3.08202 6.21621 -68.2944 
v 3.08202 6.21621 -64.8413 

vn 0 0 -1 
vn 0 0 -1 
vn 0 0 -1 
vn 0 0 -1 
vn 0 0 -1 
vn 0 0 -1 
vn 0 0 -1 
vn -0.866142 0.503937 0 
vn -0.968504 0.259843 0 
vn -0.968504 0.259843 0 
vn -1 0 0 
vn -0.866142 0.496063 0 
vn -1 0 0 
vn -0.708661 0.708661 0 
vn -0.968504 -0.259843 0 
vn -0.708661 0.708661 0 
vn -0.968504 -0.259843 0 
vn -0.866142 -0.503937 0 
vn -0.866142 -0.496063 0 
vn -0.708661 -0.708661 0 
vn -0.259843 0.968504 0 
vn -0.708661 -0.708661 0 
vn 0 0 -1 
vn 0 0 -1 
vn 0 0 -1 
vn 0 0 -1 
vn 0 0 -1 
vn 0 0 -1 
vn 0 0 -1 
vn -1 0 0 
vn -0.708661 -0.708661 0 
vn -0.708661 -0.708661 0 
vn -0.496063 -0.866142 0 
vn -0.496063 -0.866142 0 
vn -0.259843 -0.968504 0 
vn -0.259843 -0.968504 0 
vn 0 -1 0 
vn 0 -1 0 
vn 0.259843 -0.968504 0 
vn 0.708661 0.708661 0 
vn 0.259843 -0.968504 0 
vn 0.503937 -0.866142 0 
vn 0.503937 -0.866142 0 
vn 0.708661 -0.708661 0 
vn 0.708661 -0.708661 0 
vn 0 0 -1 
vn 0 0 -1 
vn 0 0 -1 
vn 0 0 -1 
vn 0 0 -1 
vn 0 0 -1 
vn 0 0 -1 
vn 0 0 -1 
vn 0 0 -1 
vn 0 0 -1 
vn 0 0 -1 
vn 0 0 -1 
vn 0 0 -1 
vn 0 0 -1 
vn 0 0 -1 
vn 0 0 -1 
vn 0 0 -1 
vn 0 0 -1 
vn 0 0 -1 
vn 0 0 -1 
vn 0 0 -1 
vn 0 0 -1 
vn 0 0 -1 
vn 0 0 -1 
vn 0 0 -1 
vn 0 0 -1 
vn 0 0 -1 
vn 0 0 -1 
vn 0 0 -1 
vn 0 0 -1 
vn 0 0 -1 
vn 0 0 -1 
vn 0 0 -1 
vn 0 0 -1 
vn 0 0 -1 
vn 0 0 -1 
vn 0 0 -1 
vn 0 0 -1 
vn 0 0 -1 
vn 0 0 -1 
vn 0 0 -1 
vn 0 0 -1 
vn 0 0 -1 
vn 0 0 -1 
vn 0 0 -1 
vn 0 0 -1 
vn 0 0 -1 
vn 0 0 -1 
vn 0 0 -1 
vn 0 0 -1 
vn 0 0 -1 
vn 0 0 -1 
vn 0 0 -1 
vn 0 0 -1 
vn -0.866142 0.503937 0 
vn -1 0 0 
vn -0.968504 -0.259843 0 
vn -0.496063 0.866142 0 
vn -0.259843 0.968504 0 
vn -0.708661 -0.708661 0 
vn 0 1 0 
vn -0.259843 -0.968504 0 
vn 0 -1 0 
vn 0.503937 0.866142 0 
vn 0.708661 0.708661 0 
vn 0.503937 -0.866142 0 
vn 0.968504 0.259843 0 
vn 0.866142 -0.503937 0 
vn 0.968504 -0.259843 0 
vn 0 0 -1 
vn 0 0 -1 
vn 0 0 -1 
vn 0 0 -1 
vn 0 0 -1 
vn 0 0 -1 
vn 0 0 -1 
vn 0 0 -1 
vn 0 0 -1 
vn 0 0 -1 
vn 0 0 -1 
vn 0 0 -1 
vn 0 0 -1 
vn 0 0 -1 
vn 0 0 -1 
vn 0 0 -1 
vn 0 0 -1 
vn 0 0 -1 
vn 0 0 -1 
vn 0 0 -1 
vn 0 0 -1 
vn 0 0 -1 
vn 0 0 -1 
vn 0 0 -1 
vn 0 0 -1 
vn 0 0 -1 
vn 0 0 -1 
vn 0 0 -1 
vn 0 0 -1 
vn 0 0 -1 
vn 0 0 -1 
vn 0 0 -1 
vn 0 0 -1 
vn 0 0 -1 
vn 0 0 -1 
vn 0 0 -1 
vn 0 0 -1 
vn 0 0 -1 
vn 0 0 -1 
vn 0 0 -1 
vn 0 0 -1 
vn 0 0 -1 
vn 0 0 -1 
vn 0 0 -1 
vn 0 0 -1 
vn 0 0 -1 
vn 0 0 -1 
vn 0 0 -1 
vn 0 0 -1 
vn 0 0 -1 
vn 0 0 -1 
vn 0 0 -1 
vn 0 0 -1 
vn 0 0 -1 
vn 0 0 -1 
vn 0 0 -1 
vn 0 0 -1 
vn 0 0 -1 
vn 0 0 -1 
vn 0 0 -1 
vn 0 0 -1 
vn 0 0 -1 
vn 0 0 -1 
vn 0 0 -1 
vn 0 0 -1 
vn 0 0 -1 
vn 0 0 -1 
vn 0 0 -1 
vn 0 0 -1 
vn 0 1 0 
vn 0 -1 0 
vn 0.708661 0.708661 0 
vn 0.708661 0.708661 0 
vn 0.866142 0.503937 0 
vn 0.866142 0.496063 0 
vn 0.968504 0.259843 0 
vn 0.708661 -0.708661 0 
vn 0.968504 0.259843 0 
vn 0.708661 -0.708661 0 
vn 1 0 0 
vn 0.866142 -0.503937 0 
vn 1 0 0 
vn 0.866142 -0.496063 0 
vn 0.968504 -0.259843 0 
vn 0.968504 -0.259843 0 
vn 0 0 -1 
vn 0 0 -1 
vn 0 0 -1 
vn 0 0 -1 
vn 0 0 -1 
vn 0 0 -1 
vn -0.866142 0.503937 0 
vn -1 0 0 
vn -0.708661 0.708661 0 
vn -0.708661 0.708661 0 
vn -0.503937 0.866142 0 
vn -0.496063 0.866142 0 
vn -0.259843 0.968504 0 
vn -0.259843 0.968504 0 
vn 0 1 0 
vn 0 1 0 
vn 0.259843 0.968504 0 
vn 0.259843 0.968504 0 
vn 0.496063 0.866142 0 
vn 0.503937 0.866142 0 
vn 0.708661 0.708661 0 
vn 0.708661 0.708661 0 

vt 0.172658 0.994455 
vt 0.172658 1.00784 
vt 0.172658 0.992159 
vt 0.172658 0.993209 
vt 0.172658 1.00554 
vt 0.172658 0.996079 
vt 0.172658 1 
vt -0.172658 0.996079 
vt 0.172658 0.997971 
vt -0.172658 0.997971 
vt 0.172658 1 
vt 0.172658 0.996079 
vt -0.172658 1 
vt -0.172658 0.994455 
vt 0.172658 1.00203 
vt 0.172658 0.994455 
vt -0.172658 1.00203 
vt 0.172658 1.00392 
vt -0.172658 1.00392 
vt 0.172658 1.00554 
vt -0.172658 0.992426 
vt -0.172658 1.00554 
vt -0.172658 0.992426 
vt -0.172658 0.993209 
vt -0.172658 0.994455 
vt -0.172658 0.996079 
vt -0.172658 1 
vt -0.172658 1.00554 
vt -0.172658 1.00784 
vt 0.172658 1.00784 
vt -0.172658 1.00554 
vt 0.172658 1.00554 
vt 0.172658 1.00392 
vt -0.172658 1.00392 
vt -0.172658 1.00203 
vt 0.172658 1.00203 
vt 0.172658 1 
vt -0.172658 1 
vt 0.172658 0.997971 
vt 0.172658 0.994455 
vt -0.172658 0.997971 
vt 0.172658 0.996079 
vt -0.172658 0.996079 
vt -0.172658 0.994455 
vt 0.172658 0.994455 
vt 0.0020295 0.992426 
vt -0.0020294 0.992426 
vt 5.06381e-08 0.992159 
vt 0.00392066 0.993209 
vt -0.00392055 0.993209 
vt -0.00392055 0.993209 
vt 0.00392066 0.993209 
vt 0.00554462 0.994455 
vt -0.00392055 0.993209 
vt 0.00554462 0.994455 
vt -0.00554452 0.994455 
vt -0.00554452 0.994455 
vt 0.00554462 0.994455 
vt 0.00679074 0.996079 
vt -0.00554452 0.994455 
vt 0.00679074 0.996079 
vt -0.00679063 0.996079 
vt 0.00757408 0.997971 
vt -0.00757397 0.997971 
vt 0.00784126 1 
vt -0.00784116 1 
vt -0.00679063 0.996079 
vt 0.00679074 0.996079 
vt 0.00757408 0.997971 
vt -0.00757397 0.997971 
vt 0.00757408 0.997971 
vt 0.00784126 1 
vt -0.00784116 1 
vt 0.00784126 1 
vt 0.00757408 1.00203 
vt -0.00784116 1 
vt 0.00757408 1.00203 
vt -0.00757397 1.00203 
vt -0.00757397 1.00203 
vt 0.00757408 1.00203 
vt 0.00679074 1.00392 
vt -0.00757397 1.00203 
vt 0.00679074 1.00392 
vt -0.00679063 1.00392 
vt -0.00679063 1.00392 
vt 0.00679074 1.00392 
vt 0.00554463 1.00554 
vt -0.00679063 1.00392 
vt 0.00554463 1.00554 
vt -0.00554452 1.00554 
vt -0.00554452 1.00554 
vt 0.00554463 1.00554 
vt 0.00392066 1.00679 
vt -0.00554452 1.00554 
vt 0.00392066 1.00679 
vt -0.00392055 1.00679 
vt 0.00202951 1.00757 
vt -0.0020294 1.00757 
vt 5.29934e-08 1.00784 
vt -0.00392066 1.00679 
vt -5.06381e-08 1.00784 
vt 0.0020294 1.00757 
vt -0.00679074 1.00392 
vt -0.00757408 1.00203 
vt 0.00554452 1.00554 
vt -0.00784126 1 
vt 0.00757397 1.00203 
vt 0.00784116 1 
vt -0.00679074 0.996079 
vt -0.00554462 0.994455 
vt 0.00679063 0.996079 
vt -0.00202951 0.992426 
vt 0.00392055 0.993209 
vt 0.0020294 0.992426 
vt 0.0020294 0.992426 
vt -0.00202951 0.992426 
vt -5.4171e-08 0.992159 
vt -0.00202951 0.992426 
vt 0.0020294 0.992426 
vt 0.00392055 0.993209 
vt -0.00202951 0.992426 
vt 0.00392055 0.993209 
vt -0.00392066 0.993209 
vt -0.00392066 0.993209 
vt 0.00392055 0.993209 
vt 0.00554452 0.994455 
vt -0.00554462 0.994455 
vt -0.00554462 0.994455 
vt 0.00554452 0.994455 
vt 0.00679063 0.996079 
vt -0.00554462 0.994455 
vt 0.00679063 0.996079 
vt -0.00679074 0.996079 
vt -0.00679074 0.996079 
vt 0.00679063 0.996079 
vt 0.00757397 0.997971 
vt -0.00679074 0.996079 
vt 0.00757397 0.997971 
vt -0.00757408 0.997971 
vt -0.00757408 0.997971 
vt 0.00757397 0.997971 
vt 0.00784116 1 
vt -0.00757408 0.997971 
vt 0.00784116 1 
vt -0.00784126 1 
vt 0.00757397 1.00203 
vt -0.00784126 1 
vt 0.00757397 1.00203 
vt -0.00757408 1.00203 
vt -0.00757408 1.00203 
vt 0.00757397 1.00203 
vt 0.00679063 1.00392 
vt -0.00757408 1.00203 
vt 0.00679063 1.00392 
vt -0.00679074 1.00392 
vt -0.00679074 1.00392 
vt 0.00679063 1.00392 
vt 0.00554452 1.00554 
vt -0.00679074 1.00392 
vt 0.00554452 1.00554 
vt -0.00554462 1.00554 
vt -0.00554462 1.00554 
vt 0.00554452 1.00554 
vt 0.00392055 1.00679 
vt -0.00554462 1.00554 
vt 0.00392055 1.00679 
vt -0.00392066 1.00679 
vt -0.00392066 1.00679 
vt 0.00392055 1.00679 
vt 0.0020294 1.00757 
vt -0.00392066 1.00679 
vt 0.0020294 1.00757 
vt -0.00202951 1.00757 
vt -0.00202951 1.00757 
vt 0.0020294 1.00757 
vt -5.06381e-08 1.00784 
vt -0.172658 1.00203 
vt -0.172658 1 
vt -0.172658 1.00392 
vt -0.172658 0.996079 
vt -0.172658 0.994455 
vt -0.172658 1.00784 
vt -0.172658 0.992159 
vt 0.172658 0.992159 
vt 0.172658 1.00784 
vt -0.172658 0.994455 
vt 0.172658 0.994455 
vt -0.172658 0.996079 
vt 0.172658 0.996079 
vt -0.172658 0.997971 
vt -0.172658 1.00554 
vt 0.172658 0.997971 
vt 0.172658 1.00554 
vt -0.172658 1 
vt 0.172658 1.00392 
vt 0.172658 1 
vt -0.172658 1.00392 
vt -0.172658 1.00203 
vt 0.172658 1.00203 
vt 0.172658 0.994455 
vt 0.172658 0.997971 
vt 0.172658 1.00203 
vt 0.172658 1.00392 
vt 0.172658 1.00679 
vt 0.172658 1.00784 
vt -0.172658 1.00679 
vt -0.172658 1.00784 
vt -0.172658 1.00554 
vt 0.172658 1.00554 
vt 0.172658 1.00392 
vt -0.172658 1.00392 
vt 0.172658 1.00203 
vt -0.172658 1.00203 
vt 0.172658 1 
vt -0.172658 1 
vt 0.172658 0.997971 
vt -0.172658 0.997971 
vt 0.172658 0.996079 
vt -0.172658 0.996079 
vt 0.172658 0.994455 
vt -0.172658 0.994455 

usemtl C391Mtl

f 2621/2621/2621 2622/2622/2622 2623/2623/2623 
f 2624/2624/2624 2623/2623/2623 2622/2622/2622 
f 2622/2622/2622 2621/2621/2621 2625/2625/2625 
f 2623/2623/2623 2624/2624/2624 2626/2626/2626 
f 2627/2627/2627 2625/2625/2625 2621/2621/2621 
f 2628/2628/2628 2626/2626/2626 2624/2624/2624 
f 2625/2625/2625 2627/2627/2627 2629/2629/2629 
f 2626/2626/2626 2628/2628/2628 2630/2630/2630 
f 2631/2631/2631 2630/2630/2630 2628/2628/2628 
f 2630/2630/2630 2631/2631/2631 2632/2632/2632 
f 2633/2633/2633 2632/2632/2632 2631/2631/2631 
f 2632/2632/2632 2633/2633/2633 2635/2635/2635 
f 2644/2644/2644 2646/2646/2646 2645/2645/2645 
f 2646/2646/2646 2644/2644/2644 2647/2647/2647 
f 2648/2648/2648 2646/2646/2646 2647/2647/2647 
f 2646/2646/2646 2648/2648/2648 2649/2649/2649 
f 2648/2648/2648 2650/2650/2650 2649/2649/2649 
f 2650/2650/2650 2648/2648/2648 2651/2651/2651 
f 2651/2651/2651 2652/2652/2652 2650/2650/2650 
f 2652/2652/2652 2651/2651/2651 2654/2654/2654 
f 2654/2654/2654 2655/2655/2655 2652/2652/2652 
f 2655/2655/2655 2654/2654/2654 2656/2656/2656 
f 2657/2657/2657 2655/2655/2655 2656/2656/2656 
f 2655/2655/2655 2657/2657/2657 2658/2658/2658 
f 2659/2659/2659 2660/2660/2660 2661/2661/2661 
f 2660/2660/2660 2659/2659/2659 2662/2662/2662 
f 2660/2660/2660 2662/2662/2662 2663/2663/2663 
f 2664/2664/2664 2665/2665/2665 2666/2666/2666 
f 2667/2667/2667 2668/2668/2668 2669/2669/2669 
f 2670/2670/2670 2671/2671/2671 2672/2672/2672 
f 2673/2673/2673 2674/2674/2674 2675/2675/2675 
f 2675/2675/2675 2676/2676/2676 2677/2677/2677 
f 2677/2677/2677 2678/2678/2678 2679/2679/2679 
f 2680/2680/2680 2681/2681/2681 2682/2682/2682 
f 2683/2683/2683 2684/2684/2684 2685/2685/2685 
f 2686/2686/2686 2687/2687/2687 2688/2688/2688 
f 2689/2689/2689 2690/2690/2690 2691/2691/2691 
f 2692/2692/2692 2693/2693/2693 2694/2694/2694 
f 2695/2695/2695 2696/2696/2696 2697/2697/2697 
f 2698/2698/2698 2699/2699/2699 2700/2700/2700 
f 2701/2701/2701 2702/2702/2702 2703/2703/2703 
f 2704/2704/2704 2705/2705/2705 2706/2706/2706 
f 2707/2707/2707 2708/2708/2708 2709/2709/2709 
f 2709/2709/2709 2708/2708/2708 2710/2710/2710 
f 2709/2709/2709 2710/2710/2710 2711/2711/2711 
f 2711/2711/2711 2710/2710/2710 2712/2712/2712 
f 2728/2728/2728 2729/2729/2729 2730/2730/2730 
f 2731/2731/2731 2732/2732/2732 2733/2733/2733 
f 2734/2734/2734 2735/2735/2735 2736/2736/2736 
f 2737/2737/2737 2738/2738/2738 2739/2739/2739 
f 2737/2737/2737 2739/2739/2739 2740/2740/2740 
f 2741/2741/2741 2742/2742/2742 2743/2743/2743 
f 2744/2744/2744 2745/2745/2745 2746/2746/2746 
f 2747/2747/2747 2748/2748/2748 2749/2749/2749 
f 2750/2750/2750 2751/2751/2751 2752/2752/2752 
f 2753/2753/2753 2754/2754/2754 2755/2755/2755 
f 2756/2756/2756 2757/2757/2757 2758/2758/2758 
f 2758/2758/2758 2757/2757/2757 2759/2759/2759 
f 2760/2760/2760 2761/2761/2761 2762/2762/2762 
f 2763/2763/2763 2764/2764/2764 2765/2765/2765 
f 2766/2766/2766 2767/2767/2767 2768/2768/2768 
f 2769/2769/2769 2770/2770/2770 2771/2771/2771 
f 2772/2772/2772 2773/2773/2773 2774/2774/2774 
f 2775/2775/2775 2776/2776/2776 2777/2777/2777 
f 2778/2778/2778 2779/2779/2779 2780/2780/2780 
f 2781/2781/2781 2782/2782/2782 2783/2783/2783 
f 2784/2784/2784 2785/2785/2785 2786/2786/2786 
f 2787/2787/2787 2788/2788/2788 2789/2789/2789 
f 2800/2800/2800 2801/2801/2801 2799/2799/2799 
f 2801/2801/2801 2800/2800/2800 2802/2802/2802 
f 2802/2802/2802 2803/2803/2803 2801/2801/2801 
f 2803/2803/2803 2802/2802/2802 2805/2805/2805 
f 2805/2805/2805 2807/2807/2807 2803/2803/2803 
f 2804/2804/2804 2808/2808/2808 2806/2806/2806 
f 2807/2807/2807 2805/2805/2805 2809/2809/2809 
f 2808/2808/2808 2804/2804/2804 2810/2810/2810 
f 2809/2809/2809 2811/2811/2811 2807/2807/2807 
f 2810/2810/2810 2812/2812/2812 2808/2808/2808 
f 2811/2811/2811 2809/2809/2809 2812/2812/2812 
f 2811/2811/2811 2812/2812/2812 2810/2810/2810 
f 2821/2821/2821 2823/2823/2823 2822/2822/2822 
f 2823/2823/2823 2821/2821/2821 2824/2824/2824 
f 2824/2824/2824 2825/2825/2825 2823/2823/2823 
f 2825/2825/2825 2824/2824/2824 2826/2826/2826 
f 2826/2826/2826 2827/2827/2827 2825/2825/2825 
f 2827/2827/2827 2826/2826/2826 2828/2828/2828 
f 2828/2828/2828 2829/2829/2829 2827/2827/2827 
f 2829/2829/2829 2828/2828/2828 2830/2830/2830 
f 2830/2830/2830 2831/2831/2831 2829/2829/2829 
f 2831/2831/2831 2830/2830/2830 2832/2832/2832 
f 2832/2832/2832 2833/2833/2833 2831/2831/2831 
f 2833/2833/2833 2832/2832/2832 2834/2834/2834 

g C397

v 2.97113 6.18735 -68.3233 
v 3.02658 6.18735 -68.1894 
v 3.02658 6.18735 -68.3463 
v 3.06578 6.18735 -68.3358 
v 3.08202 6.18735 -68.2124 
v 3.09448 6.18735 -68.3071 
v 3.10499 6.18735 -68.2679 
v 3.09448 -0.165805 -68.3071 
v 3.10231 6.18735 -68.2881 
v 3.10231 -0.165805 -68.2881 
v 3.10499 6.18735 -68.2679 
v 3.09448 6.18735 -68.3071 
v 3.10499 -0.165805 -68.2679 
v 3.08202 -0.165805 -68.3233 
v 3.10231 6.18735 -68.2476 
v 3.08202 6.18735 -68.3233 
v 3.10231 -0.165805 -68.2476 
v 3.09448 6.18735 -68.2286 
v 3.09448 -0.165805 -68.2286 
v 3.08202 6.18735 -68.2124 
v 3.04687 -0.165805 -68.3436 
v 3.08202 -0.165805 -68.2124 
v 2.95084 6.18735 -68.2476 
v 2.95867 6.18735 -68.2286 
v 2.97113 6.18735 -68.3233 
v 2.98737 6.18735 -68.1999 
v 3.02658 6.18735 -68.1894 
v 3.08202 6.18735 -68.2124 
v 3.10499 6.18735 -68.2679 
v 3.10499 -0.165805 -68.2679 
v 3.08202 6.18735 -68.2124 
v 3.08202 -0.165805 -68.2124 
v 3.06578 -0.165805 -68.1999 
v 3.06578 6.18735 -68.1999 
v 3.04687 6.18735 -68.1921 
v 3.04687 -0.165805 -68.1921 
v 3.02658 -0.165805 -68.1894 
v 3.02658 6.18735 -68.1894 
v 3.00628 -0.165805 -68.1921 
v 2.97113 -0.165805 -68.3233 
v 3.00628 6.18735 -68.1921 
v 2.98737 -0.165805 -68.1999 
v 2.98737 6.18735 -68.1999 
v 2.97113 6.18735 -68.2124 
v 2.97113 -0.165805 -68.2124 
v 2.95084 6.18735 -68.2476 
v 2.95084 6.18735 -68.2881 
v 2.94816 6.18735 -68.2679 
v 2.95867 6.18735 -68.2286 
v 2.95867 6.18735 -68.3071 
v 2.95867 6.18735 -68.3071 
v 2.95867 6.18735 -68.2286 
v 2.97113 6.18735 -68.2124 
v 2.95867 6.18735 -68.3071 
v 2.97113 6.18735 -68.2124 
v 2.97113 6.18735 -68.3233 
v 2.97113 6.18735 -68.3233 
v 2.97113 6.18735 -68.2124 
v 2.98737 6.18735 -68.1999 
v 2.97113 6.18735 -68.3233 
v 2.98737 6.18735 -68.1999 
v 2.98737 6.18735 -68.3358 
v 3.00628 6.18735 -68.1921 
v 3.00628 6.18735 -68.3436 
v 3.02658 6.18735 -68.1894 
v 3.02658 6.18735 -68.3463 
v 2.98737 6.18735 -68.3358 
v 2.98737 6.18735 -68.1999 
v 3.00628 6.18735 -68.1921 
v 3.00628 6.18735 -68.3436 
v 3.00628 6.18735 -68.1921 
v 3.02658 6.18735 -68.1894 
v 3.02658 6.18735 -68.3463 
v 3.02658 6.18735 -68.1894 
v 3.04687 6.18735 -68.1921 
v 3.02658 6.18735 -68.3463 
v 3.04687 6.18735 -68.1921 
v 3.04687 6.18735 -68.3436 
v 3.04687 6.18735 -68.3436 
v 3.04687 6.18735 -68.1921 
v 3.06578 6.18735 -68.1999 
v 3.04687 6.18735 -68.3436 
v 3.06578 6.18735 -68.1999 
v 3.06578 6.18735 -68.3358 
v 3.06578 6.18735 -68.3358 
v 3.06578 6.18735 -68.1999 
v 3.08202 6.18735 -68.2124 
v 3.06578 6.18735 -68.3358 
v 3.08202 6.18735 -68.2124 
v 3.08202 6.18735 -68.3233 
v 3.08202 6.18735 -68.3233 
v 3.08202 6.18735 -68.2124 
v 3.09448 6.18735 -68.2286 
v 3.08202 6.18735 -68.3233 
v 3.09448 6.18735 -68.2286 
v 3.09448 6.18735 -68.3071 
v 3.10231 6.18735 -68.2476 
v 3.10231 6.18735 -68.2881 
v 3.10499 6.18735 -68.2679 
v 3.09448 -0.165805 -68.3071 
v 3.10499 -0.165805 -68.2679 
v 3.10231 -0.165805 -68.2476 
v 3.06578 -0.165805 -68.3358 
v 3.04687 -0.165805 -68.3436 
v 3.08202 -0.165805 -68.2124 
v 3.02658 -0.165805 -68.3463 
v 3.04687 -0.165805 -68.1921 
v 3.02658 -0.165805 -68.1894 
v 2.98737 -0.165805 -68.3358 
v 2.97113 -0.165805 -68.3233 
v 2.98737 -0.165805 -68.1999 
v 2.95084 -0.165805 -68.2881 
v 2.95867 -0.165805 -68.2286 
v 2.95084 -0.165805 -68.2476 
v 2.95084 -0.165805 -68.2476 
v 2.95084 -0.165805 -68.2881 
v 2.94816 -0.165805 -68.2679 
v 2.95084 -0.165805 -68.2881 
v 2.95084 -0.165805 -68.2476 
v 2.95867 -0.165805 -68.2286 
v 2.95084 -0.165805 -68.2881 
v 2.95867 -0.165805 -68.2286 
v 2.95867 -0.165805 -68.3071 
v 2.95867 -0.165805 -68.3071 
v 2.95867 -0.165805 -68.2286 
v 2.97113 -0.165805 -68.2124 
v 2.97113 -0.165805 -68.3233 
v 2.97113 -0.165805 -68.3233 
v 2.97113 -0.165805 -68.2124 
v 2.98737 -0.165805 -68.1999 
v 2.97113 -0.165805 -68.3233 
v 2.98737 -0.165805 -68.1999 
v 2.98737 -0.165805 -68.3358 
v 2.98737 -0.165805 -68.3358 
v 2.98737 -0.165805 -68.1999 
v 3.00628 -0.165805 -68.1921 
v 2.98737 -0.165805 -68.3358 
v 3.00628 -0.165805 -68.1921 
v 3.00628 -0.165805 -68.3436 
v 3.00628 -0.165805 -68.3436 
v 3.00628 -0.165805 -68.1921 
v 3.02658 -0.165805 -68.1894 
v 3.00628 -0.165805 -68.3436 
v 3.02658 -0.165805 -68.1894 
v 3.02658 -0.165805 -68.3463 
v 3.04687 -0.165805 -68.1921 
v 3.02658 -0.165805 -68.3463 
v 3.04687 -0.165805 -68.1921 
v 3.04687 -0.165805 -68.3436 
v 3.04687 -0.165805 -68.3436 
v 3.04687 -0.165805 -68.1921 
v 3.06578 -0.165805 -68.1999 
v 3.04687 -0.165805 -68.3436 
v 3.06578 -0.165805 -68.1999 
v 3.06578 -0.165805 -68.3358 
v 3.06578 -0.165805 -68.3358 
v 3.06578 -0.165805 -68.1999 
v 3.08202 -0.165805 -68.2124 
v 3.06578 -0.165805 -68.3358 
v 3.08202 -0.165805 -68.2124 
v 3.08202 -0.165805 -68.3233 
v 3.08202 -0.165805 -68.3233 
v 3.08202 -0.165805 -68.2124 
v 3.09448 -0.165805 -68.2286 
v 3.08202 -0.165805 -68.3233 
v 3.09448 -0.165805 -68.2286 
v 3.09448 -0.165805 -68.3071 
v 3.09448 -0.165805 -68.3071 
v 3.09448 -0.165805 -68.2286 
v 3.10231 -0.165805 -68.2476 
v 3.09448 -0.165805 -68.3071 
v 3.10231 -0.165805 -68.2476 
v 3.10231 -0.165805 -68.2881 
v 3.10231 -0.165805 -68.2881 
v 3.10231 -0.165805 -68.2476 
v 3.10499 -0.165805 -68.2679 
v 2.95084 6.18735 -68.2476 
v 2.94816 6.18735 -68.2679 
v 2.95867 6.18735 -68.2286 
v 2.95867 6.18735 -68.3071 
v 2.97113 6.18735 -68.3233 
v 3.02658 6.18735 -68.1894 
v 3.02658 6.18735 -68.3463 
v 3.02658 -0.165805 -68.3463 
v 3.02658 -0.165805 -68.1894 
v 2.97113 6.18735 -68.3233 
v 2.97113 -0.165805 -68.3233 
v 2.95867 6.18735 -68.3071 
v 2.95867 -0.165805 -68.3071 
v 2.95084 6.18735 -68.2881 
v 2.97113 6.18735 -68.2124 
v 2.95084 -0.165805 -68.2881 
v 2.97113 -0.165805 -68.2124 
v 2.94816 6.18735 -68.2679 
v 2.95867 -0.165805 -68.2286 
v 2.94816 -0.165805 -68.2679 
v 2.95867 6.18735 -68.2286 
v 2.95084 6.18735 -68.2476 
v 2.95084 -0.165805 -68.2476 
v 2.97113 6.18735 -68.3233 
v 3.00628 6.18735 -68.3436 
v 3.04687 6.18735 -68.3436 
v 3.06578 6.18735 -68.3358 
v 3.09448 6.18735 -68.3071 
v 3.10499 6.18735 -68.2679 
v 3.09448 -0.165805 -68.3071 
v 3.10499 -0.165805 -68.2679 
v 3.08202 -0.165805 -68.3233 
v 3.08202 6.18735 -68.3233 
v 3.06578 6.18735 -68.3358 
v 3.06578 -0.165805 -68.3358 
v 3.04687 6.18735 -68.3436 
v 3.04687 -0.165805 -68.3436 
v 3.02658 6.18735 -68.3463 
v 3.02658 -0.165805 -68.3463 
v 3.00628 6.18735 -68.3436 
v 3.00628 -0.165805 -68.3436 
v 2.98737 6.18735 -68.3358 
v 2.98737 -0.165805 -68.3358 
v 2.97113 6.18735 -68.3233 
v 2.97113 -0.165805 -68.3233 

vn 0 1 0 
vn 0 1 0 
vn 0 1 0 
vn 0 1 0 
vn 0 1 0 
vn 0 1 0 
vn 0 1 0 
vn 0.866142 0 -0.503937 
vn 0.968504 0 -0.259843 
vn 0.968504 0 -0.259843 
vn 1 0 0 
vn 0.866142 0 -0.496063 
vn 1 0 0 
vn 0.708661 0 -0.708661 
vn 0.968504 0 0.259843 
vn 0.708661 0 -0.708661 
vn 0.968504 0 0.259843 
vn 0.866142 0 0.503937 
vn 0.866142 0 0.496063 
vn 0.708661 0 0.708661 
vn 0.259843 0 -0.968504 
vn 0.708661 0 0.708661 
vn 0 1 0 
vn 0 1 0 
vn 0 1 0 
vn 0 1 0 
vn 0 1 0 
vn 0 1 0 
vn 0 1 0 
vn 1 0 0 
vn 0.708661 0 0.708661 
vn 0.708661 0 0.708661 
vn 0.503937 0 0.866142 
vn 0.496063 0 0.866142 
vn 0.259843 0 0.968504 
vn 0.259843 0 0.968504 
vn 0 0 1 
vn 0 0 1 
vn -0.259843 0 0.968504 
vn -0.708661 0 -0.708661 
vn -0.259843 0 0.968504 
vn -0.503937 0 0.866142 
vn -0.503937 0 0.866142 
vn -0.708661 0 0.708661 
vn -0.708661 0 0.708661 
vn 0 1 0 
vn 0 1 0 
vn 0 1 0 
vn 0 1 0 
vn 0 1 0 
vn 0 1 0 
vn 0 1 0 
vn 0 1 0 
vn 0 1 0 
vn 0 1 0 
vn 0 1 0 
vn 0 1 0 
vn 0 1 0 
vn 0 1 0 
vn 0 1 0 
vn 0 1 0 
vn 0 1 0 
vn 0 1 0 
vn 0 1 0 
vn 0 1 0 
vn 0 1 0 
vn 0 1 0 
vn 0 1 0 
vn 0 1 0 
vn 0 1 0 
vn 0 1 0 
vn 0 1 0 
vn 0 1 0 
vn 0 1 0 
vn 0 1 0 
vn 0 1 0 
vn 0 1 0 
vn 0 1 0 
vn 0 1 0 
vn 0 1 0 
vn 0 1 0 
vn 0 1 0 
vn 0 1 0 
vn 0 1 0 
vn 0 1 0 
vn 0 1 0 
vn 0 1 0 
vn 0 1 0 
vn 0 1 0 
vn 0 1 0 
vn 0 1 0 
vn 0 1 0 
vn 0 1 0 
vn 0 1 0 
vn 0 1 0 
vn 0 1 0 
vn 0 1 0 
vn 0 1 0 
vn 0 1 0 
vn 0.866142 0 -0.503937 
vn 1 0 0 
vn 0.968504 0 0.259843 
vn 0.496063 0 -0.866142 
vn 0.259843 0 -0.968504 
vn 0.708661 0 0.708661 
vn 0 0 -1 
vn 0.259843 0 0.968504 
vn 0 0 1 
vn -0.503937 0 -0.866142 
vn -0.708661 0 -0.708661 
vn -0.503937 0 0.866142 
vn -0.968504 0 -0.259843 
vn -0.866142 0 0.503937 
vn -0.968504 0 0.259843 
vn 0 1 0 
vn 0 1 0 
vn 0 1 0 
vn 0 1 0 
vn 0 1 0 
vn 0 1 0 
vn 0 1 0 
vn 0 1 0 
vn 0 1 0 
vn 0 1 0 
vn 0 1 0 
vn 0 1 0 
vn 0 1 0 
vn 0 1 0 
vn 0 1 0 
vn 0 1 0 
vn 0 1 0 
vn 0 1 0 
vn 0 1 0 
vn 0 1 0 
vn 0 1 0 
vn 0 1 0 
vn 0 1 0 
vn 0 1 0 
vn 0 1 0 
vn 0 1 0 
vn 0 1 0 
vn 0 1 0 
vn 0 1 0 
vn 0 1 0 
vn 0 1 0 
vn 0 1 0 
vn 0 1 0 
vn 0 1 0 
vn 0 1 0 
vn 0 1 0 
vn 0 1 0 
vn 0 1 0 
vn 0 1 0 
vn 0 1 0 
vn 0 1 0 
vn 0 1 0 
vn 0 1 0 
vn 0 1 0 
vn 0 1 0 
vn 0 1 0 
vn 0 1 0 
vn 0 1 0 
vn 0 1 0 
vn 0 1 0 
vn 0 1 0 
vn 0 1 0 
vn 0 1 0 
vn 0 1 0 
vn 0 1 0 
vn 0 1 0 
vn 0 1 0 
vn 0 1 0 
vn 0 1 0 
vn 0 1 0 
vn 0 1 0 
vn 0 1 0 
vn 0 1 0 
vn 0 1 0 
vn 0 1 0 
vn 0 1 0 
vn 0 1 0 
vn 0 1 0 
vn 0 1 0 
vn 0 0 -1 
vn 0 0 1 
vn -0.708661 0 -0.708661 
vn -0.708661 0 -0.708661 
vn -0.866142 0 -0.503937 
vn -0.866142 0 -0.496063 
vn -0.968504 0 -0.259843 
vn -0.708661 0 0.708661 
vn -0.968504 0 -0.259843 
vn -0.708661 0 0.708661 
vn -1 0 0 
vn -0.866142 0 0.503937 
vn -1 0 0 
vn -0.866142 0 0.496063 
vn -0.968504 0 0.259843 
vn -0.968504 0 0.259843 
vn 0 1 0 
vn 0 1 0 
vn 0 1 0 
vn 0 1 0 
vn 0 1 0 
vn 0 1 0 
vn 0.866142 0 -0.503937 
vn 1 0 0 
vn 0.708661 0 -0.708661 
vn 0.708661 0 -0.708661 
vn 0.503937 0 -0.866142 
vn 0.496063 0 -0.866142 
vn 0.259843 0 -0.968504 
vn 0.259843 0 -0.968504 
vn 0 0 -1 
vn 0 0 -1 
vn -0.259843 0 -0.968504 
vn -0.259843 0 -0.968504 
vn -0.496063 0 -0.866142 
vn -0.503937 0 -0.866142 
vn -0.708661 0 -0.708661 
vn -0.708661 0 -0.708661 

vt 0.317658 0.994455 
vt 0.317658 1.00784 
vt 0.317658 0.992159 
vt 0.317658 0.993209 
vt 0.317658 1.00554 
vt 0.317658 0.996079 
vt 0.317658 1 
vt -0.317658 0.996079 
vt 0.317658 0.997971 
vt -0.317658 0.997971 
vt 0.317658 1 
vt 0.317658 0.996079 
vt -0.317658 1 
vt -0.317658 0.994455 
vt 0.317658 1.00203 
vt 0.317658 0.994455 
vt -0.317658 1.00203 
vt 0.317658 1.00392 
vt -0.317658 1.00392 
vt 0.317658 1.00554 
vt -0.317658 0.992426 
vt -0.317658 1.00554 
vt -0.317658 0.992426 
vt -0.317658 0.993209 
vt -0.317658 0.994455 
vt -0.317658 0.996079 
vt -0.317658 1 
vt -0.317658 1.00554 
vt -0.317658 1.00784 
vt 0.317658 1.00784 
vt -0.317658 1.00554 
vt 0.317658 1.00554 
vt 0.317658 1.00392 
vt -0.317658 1.00392 
vt -0.317658 1.00203 
vt 0.317658 1.00203 
vt 0.317658 1 
vt -0.317658 1 
vt 0.317658 0.997971 
vt 0.317658 0.994455 
vt -0.317658 0.997971 
vt 0.317658 0.996079 
vt -0.317658 0.996079 
vt -0.317658 0.994455 
vt 0.317658 0.994455 
vt 0.0020295 0.992426 
vt -0.0020294 0.992426 
vt 5.06381e-08 0.992159 
vt 0.00392066 0.993209 
vt -0.00392055 0.993209 
vt -0.00392055 0.993209 
vt 0.00392066 0.993209 
vt 0.00554462 0.994455 
vt -0.00392055 0.993209 
vt 0.00554462 0.994455 
vt -0.00554452 0.994455 
vt -0.00554452 0.994455 
vt 0.00554462 0.994455 
vt 0.00679074 0.996079 
vt -0.00554452 0.994455 
vt 0.00679074 0.996079 
vt -0.00679063 0.996079 
vt 0.00757408 0.997971 
vt -0.00757397 0.997971 
vt 0.00784126 1 
vt -0.00784116 1 
vt -0.00679063 0.996079 
vt 0.00679074 0.996079 
vt 0.00757408 0.997971 
vt -0.00757397 0.997971 
vt 0.00757408 0.997971 
vt 0.00784126 1 
vt -0.00784116 1 
vt 0.00784126 1 
vt 0.00757408 1.00203 
vt -0.00784116 1 
vt 0.00757408 1.00203 
vt -0.00757397 1.00203 
vt -0.00757397 1.00203 
vt 0.00757408 1.00203 
vt 0.00679074 1.00392 
vt -0.00757397 1.00203 
vt 0.00679074 1.00392 
vt -0.00679063 1.00392 
vt -0.00679063 1.00392 
vt 0.00679074 1.00392 
vt 0.00554463 1.00554 
vt -0.00679063 1.00392 
vt 0.00554463 1.00554 
vt -0.00554452 1.00554 
vt -0.00554452 1.00554 
vt 0.00554463 1.00554 
vt 0.00392066 1.00679 
vt -0.00554452 1.00554 
vt 0.00392066 1.00679 
vt -0.00392055 1.00679 
vt 0.00202951 1.00757 
vt -0.0020294 1.00757 
vt 5.29934e-08 1.00784 
vt -0.00392066 1.00679 
vt -5.06381e-08 1.00784 
vt 0.0020294 1.00757 
vt -0.00679074 1.00392 
vt -0.00757408 1.00203 
vt 0.00554452 1.00554 
vt -0.00784126 1 
vt 0.00757397 1.00203 
vt 0.00784116 1 
vt -0.00679074 0.996079 
vt -0.00554462 0.994455 
vt 0.00679063 0.996079 
vt -0.00202951 0.992426 
vt 0.00392055 0.993209 
vt 0.0020294 0.992426 
vt 0.0020294 0.992426 
vt -0.00202951 0.992426 
vt -5.4171e-08 0.992159 
vt -0.00202951 0.992426 
vt 0.0020294 0.992426 
vt 0.00392055 0.993209 
vt -0.00202951 0.992426 
vt 0.00392055 0.993209 
vt -0.00392066 0.993209 
vt -0.00392066 0.993209 
vt 0.00392055 0.993209 
vt 0.00554452 0.994455 
vt -0.00554462 0.994455 
vt -0.00554462 0.994455 
vt 0.00554452 0.994455 
vt 0.00679063 0.996079 
vt -0.00554462 0.994455 
vt 0.00679063 0.996079 
vt -0.00679074 0.996079 
vt -0.00679074 0.996079 
vt 0.00679063 0.996079 
vt 0.00757397 0.997971 
vt -0.00679074 0.996079 
vt 0.00757397 0.997971 
vt -0.00757408 0.997971 
vt -0.00757408 0.997971 
vt 0.00757397 0.997971 
vt 0.00784116 1 
vt -0.00757408 0.997971 
vt 0.00784116 1 
vt -0.00784126 1 
vt 0.00757397 1.00203 
vt -0.00784126 1 
vt 0.00757397 1.00203 
vt -0.00757408 1.00203 
vt -0.00757408 1.00203 
vt 0.00757397 1.00203 
vt 0.00679063 1.00392 
vt -0.00757408 1.00203 
vt 0.00679063 1.00392 
vt -0.00679074 1.00392 
vt -0.00679074 1.00392 
vt 0.00679063 1.00392 
vt 0.00554452 1.00554 
vt -0.00679074 1.00392 
vt 0.00554452 1.00554 
vt -0.00554462 1.00554 
vt -0.00554462 1.00554 
vt 0.00554452 1.00554 
vt 0.00392055 1.00679 
vt -0.00554462 1.00554 
vt 0.00392055 1.00679 
vt -0.00392066 1.00679 
vt -0.00392066 1.00679 
vt 0.00392055 1.00679 
vt 0.0020294 1.00757 
vt -0.00392066 1.00679 
vt 0.0020294 1.00757 
vt -0.00202951 1.00757 
vt -0.00202951 1.00757 
vt 0.0020294 1.00757 
vt -5.06381e-08 1.00784 
vt -0.317658 1.00203 
vt -0.317658 1 
vt -0.317658 1.00392 
vt -0.317658 0.996079 
vt -0.317658 0.994455 
vt -0.317658 1.00784 
vt -0.317658 0.992159 
vt 0.317658 0.992159 
vt 0.317658 1.00784 
vt -0.317658 0.994455 
vt 0.317658 0.994455 
vt -0.317658 0.996079 
vt 0.317658 0.996079 
vt -0.317658 0.997971 
vt -0.317658 1.00554 
vt 0.317658 0.997971 
vt 0.317658 1.00554 
vt -0.317658 1 
vt 0.317658 1.00392 
vt 0.317658 1 
vt -0.317658 1.00392 
vt -0.317658 1.00203 
vt 0.317658 1.00203 
vt 0.317658 0.994455 
vt 0.317658 0.997971 
vt 0.317658 1.00203 
vt 0.317658 1.00392 
vt 0.317658 1.00679 
vt 0.317658 1.00784 
vt -0.317658 1.00679 
vt -0.317658 1.00784 
vt -0.317658 1.00554 
vt 0.317658 1.00554 
vt 0.317658 1.00392 
vt -0.317658 1.00392 
vt 0.317658 1.00203 
vt -0.317658 1.00203 
vt 0.317658 1 
vt -0.317658 1 
vt 0.317658 0.997971 
vt -0.317658 0.997971 
vt 0.317658 0.996079 
vt -0.317658 0.996079 
vt 0.317658 0.994455 
vt -0.317658 0.994455 

usemtl C391Mtl

f 2842/2842/2842 2843/2843/2843 2844/2844/2844 
f 2845/2845/2845 2844/2844/2844 2843/2843/2843 
f 2843/2843/2843 2842/2842/2842 2846/2846/2846 
f 2844/2844/2844 2845/2845/2845 2847/2847/2847 
f 2848/2848/2848 2846/2846/2846 2842/2842/2842 
f 2849/2849/2849 2847/2847/2847 2845/2845/2845 
f 2846/2846/2846 2848/2848/2848 2850/2850/2850 
f 2847/2847/2847 2849/2849/2849 2851/2851/2851 
f 2852/2852/2852 2851/2851/2851 2849/2849/2849 
f 2851/2851/2851 2852/2852/2852 2853/2853/2853 
f 2854/2854/2854 2853/2853/2853 2852/2852/2852 
f 2853/2853/2853 2854/2854/2854 2856/2856/2856 
f 2865/2865/2865 2867/2867/2867 2866/2866/2866 
f 2867/2867/2867 2865/2865/2865 2868/2868/2868 
f 2869/2869/2869 2867/2867/2867 2868/2868/2868 
f 2867/2867/2867 2869/2869/2869 2870/2870/2870 
f 2869/2869/2869 2871/2871/2871 2870/2870/2870 
f 2871/2871/2871 2869/2869/2869 2872/2872/2872 
f 2872/2872/2872 2873/2873/2873 2871/2871/2871 
f 2873/2873/2873 2872/2872/2872 2875/2875/2875 
f 2875/2875/2875 2876/2876/2876 2873/2873/2873 
f 2876/2876/2876 2875/2875/2875 2877/2877/2877 
f 2878/2878/2878 2876/2876/2876 2877/2877/2877 
f 2876/2876/2876 2878/2878/2878 2879/2879/2879 
f 2880/2880/2880 2881/2881/2881 2882/2882/2882 
f 2881/2881/2881 2880/2880/2880 2883/2883/2883 
f 2881/2881/2881 2883/2883/2883 2884/2884/2884 
f 2885/2885/2885 2886/2886/2886 2887/2887/2887 
f 2888/2888/2888 2889/2889/2889 2890/2890/2890 
f 2891/2891/2891 2892/2892/2892 2893/2893/2893 
f 2894/2894/2894 2895/2895/2895 2896/2896/2896 
f 2896/2896/2896 2897/2897/2897 2898/2898/2898 
f 2898/2898/2898 2899/2899/2899 2900/2900/2900 
f 2901/2901/2901 2902/2902/2902 2903/2903/2903 
f 2904/2904/2904 2905/2905/2905 2906/2906/2906 
f 2907/2907/2907 2908/2908/2908 2909/2909/2909 
f 2910/2910/2910 2911/2911/2911 2912/2912/2912 
f 2913/2913/2913 2914/2914/2914 2915/2915/2915 
f 2916/2916/2916 2917/2917/2917 2918/2918/2918 
f 2919/2919/2919 2920/2920/2920 2921/2921/2921 
f 2922/2922/2922 2923/2923/2923 2924/2924/2924 
f 2925/2925/2925 2926/2926/2926 2927/2927/2927 
f 2928/2928/2928 2929/2929/2929 2930/2930/2930 
f 2930/2930/2930 2929/2929/2929 2931/2931/2931 
f 2930/2930/2930 2931/2931/2931 2932/2932/2932 
f 2932/2932/2932 2931/2931/2931 2933/2933/2933 
f 2949/2949/2949 2950/2950/2950 2951/2951/2951 
f 2952/2952/2952 2953/2953/2953 2954/2954/2954 
f 2955/2955/2955 2956/2956/2956 2957/2957/2957 
f 2958/2958/2958 2959/2959/2959 2960/2960/2960 
f 2958/2958/2958 2960/2960/2960 2961/2961/2961 
f 2962/2962/2962 2963/2963/2963 2964/2964/2964 
f 2965/2965/2965 2966/2966/2966 2967/2967/2967 
f 2968/2968/2968 2969/2969/2969 2970/2970/2970 
f 2971/2971/2971 2972/2972/2972 2973/2973/2973 
f 2974/2974/2974 2975/2975/2975 2976/2976/2976 
f 2977/2977/2977 2978/2978/2978 2979/2979/2979 
f 2979/2979/2979 2978/2978/2978 2980/2980/2980 
f 2981/2981/2981 2982/2982/2982 2983/2983/2983 
f 2984/2984/2984 2985/2985/2985 2986/2986/2986 
f 2987/2987/2987 2988/2988/2988 2989/2989/2989 
f 2990/2990/2990 2991/2991/2991 2992/2992/2992 
f 2993/2993/2993 2994/2994/2994 2995/2995/2995 
f 2996/2996/2996 2997/2997/2997 2998/2998/2998 
f 2999/2999/2999 3000/3000/3000 3001/3001/3001 
f 3002/3002/3002 3003/3003/3003 3004/3004/3004 
f 3005/3005/3005 3006/3006/3006 3007/3007/3007 
f 3008/3008/3008 3009/3009/3009 3010/3010/3010 
f 3021/3021/3021 3022/3022/3022 3020/3020/3020 
f 3022/3022/3022 3021/3021/3021 3023/3023/3023 
f 3023/3023/3023 3024/3024/3024 3022/3022/3022 
f 3024/3024/3024 3023/3023/3023 3026/3026/3026 
f 3026/3026/3026 3028/3028/3028 3024/3024/3024 
f 3025/3025/3025 3029/3029/3029 3027/3027/3027 
f 3028/3028/3028 3026/3026/3026 3030/3030/3030 
f 3029/3029/3029 3025/3025/3025 3031/3031/3031 
f 3030/3030/3030 3032/3032/3032 3028/3028/3028 
f 3031/3031/3031 3033/3033/3033 3029/3029/3029 
f 3032/3032/3032 3030/3030/3030 3033/3033/3033 
f 3032/3032/3032 3033/3033/3033 3031/3031/3031 
f 3042/3042/3042 3044/3044/3044 3043/3043/3043 
f 3044/3044/3044 3042/3042/3042 3045/3045/3045 
f 3045/3045/3045 3046/3046/3046 3044/3044/3044 
f 3046/3046/3046 3045/3045/3045 3047/3047/3047 
f 3047/3047/3047 3048/3048/3048 3046/3046/3046 
f 3048/3048/3048 3047/3047/3047 3049/3049/3049 
f 3049/3049/3049 3050/3050/3050 3048/3048/3048 
f 3050/3050/3050 3049/3049/3049 3051/3051/3051 
f 3051/3051/3051 3052/3052/3052 3050/3050/3050 
f 3052/3052/3052 3051/3051/3051 3053/3053/3053 
f 3053/3053/3053 3054/3054/3054 3052/3052/3052 
f 3054/3054/3054 3053/3053/3053 3055/3055/3055 

g C398

v -4.70001 5.80532 -69.1233 
v -4.70001 5.86076 -68.9894 
v -4.70001 5.86076 -69.1463 
v -4.70001 5.89997 -69.1358 
v -4.70001 5.91621 -69.0124 
v -4.70001 5.92867 -69.1071 
v -4.70001 5.93918 -69.0679 
v 3.05314 5.92867 -69.1071 
v -4.70001 5.9365 -69.0882 
v 3.05314 5.9365 -69.0882 
v -4.70001 5.93918 -69.0679 
v -4.70001 5.92867 -69.1071 
v 3.05314 5.93918 -69.0679 
v 3.05314 5.91621 -69.1233 
v -4.70001 5.9365 -69.0476 
v -4.70001 5.91621 -69.1233 
v 3.05314 5.9365 -69.0476 
v -4.70001 5.92867 -69.0286 
v 3.05314 5.92867 -69.0286 
v -4.70001 5.91621 -69.0124 
v 3.05314 5.88106 -69.1436 
v 3.05314 5.91621 -69.0124 
v -4.70001 5.78503 -69.0476 
v -4.70001 5.79286 -69.0286 
v -4.70001 5.80532 -69.1233 
v -4.70001 5.82156 -68.9999 
v -4.70001 5.86076 -68.9894 
v -4.70001 5.91621 -69.0124 
v -4.70001 5.93918 -69.0679 
v 3.05314 5.93918 -69.0679 
v -4.70001 5.91621 -69.0124 
v 3.05314 5.91621 -69.0124 
v 3.05314 5.89997 -68.9999 
v -4.70001 5.89997 -68.9999 
v -4.70001 5.88106 -68.9921 
v 3.05314 5.88106 -68.9921 
v 3.05314 5.86076 -68.9894 
v -4.70001 5.86076 -68.9894 
v 3.05314 5.84047 -68.9921 
v 3.05314 5.80532 -69.1233 
v -4.70001 5.84047 -68.9921 
v 3.05314 5.82156 -68.9999 
v -4.70001 5.82156 -68.9999 
v -4.70001 5.80532 -69.0124 
v 3.05314 5.80532 -69.0124 
v -4.70001 5.78503 -69.0476 
v -4.70001 5.78503 -69.0882 
v -4.70001 5.78235 -69.0679 
v -4.70001 5.79286 -69.0286 
v -4.70001 5.79286 -69.1071 
v -4.70001 5.79286 -69.1071 
v -4.70001 5.79286 -69.0286 
v -4.70001 5.80532 -69.0124 
v -4.70001 5.79286 -69.1071 
v -4.70001 5.80532 -69.0124 
v -4.70001 5.80532 -69.1233 
v -4.70001 5.80532 -69.1233 
v -4.70001 5.80532 -69.0124 
v -4.70001 5.82156 -68.9999 
v -4.70001 5.80532 -69.1233 
v -4.70001 5.82156 -68.9999 
v -4.70001 5.82156 -69.1358 
v -4.70001 5.84047 -68.9921 
v -4.70001 5.84047 -69.1436 
v -4.70001 5.86076 -68.9894 
v -4.70001 5.86076 -69.1463 
v -4.70001 5.82156 -69.1358 
v -4.70001 5.82156 -68.9999 
v -4.70001 5.84047 -68.9921 
v -4.70001 5.84047 -69.1436 
v -4.70001 5.84047 -68.9921 
v -4.70001 5.86076 -68.9894 
v -4.70001 5.86076 -69.1463 
v -4.70001 5.86076 -68.9894 
v -4.70001 5.88106 -68.9921 
v -4.70001 5.86076 -69.1463 
v -4.70001 5.88106 -68.9921 
v -4.70001 5.88106 -69.1436 
v -4.70001 5.88106 -69.1436 
v -4.70001 5.88106 -68.9921 
v -4.70001 5.89997 -68.9999 
v -4.70001 5.88106 -69.1436 
v -4.70001 5.89997 -68.9999 
v -4.70001 5.89997 -69.1358 
v -4.70001 5.89997 -69.1358 
v -4.70001 5.89997 -68.9999 
v -4.70001 5.91621 -69.0124 
v -4.70001 5.89997 -69.1358 
v -4.70001 5.91621 -69.0124 
v -4.70001 5.91621 -69.1233 
v -4.70001 5.91621 -69.1233 
v -4.70001 5.91621 -69.0124 
v -4.70001 5.92867 -69.0286 
v -4.70001 5.91621 -69.1233 
v -4.70001 5.92867 -69.0286 
v -4.70001 5.92867 -69.1071 
v -4.70001 5.9365 -69.0476 
v -4.70001 5.9365 -69.0882 
v -4.70001 5.93918 -69.0679 
v 3.05314 5.92867 -69.1071 
v 3.05314 5.93918 -69.0679 
v 3.05314 5.9365 -69.0476 
v 3.05314 5.89997 -69.1358 
v 3.05314 5.88106 -69.1436 
v 3.05314 5.91621 -69.0124 
v 3.05314 5.86076 -69.1463 
v 3.05314 5.88106 -68.9921 
v 3.05314 5.86076 -68.9894 
v 3.05314 5.82156 -69.1358 
v 3.05314 5.80532 -69.1233 
v 3.05314 5.82156 -68.9999 
v 3.05314 5.78503 -69.0882 
v 3.05314 5.79286 -69.0286 
v 3.05314 5.78503 -69.0476 
v 3.05314 5.78503 -69.0476 
v 3.05314 5.78503 -69.0882 
v 3.05314 5.78235 -69.0679 
v 3.05314 5.78503 -69.0882 
v 3.05314 5.78503 -69.0476 
v 3.05314 5.79286 -69.0286 
v 3.05314 5.78503 -69.0882 
v 3.05314 5.79286 -69.0286 
v 3.05314 5.79286 -69.1071 
v 3.05314 5.79286 -69.1071 
v 3.05314 5.79286 -69.0286 
v 3.05314 5.80532 -69.0124 
v 3.05314 5.80532 -69.1233 
v 3.05314 5.80532 -69.1233 
v 3.05314 5.80532 -69.0124 
v 3.05314 5.82156 -68.9999 
v 3.05314 5.80532 -69.1233 
v 3.05314 5.82156 -68.9999 
v 3.05314 5.82156 -69.1358 
v 3.05314 5.82156 -69.1358 
v 3.05314 5.82156 -68.9999 
v 3.05314 5.84047 -68.9921 
v 3.05314 5.82156 -69.1358 
v 3.05314 5.84047 -68.9921 
v 3.05314 5.84047 -69.1436 
v 3.05314 5.84047 -69.1436 
v 3.05314 5.84047 -68.9921 
v 3.05314 5.86076 -68.9894 
v 3.05314 5.84047 -69.1436 
v 3.05314 5.86076 -68.9894 
v 3.05314 5.86076 -69.1463 
v 3.05314 5.88106 -68.9921 
v 3.05314 5.86076 -69.1463 
v 3.05314 5.88106 -68.9921 
v 3.05314 5.88106 -69.1436 
v 3.05314 5.88106 -69.1436 
v 3.05314 5.88106 -68.9921 
v 3.05314 5.89997 -68.9999 
v 3.05314 5.88106 -69.1436 
v 3.05314 5.89997 -68.9999 
v 3.05314 5.89997 -69.1358 
v 3.05314 5.89997 -69.1358 
v 3.05314 5.89997 -68.9999 
v 3.05314 5.91621 -69.0124 
v 3.05314 5.89997 -69.1358 
v 3.05314 5.91621 -69.0124 
v 3.05314 5.91621 -69.1233 
v 3.05314 5.91621 -69.1233 
v 3.05314 5.91621 -69.0124 
v 3.05314 5.92867 -69.0286 
v 3.05314 5.91621 -69.1233 
v 3.05314 5.92867 -69.0286 
v 3.05314 5.92867 -69.1071 
v 3.05314 5.92867 -69.1071 
v 3.05314 5.92867 -69.0286 
v 3.05314 5.9365 -69.0476 
v 3.05314 5.92867 -69.1071 
v 3.05314 5.9365 -69.0476 
v 3.05314 5.9365 -69.0882 
v 3.05314 5.9365 -69.0882 
v 3.05314 5.9365 -69.0476 
v 3.05314 5.93918 -69.0679 
v -4.70001 5.78503 -69.0476 
v -4.70001 5.78235 -69.0679 
v -4.70001 5.79286 -69.0286 
v -4.70001 5.79286 -69.1071 
v -4.70001 5.80532 -69.1233 
v -4.70001 5.86076 -68.9894 
v -4.70001 5.86076 -69.1463 
v 3.05314 5.86076 -69.1463 
v 3.05314 5.86076 -68.9894 
v -4.70001 5.80532 -69.1233 
v 3.05314 5.80532 -69.1233 
v -4.70001 5.79286 -69.1071 
v 3.05314 5.79286 -69.1071 
v -4.70001 5.78503 -69.0882 
v -4.70001 5.80532 -69.0124 
v 3.05314 5.78503 -69.0882 
v 3.05314 5.80532 -69.0124 
v -4.70001 5.78235 -69.0679 
v 3.05314 5.79286 -69.0286 
v 3.05314 5.78235 -69.0679 
v -4.70001 5.79286 -69.0286 
v -4.70001 5.78503 -69.0476 
v 3.05314 5.78503 -69.0476 
v -4.70001 5.80532 -69.1233 
v -4.70001 5.84047 -69.1436 
v -4.70001 5.88106 -69.1436 
v -4.70001 5.89997 -69.1358 
v -4.70001 5.92867 -69.1071 
v -4.70001 5.93918 -69.0679 
v 3.05314 5.92867 -69.1071 
v 3.05314 5.93918 -69.0679 
v 3.05314 5.91621 -69.1233 
v -4.70001 5.91621 -69.1233 
v -4.70001 5.89997 -69.1358 
v 3.05314 5.89997 -69.1358 
v -4.70001 5.88106 -69.1436 
v 3.05314 5.88106 -69.1436 
v -4.70001 5.86076 -69.1463 
v 3.05314 5.86076 -69.1463 
v -4.70001 5.84047 -69.1436 
v 3.05314 5.84047 -69.1436 
v -4.70001 5.82156 -69.1358 
v 3.05314 5.82156 -69.1358 
v -4.70001 5.80532 -69.1233 
v 3.05314 5.80532 -69.1233 

vn -1 0 0 
vn -1 0 0 
vn -1 0 0 
vn -1 0 0 
vn -1 0 0 
vn -1 0 0 
vn -1 0 0 
vn 0 0.866142 -0.503937 
vn 0 0.968504 -0.259843 
vn 0 0.968504 -0.259843 
vn 0 1 0 
vn 0 0.866142 -0.496063 
vn 0 1 0 
vn 0 0.708661 -0.708661 
vn 0 0.968504 0.259843 
vn 0 0.708661 -0.708661 
vn 0 0.968504 0.259843 
vn 0 0.866142 0.503937 
vn 0 0.866142 0.496063 
vn 0 0.708661 0.708661 
vn 0 0.259843 -0.968504 
vn 0 0.708661 0.708661 
vn -1 0 0 
vn -1 0 0 
vn -1 0 0 
vn -1 0 0 
vn -1 0 0 
vn -1 0 0 
vn -1 0 0 
vn 0 1 0 
vn 0 0.708661 0.708661 
vn 0 0.708661 0.708661 
vn 0 0.503937 0.866142 
vn 0 0.496063 0.866142 
vn 0 0.259843 0.968504 
vn 0 0.259843 0.968504 
vn 0 0 1 
vn 0 0 1 
vn 0 -0.259843 0.968504 
vn 0 -0.708661 -0.708661 
vn 0 -0.259843 0.968504 
vn 0 -0.503937 0.866142 
vn 0 -0.503937 0.866142 
vn 0 -0.708661 0.708661 
vn 0 -0.708661 0.708661 
vn -1 0 0 
vn -1 0 0 
vn -1 0 0 
vn -1 0 0 
vn -1 0 0 
vn -1 0 0 
vn -1 0 0 
vn -1 0 0 
vn -1 0 0 
vn -1 0 0 
vn -1 0 0 
vn -1 0 0 
vn -1 0 0 
vn -1 0 0 
vn -1 0 0 
vn -1 0 0 
vn -1 0 0 
vn -1 0 0 
vn -1 0 0 
vn -1 0 0 
vn -1 0 0 
vn -1 0 0 
vn -1 0 0 
vn -1 0 0 
vn -1 0 0 
vn -1 0 0 
vn -1 0 0 
vn -1 0 0 
vn -1 0 0 
vn -1 0 0 
vn -1 0 0 
vn -1 0 0 
vn -1 0 0 
vn -1 0 0 
vn -1 0 0 
vn -1 0 0 
vn -1 0 0 
vn -1 0 0 
vn -1 0 0 
vn -1 0 0 
vn -1 0 0 
vn -1 0 0 
vn -1 0 0 
vn -1 0 0 
vn -1 0 0 
vn -1 0 0 
vn -1 0 0 
vn -1 0 0 
vn -1 0 0 
vn -1 0 0 
vn -1 0 0 
vn -1 0 0 
vn -1 0 0 
vn -1 0 0 
vn 0 0.866142 -0.503937 
vn 0 1 0 
vn 0 0.968504 0.259843 
vn 0 0.496063 -0.866142 
vn 0 0.259843 -0.968504 
vn 0 0.708661 0.708661 
vn 0 0 -1 
vn 0 0.259843 0.968504 
vn 0 0 1 
vn 0 -0.503937 -0.866142 
vn 0 -0.708661 -0.708661 
vn 0 -0.503937 0.866142 
vn 0 -0.968504 -0.259843 
vn 0 -0.866142 0.503937 
vn 0 -0.968504 0.259843 
vn -1 0 0 
vn -1 0 0 
vn -1 0 0 
vn -1 0 0 
vn -1 0 0 
vn -1 0 0 
vn -1 0 0 
vn -1 0 0 
vn -1 0 0 
vn -1 0 0 
vn -1 0 0 
vn -1 0 0 
vn -1 0 0 
vn -1 0 0 
vn -1 0 0 
vn -1 0 0 
vn -1 0 0 
vn -1 0 0 
vn -1 0 0 
vn -1 0 0 
vn -1 0 0 
vn -1 0 0 
vn -1 0 0 
vn -1 0 0 
vn -1 0 0 
vn -1 0 0 
vn -1 0 0 
vn -1 0 0 
vn -1 0 0 
vn -1 0 0 
vn -1 0 0 
vn -1 0 0 
vn -1 0 0 
vn -1 0 0 
vn -1 0 0 
vn -1 0 0 
vn -1 0 0 
vn -1 0 0 
vn -1 0 0 
vn -1 0 0 
vn -1 0 0 
vn -1 0 0 
vn -1 0 0 
vn -1 0 0 
vn -1 0 0 
vn -1 0 0 
vn -1 0 0 
vn -1 0 0 
vn -1 0 0 
vn -1 0 0 
vn -1 0 0 
vn -1 0 0 
vn -1 0 0 
vn -1 0 0 
vn -1 0 0 
vn -1 0 0 
vn -1 0 0 
vn -1 0 0 
vn -1 0 0 
vn -1 0 0 
vn -1 0 0 
vn -1 0 0 
vn -1 0 0 
vn -1 0 0 
vn -1 0 0 
vn -1 0 0 
vn -1 0 0 
vn -1 0 0 
vn -1 0 0 
vn 0 0 -1 
vn 0 0 1 
vn 0 -0.708661 -0.708661 
vn 0 -0.708661 -0.708661 
vn 0 -0.866142 -0.503937 
vn 0 -0.866142 -0.496063 
vn 0 -0.968504 -0.259843 
vn 0 -0.708661 0.708661 
vn 0 -0.968504 -0.259843 
vn 0 -0.708661 0.708661 
vn 0 -1 0 
vn 0 -0.866142 0.503937 
vn 0 -1 0 
vn 0 -0.866142 0.496063 
vn 0 -0.968504 0.259843 
vn 0 -0.968504 0.259843 
vn -1 0 0 
vn -1 0 0 
vn -1 0 0 
vn -1 0 0 
vn -1 0 0 
vn -1 0 0 
vn 0 0.866142 -0.503937 
vn 0 1 0 
vn 0 0.708661 -0.708661 
vn 0 0.708661 -0.708661 
vn 0 0.503937 -0.866142 
vn 0 0.496063 -0.866142 
vn 0 0.259843 -0.968504 
vn 0 0.259843 -0.968504 
vn 0 0 -1 
vn 0 0 -1 
vn 0 -0.259843 -0.968504 
vn 0 -0.259843 -0.968504 
vn 0 -0.496063 -0.866142 
vn 0 -0.503937 -0.866142 
vn 0 -0.708661 -0.708661 
vn 0 -0.708661 -0.708661 

vt 0.387658 0.994455 
vt 0.387658 1.00784 
vt 0.387658 0.992159 
vt 0.387658 0.993209 
vt 0.387658 1.00554 
vt 0.387658 0.996079 
vt 0.387658 1 
vt -0.387658 0.996079 
vt 0.387658 0.997971 
vt -0.387658 0.997971 
vt 0.387658 1 
vt 0.387658 0.996079 
vt -0.387658 1 
vt -0.387658 0.994455 
vt 0.387658 1.00203 
vt 0.387658 0.994455 
vt -0.387658 1.00203 
vt 0.387658 1.00392 
vt -0.387658 1.00392 
vt 0.387658 1.00554 
vt -0.387658 0.992426 
vt -0.387658 1.00554 
vt -0.387658 0.992426 
vt -0.387658 0.993209 
vt -0.387658 0.994455 
vt -0.387658 0.996079 
vt -0.387658 1 
vt -0.387658 1.00554 
vt -0.387658 1.00784 
vt 0.387658 1.00784 
vt -0.387658 1.00554 
vt 0.387658 1.00554 
vt 0.387658 1.00392 
vt -0.387658 1.00392 
vt -0.387658 1.00203 
vt 0.387658 1.00203 
vt 0.387658 1 
vt -0.387658 1 
vt 0.387658 0.997971 
vt 0.387658 0.994455 
vt -0.387658 0.997971 
vt 0.387658 0.996079 
vt -0.387658 0.996079 
vt -0.387658 0.994455 
vt 0.387658 0.994455 
vt 0.0020295 0.992426 
vt -0.0020294 0.992426 
vt 5.06381e-08 0.992159 
vt 0.00392066 0.993209 
vt -0.00392055 0.993209 
vt -0.00392055 0.993209 
vt 0.00392066 0.993209 
vt 0.00554462 0.994455 
vt -0.00392055 0.993209 
vt 0.00554462 0.994455 
vt -0.00554452 0.994455 
vt -0.00554452 0.994455 
vt 0.00554462 0.994455 
vt 0.00679074 0.996079 
vt -0.00554452 0.994455 
vt 0.00679074 0.996079 
vt -0.00679063 0.996079 
vt 0.00757408 0.997971 
vt -0.00757397 0.997971 
vt 0.00784126 1 
vt -0.00784116 1 
vt -0.00679063 0.996079 
vt 0.00679074 0.996079 
vt 0.00757408 0.997971 
vt -0.00757397 0.997971 
vt 0.00757408 0.997971 
vt 0.00784126 1 
vt -0.00784116 1 
vt 0.00784126 1 
vt 0.00757408 1.00203 
vt -0.00784116 1 
vt 0.00757408 1.00203 
vt -0.00757397 1.00203 
vt -0.00757397 1.00203 
vt 0.00757408 1.00203 
vt 0.00679074 1.00392 
vt -0.00757397 1.00203 
vt 0.00679074 1.00392 
vt -0.00679063 1.00392 
vt -0.00679063 1.00392 
vt 0.00679074 1.00392 
vt 0.00554463 1.00554 
vt -0.00679063 1.00392 
vt 0.00554463 1.00554 
vt -0.00554452 1.00554 
vt -0.00554452 1.00554 
vt 0.00554463 1.00554 
vt 0.00392066 1.00679 
vt -0.00554452 1.00554 
vt 0.00392066 1.00679 
vt -0.00392055 1.00679 
vt 0.00202951 1.00757 
vt -0.0020294 1.00757 
vt 5.29934e-08 1.00784 
vt -0.00392066 1.00679 
vt -5.06381e-08 1.00784 
vt 0.0020294 1.00757 
vt -0.00679074 1.00392 
vt -0.00757408 1.00203 
vt 0.00554452 1.00554 
vt -0.00784126 1 
vt 0.00757397 1.00203 
vt 0.00784116 1 
vt -0.00679074 0.996079 
vt -0.00554462 0.994455 
vt 0.00679063 0.996079 
vt -0.00202951 0.992426 
vt 0.00392055 0.993209 
vt 0.0020294 0.992426 
vt 0.0020294 0.992426 
vt -0.00202951 0.992426 
vt -5.4171e-08 0.992159 
vt -0.00202951 0.992426 
vt 0.0020294 0.992426 
vt 0.00392055 0.993209 
vt -0.00202951 0.992426 
vt 0.00392055 0.993209 
vt -0.00392066 0.993209 
vt -0.00392066 0.993209 
vt 0.00392055 0.993209 
vt 0.00554452 0.994455 
vt -0.00554462 0.994455 
vt -0.00554462 0.994455 
vt 0.00554452 0.994455 
vt 0.00679063 0.996079 
vt -0.00554462 0.994455 
vt 0.00679063 0.996079 
vt -0.00679074 0.996079 
vt -0.00679074 0.996079 
vt 0.00679063 0.996079 
vt 0.00757397 0.997971 
vt -0.00679074 0.996079 
vt 0.00757397 0.997971 
vt -0.00757408 0.997971 
vt -0.00757408 0.997971 
vt 0.00757397 0.997971 
vt 0.00784116 1 
vt -0.00757408 0.997971 
vt 0.00784116 1 
vt -0.00784126 1 
vt 0.00757397 1.00203 
vt -0.00784126 1 
vt 0.00757397 1.00203 
vt -0.00757408 1.00203 
vt -0.00757408 1.00203 
vt 0.00757397 1.00203 
vt 0.00679063 1.00392 
vt -0.00757408 1.00203 
vt 0.00679063 1.00392 
vt -0.00679074 1.00392 
vt -0.00679074 1.00392 
vt 0.00679063 1.00392 
vt 0.00554452 1.00554 
vt -0.00679074 1.00392 
vt 0.00554452 1.00554 
vt -0.00554462 1.00554 
vt -0.00554462 1.00554 
vt 0.00554452 1.00554 
vt 0.00392055 1.00679 
vt -0.00554462 1.00554 
vt 0.00392055 1.00679 
vt -0.00392066 1.00679 
vt -0.00392066 1.00679 
vt 0.00392055 1.00679 
vt 0.0020294 1.00757 
vt -0.00392066 1.00679 
vt 0.0020294 1.00757 
vt -0.00202951 1.00757 
vt -0.00202951 1.00757 
vt 0.0020294 1.00757 
vt -5.06381e-08 1.00784 
vt -0.387658 1.00203 
vt -0.387658 1 
vt -0.387658 1.00392 
vt -0.387658 0.996079 
vt -0.387658 0.994455 
vt -0.387658 1.00784 
vt -0.387658 0.992159 
vt 0.387658 0.992159 
vt 0.387658 1.00784 
vt -0.387658 0.994455 
vt 0.387658 0.994455 
vt -0.387658 0.996079 
vt 0.387658 0.996079 
vt -0.387658 0.997971 
vt -0.387658 1.00554 
vt 0.387658 0.997971 
vt 0.387658 1.00554 
vt -0.387658 1 
vt 0.387658 1.00392 
vt 0.387658 1 
vt -0.387658 1.00392 
vt -0.387658 1.00203 
vt 0.387658 1.00203 
vt 0.387658 0.994455 
vt 0.387658 0.997971 
vt 0.387658 1.00203 
vt 0.387658 1.00392 
vt 0.387658 1.00679 
vt 0.387658 1.00784 
vt -0.387658 1.00679 
vt -0.387658 1.00784 
vt -0.387658 1.00554 
vt 0.387658 1.00554 
vt 0.387658 1.00392 
vt -0.387658 1.00392 
vt 0.387658 1.00203 
vt -0.387658 1.00203 
vt 0.387658 1 
vt -0.387658 1 
vt 0.387658 0.997971 
vt -0.387658 0.997971 
vt 0.387658 0.996079 
vt -0.387658 0.996079 
vt 0.387658 0.994455 
vt -0.387658 0.994455 

usemtl C391Mtl

f 3063/3063/3063 3064/3064/3064 3065/3065/3065 
f 3066/3066/3066 3065/3065/3065 3064/3064/3064 
f 3064/3064/3064 3063/3063/3063 3067/3067/3067 
f 3065/3065/3065 3066/3066/3066 3068/3068/3068 
f 3069/3069/3069 3067/3067/3067 3063/3063/3063 
f 3070/3070/3070 3068/3068/3068 3066/3066/3066 
f 3067/3067/3067 3069/3069/3069 3071/3071/3071 
f 3068/3068/3068 3070/3070/3070 3072/3072/3072 
f 3073/3073/3073 3072/3072/3072 3070/3070/3070 
f 3072/3072/3072 3073/3073/3073 3074/3074/3074 
f 3075/3075/3075 3074/3074/3074 3073/3073/3073 
f 3074/3074/3074 3075/3075/3075 3077/3077/3077 
f 3086/3086/3086 3088/3088/3088 3087/3087/3087 
f 3088/3088/3088 3086/3086/3086 3089/3089/3089 
f 3090/3090/3090 3088/3088/3088 3089/3089/3089 
f 3088/3088/3088 3090/3090/3090 3091/3091/3091 
f 3090/3090/3090 3092/3092/3092 3091/3091/3091 
f 3092/3092/3092 3090/3090/3090 3093/3093/3093 
f 3093/3093/3093 3094/3094/3094 3092/3092/3092 
f 3094/3094/3094 3093/3093/3093 3096/3096/3096 
f 3096/3096/3096 3097/3097/3097 3094/3094/3094 
f 3097/3097/3097 3096/3096/3096 3098/3098/3098 
f 3099/3099/3099 3097/3097/3097 3098/3098/3098 
f 3097/3097/3097 3099/3099/3099 3100/3100/3100 
f 3101/3101/3101 3102/3102/3102 3103/3103/3103 
f 3102/3102/3102 3101/3101/3101 3104/3104/3104 
f 3102/3102/3102 3104/3104/3104 3105/3105/3105 
f 3106/3106/3106 3107/3107/3107 3108/3108/3108 
f 3109/3109/3109 3110/3110/3110 3111/3111/3111 
f 3112/3112/3112 3113/3113/3113 3114/3114/3114 
f 3115/3115/3115 3116/3116/3116 3117/3117/3117 
f 3117/3117/3117 3118/3118/3118 3119/3119/3119 
f 3119/3119/3119 3120/3120/3120 3121/3121/3121 
f 3122/3122/3122 3123/3123/3123 3124/3124/3124 
f 3125/3125/3125 3126/3126/3126 3127/3127/3127 
f 3128/3128/3128 3129/3129/3129 3130/3130/3130 
f 3131/3131/3131 3132/3132/3132 3133/3133/3133 
f 3134/3134/3134 3135/3135/3135 3136/3136/3136 
f 3137/3137/3137 3138/3138/3138 3139/3139/3139 
f 3140/3140/3140 3141/3141/3141 3142/3142/3142 
f 3143/3143/3143 3144/3144/3144 3145/3145/3145 
f 3146/3146/3146 3147/3147/3147 3148/3148/3148 
f 3149/3149/3149 3150/3150/3150 3151/3151/3151 
f 3151/3151/3151 3150/3150/3150 3152/3152/3152 
f 3151/3151/3151 3152/3152/3152 3153/3153/3153 
f 3153/3153/3153 3152/3152/3152 3154/3154/3154 
f 3170/3170/3170 3171/3171/3171 3172/3172/3172 
f 3173/3173/3173 3174/3174/3174 3175/3175/3175 
f 3176/3176/3176 3177/3177/3177 3178/3178/3178 
f 3179/3179/3179 3180/3180/3180 3181/3181/3181 
f 3179/3179/3179 3181/3181/3181 3182/3182/3182 
f 3183/3183/3183 3184/3184/3184 3185/3185/3185 
f 3186/3186/3186 3187/3187/3187 3188/3188/3188 
f 3189/3189/3189 3190/3190/3190 3191/3191/3191 
f 3192/3192/3192 3193/3193/3193 3194/3194/3194 
f 3195/3195/3195 3196/3196/3196 3197/3197/3197 
f 3198/3198/3198 3199/3199/3199 3200/3200/3200 
f 3200/3200/3200 3199/3199/3199 3201/3201/3201 
f 3202/3202/3202 3203/3203/3203 3204/3204/3204 
f 3205/3205/3205 3206/3206/3206 3207/3207/3207 
f 3208/3208/3208 3209/3209/3209 3210/3210/3210 
f 3211/3211/3211 3212/3212/3212 3213/3213/3213 
f 3214/3214/3214 3215/3215/3215 3216/3216/3216 
f 3217/3217/3217 3218/3218/3218 3219/3219/3219 
f 3220/3220/3220 3221/3221/3221 3222/3222/3222 
f 3223/3223/3223 3224/3224/3224 3225/3225/3225 
f 3226/3226/3226 3227/3227/3227 3228/3228/3228 
f 3229/3229/3229 3230/3230/3230 3231/3231/3231 
f 3242/3242/3242 3243/3243/3243 3241/3241/3241 
f 3243/3243/3243 3242/3242/3242 3244/3244/3244 
f 3244/3244/3244 3245/3245/3245 3243/3243/3243 
f 3245/3245/3245 3244/3244/3244 3247/3247/3247 
f 3247/3247/3247 3249/3249/3249 3245/3245/3245 
f 3246/3246/3246 3250/3250/3250 3248/3248/3248 
f 3249/3249/3249 3247/3247/3247 3251/3251/3251 
f 3250/3250/3250 3246/3246/3246 3252/3252/3252 
f 3251/3251/3251 3253/3253/3253 3249/3249/3249 
f 3252/3252/3252 3254/3254/3254 3250/3250/3250 
f 3253/3253/3253 3251/3251/3251 3254/3254/3254 
f 3253/3253/3253 3254/3254/3254 3252/3252/3252 
f 3263/3263/3263 3265/3265/3265 3264/3264/3264 
f 3265/3265/3265 3263/3263/3263 3266/3266/3266 
f 3266/3266/3266 3267/3267/3267 3265/3265/3265 
f 3267/3267/3267 3266/3266/3266 3268/3268/3268 
f 3268/3268/3268 3269/3269/3269 3267/3267/3267 
f 3269/3269/3269 3268/3268/3268 3270/3270/3270 
f 3270/3270/3270 3271/3271/3271 3269/3269/3269 
f 3271/3271/3271 3270/3270/3270 3272/3272/3272 
f 3272/3272/3272 3273/3273/3273 3271/3271/3271 
f 3273/3273/3273 3272/3272/3272 3274/3274/3274 
f 3274/3274/3274 3275/3275/3275 3273/3273/3273 
f 3275/3275/3275 3274/3274/3274 3276/3276/3276 

g Part204

v -5.19999 0.6 -70.1 
v -5.19999 0.6 -69.4 
v -5.19999 -1.28466 -70.1 
v -5.19999 -1.28466 -69.4 
v -6.59999 0.6 -69.4 
v -5.19999 0.6 -69.4 
v -6.59999 0.6 -70.1 
v -5.19999 0.6 -70.1 
v -5.19999 0.6 -69.4 
v -6.59999 0.6 -69.4 
v -5.19999 -1.28466 -69.4 
v -6.59999 -1.28466 -69.4 
v -6.59999 0.6 -69.4 
v -6.59999 0.6 -70.1 
v -6.59999 -1.28466 -69.4 
v -6.59999 -1.28466 -70.1 
v -6.59999 -1.28466 -70.1 
v -5.19999 -1.28466 -70.1 
v -6.59999 -1.28466 -69.4 
v -5.19999 -1.28466 -69.4 
v -6.59999 0.6 -70.1 
v -5.19999 0.6 -70.1 
v -6.59999 -1.28466 -70.1 
v -5.19999 -1.28466 -70.1 

vn 1 0 0 
vn 1 0 0 
vn 1 0 0 
vn 1 0 0 
vn 0 1 0 
vn 0 1 0 
vn 0 1 0 
vn 0 1 0 
vn 0 0 1 
vn 0 0 1 
vn 0 0 1 
vn 0 0 1 
vn -1 0 0 
vn -1 0 0 
vn -1 0 0 
vn -1 0 0 
vn 0 -1 0 
vn 0 -1 0 
vn 0 -1 0 
vn 0 -1 0 
vn 0 0 -1 
vn 0 0 -1 
vn 0 0 -1 
vn 0 0 -1 

vt 0.35 1 
vt 0 1 
vt 0.35 0.0576723 
vt 0 0.0576723 
vt 0.699999 1 
vt 0 1 
vt 0.699999 0.65 
vt 0 0.65 
vt 0.699999 1 
vt 0 1 
vt 0.699999 0.0576723 
vt 0 0.0576723 
vt 0.35 1 
vt 0 1 
vt 0.35 0.0576723 
vt 0 0.0576723 
vt 0.699999 1 
vt 0 1 
vt 0.699999 0.65 
vt 0 0.65 
vt 0.699999 1 
vt 0 1 
vt 0.699999 0.0576723 
vt 0 0.0576723 

usemtl Part1Mtl

f 3277/3277/3277 3278/3278/3278 3279/3279/3279 
f 3279/3279/3279 3278/3278/3278 3280/3280/3280 
f 3281/3281/3281 3282/3282/3282 3283/3283/3283 
f 3283/3283/3283 3282/3282/3282 3284/3284/3284 
f 3285/3285/3285 3286/3286/3286 3287/3287/3287 
f 3287/3287/3287 3286/3286/3286 3288/3288/3288 
f 3289/3289/3289 3290/3290/3290 3291/3291/3291 
f 3291/3291/3291 3290/3290/3290 3292/3292/3292 
f 3293/3293/3293 3294/3294/3294 3295/3295/3295 
f 3295/3295/3295 3294/3294/3294 3296/3296/3296 
f 3297/3297/3297 3298/3298/3298 3299/3299/3299 
f 3299/3299/3299 3298/3298/3298 3300/3300/3300 

g Part205

v -1.89999 0.6 -70.1 
v -1.89999 0.6 -64 
v -1.89999 -1.28466 -70.1 
v -1.89999 -1.28466 -64 
v -4.59999 0.6 -64 
v -1.89999 0.6 -64 
v -4.59999 0.6 -70.1 
v -1.89999 0.6 -70.1 
v -1.89999 0.6 -64 
v -4.59999 0.6 -64 
v -1.89999 -1.28466 -64 
v -4.59999 -1.28466 -64 
v -4.59999 0.6 -64 
v -4.59999 0.6 -70.1 
v -4.59999 -1.28466 -64 
v -4.59999 -1.28466 -70.1 
v -4.59999 -1.28466 -70.1 
v -1.89999 -1.28466 -70.1 
v -4.59999 -1.28466 -64 
v -1.89999 -1.28466 -64 
v -4.59999 0.6 -70.1 
v -1.89999 0.6 -70.1 
v -4.59999 -1.28466 -70.1 
v -1.89999 -1.28466 -70.1 

vn 1 0 0 
vn 1 0 0 
vn 1 0 0 
vn 1 0 0 
vn 0 1 0 
vn 0 1 0 
vn 0 1 0 
vn 0 1 0 
vn 0 0 1 
vn 0 0 1 
vn 0 0 1 
vn 0 0 1 
vn -1 0 0 
vn -1 0 0 
vn -1 0 0 
vn -1 0 0 
vn 0 -1 0 
vn 0 -1 0 
vn 0 -1 0 
vn 0 -1 0 
vn 0 0 -1 
vn 0 0 -1 
vn 0 0 -1 
vn 0 0 -1 

vt 3.05 1 
vt 0 1 
vt 3.05 0.0576723 
vt 0 0.0576723 
vt 1.35 1 
vt 0 1 
vt 1.35 -2.05 
vt 0 -2.05 
vt 1.35 1 
vt 0 1 
vt 1.35 0.0576723 
vt 0 0.0576723 
vt 3.05 1 
vt 0 1 
vt 3.05 0.0576723 
vt 0 0.0576723 
vt 1.35 1 
vt 0 1 
vt 1.35 -2.05 
vt 0 -2.05 
vt 1.35 1 
vt 0 1 
vt 1.35 0.0576723 
vt 0 0.0576723 

usemtl Part1Mtl

f 3301/3301/3301 3302/3302/3302 3303/3303/3303 
f 3303/3303/3303 3302/3302/3302 3304/3304/3304 
f 3305/3305/3305 3306/3306/3306 3307/3307/3307 
f 3307/3307/3307 3306/3306/3306 3308/3308/3308 
f 3309/3309/3309 3310/3310/3310 3311/3311/3311 
f 3311/3311/3311 3310/3310/3310 3312/3312/3312 
f 3313/3313/3313 3314/3314/3314 3315/3315/3315 
f 3315/3315/3315 3314/3314/3314 3316/3316/3316 
f 3317/3317/3317 3318/3318/3318 3319/3319/3319 
f 3319/3319/3319 3318/3318/3318 3320/3320/3320 
f 3321/3321/3321 3322/3322/3322 3323/3323/3323 
f 3323/3323/3323 3322/3322/3322 3324/3324/3324 

g Part206

v -14.8 4.28466 -78.5 
v -14.2 4.28466 -78.5 
v -14.8 -0.0153444 -78.5 
v -14.2 -0.0153444 -78.5 
v -14.2 4.28466 -64 
v -14.2 4.28466 -78.5 
v -14.8 4.28466 -64 
v -14.8 4.28466 -78.5 
v -14.2 4.28466 -78.5 
v -14.2 4.28466 -64 
v -14.2 -0.0153444 -78.5 
v -14.2 -0.0153444 -64 
v -14.2 4.28466 -64 
v -14.8 4.28466 -64 
v -14.2 -0.0153444 -64 
v -14.8 -0.0153444 -64 
v -14.8 -0.0153444 -64 
v -14.8 -0.0153444 -78.5 
v -14.2 -0.0153444 -64 
v -14.2 -0.0153444 -78.5 
v -14.8 4.28466 -64 
v -14.8 4.28466 -78.5 
v -14.8 -0.0153444 -64 
v -14.8 -0.0153444 -78.5 

vn 0 0 -1 
vn 0 0 -1 
vn 0 0 -1 
vn 0 0 -1 
vn 0 1 0 
vn 0 1 0 
vn 0 1 0 
vn 0 1 0 
vn 1 0 0 
vn 1 0 0 
vn 1 0 0 
vn 1 0 0 
vn 0 0 1 
vn 0 0 1 
vn 0 0 1 
vn 0 0 1 
vn 0 -1 0 
vn 0 -1 0 
vn 0 -1 0 
vn 0 -1 0 
vn -1 0 0 
vn -1 0 0 
vn -1 0 0 
vn -1 0 0 

vt 2.075 -2.25 
vt 2 -2.25 
vt 2.075 -2.7875 
vt 2 -2.7875 
vt 3.8125 -2.25 
vt 2 -2.25 
vt 3.8125 -2.325 
vt 2 -2.325 
vt 3.8125 -2.25 
vt 2 -2.25 
vt 3.8125 -2.7875 
vt 2 -2.7875 
vt 2.075 -2.25 
vt 2 -2.25 
vt 2.075 -2.7875 
vt 2 -2.7875 
vt 3.8125 -2.25 
vt 2 -2.25 
vt 3.8125 -2.325 
vt 2 -2.325 
vt 3.8125 -2.25 
vt 2 -2.25 
vt 3.8125 -2.7875 
vt 2 -2.7875 

usemtl Part2Mtl

f 3325/3325/3325 3326/3326/3326 3327/3327/3327 
f 3327/3327/3327 3326/3326/3326 3328/3328/3328 
f 3329/3329/3329 3330/3330/3330 3331/3331/3331 
f 3331/3331/3331 3330/3330/3330 3332/3332/3332 
f 3333/3333/3333 3334/3334/3334 3335/3335/3335 
f 3335/3335/3335 3334/3334/3334 3336/3336/3336 
f 3337/3337/3337 3338/3338/3338 3339/3339/3339 
f 3339/3339/3339 3338/3338/3338 3340/3340/3340 
f 3341/3341/3341 3342/3342/3342 3343/3343/3343 
f 3343/3343/3343 3342/3342/3342 3344/3344/3344 
f 3345/3345/3345 3346/3346/3346 3347/3347/3347 
f 3347/3347/3347 3346/3346/3346 3348/3348/3348 

g Part207

v -14.2 4.28466 -63.98 
v -14.8 4.28466 -63.98 
v -14.2 -0.0153444 -63.98 
v -14.8 -0.0153444 -63.98 

vn 0 0 1 
vn 0 0 1 
vn 0 0 1 
vn 0 0 1 

vt 0.3 1 
vt 0 1 
vt 0.3 -1.15 
vt 0 -1.15 

usemtl Part3Mtl

f 3349/3349/3349 3350/3350/3350 3351/3351/3351 
f 3351/3351/3351 3350/3350/3350 3352/3352/3352 

g Part208

v -14.18 4.28466 -78.5 
v -14.18 4.28466 -64 
v -14.18 -0.0153444 -78.5 
v -14.18 -0.0153444 -64 

vn 1 0 0 
vn 1 0 0 
vn 1 0 0 
vn 1 0 0 

vt 7.25 1 
vt 0 1 
vt 7.25 -1.15 
vt 0 -1.15 

usemtl Part3Mtl

f 3353/3353/3353 3354/3354/3354 3355/3355/3355 
f 3355/3355/3355 3354/3354/3354 3356/3356/3356 

g Part209

v -14.2 4.30466 -64 
v -14.2 4.30466 -78.5 
v -14.8 4.30466 -64 
v -14.8 4.30466 -78.5 

vn 0 1 0 
vn 0 1 0 
vn 0 1 0 
vn 0 1 0 

vt 7.25 1 
vt 0 1 
vt 7.25 0.7 
vt 0 0.7 

usemtl Part3Mtl

f 3357/3357/3357 3358/3358/3358 3359/3359/3359 
f 3359/3359/3359 3358/3358/3358 3360/3360/3360 

g Part210

v -14.82 4.28466 -64 
v -14.82 4.28466 -78.5 
v -14.82 -0.0153444 -64 
v -14.82 -0.0153444 -78.5 

vn -1 0 0 
vn -1 0 0 
vn -1 0 0 
vn -1 0 0 

vt 7.25 1 
vt 0 1 
vt 7.25 -1.15 
vt 0 -1.15 

usemtl Part3Mtl

f 3361/3361/3361 3362/3362/3362 3363/3363/3363 
f 3363/3363/3363 3362/3362/3362 3364/3364/3364 

g Part211

v -14.8 4.28466 -78.52 
v -14.2 4.28466 -78.52 
v -14.8 -0.0153444 -78.52 
v -14.2 -0.0153444 -78.52 

vn 0 0 -1 
vn 0 0 -1 
vn 0 0 -1 
vn 0 0 -1 

vt 0.3 1 
vt 0 1 
vt 0.3 -1.15 
vt 0 -1.15 

usemtl Part3Mtl

f 3365/3365/3365 3366/3366/3366 3367/3367/3367 
f 3367/3367/3367 3366/3366/3366 3368/3368/3368 

g Part212

v -14.2 -0.0353444 -78.5 
v -14.2 -0.0353444 -64 
v -14.8 -0.0353444 -78.5 
v -14.8 -0.0353444 -64 

vn 0 -1 0 
vn 0 -1 0 
vn 0 -1 0 
vn 0 -1 0 

vt 7.25 1 
vt 0 1 
vt 7.25 0.7 
vt 0 0.7 

usemtl Part3Mtl

f 3369/3369/3369 3370/3370/3370 3371/3371/3371 
f 3371/3371/3371 3370/3370/3370 3372/3372/3372 

g Part213

v -14.8 4.38466 -78.5 
v -14.2 4.38466 -78.5 
v -14.8 4.28466 -78.5 
v -14.2 4.28466 -78.5 
v -14.2 4.38466 -64 
v -14.2 4.38466 -78.5 
v -14.8 4.38466 -64 
v -14.8 4.38466 -78.5 
v -14.2 4.38466 -78.5 
v -14.2 4.38466 -64 
v -14.2 4.28466 -78.5 
v -14.2 4.28466 -64 
v -14.2 4.38466 -64 
v -14.8 4.38466 -64 
v -14.2 4.28466 -64 
v -14.8 4.28466 -64 
v -14.8 4.28466 -64 
v -14.8 4.28466 -78.5 
v -14.2 4.28466 -64 
v -14.2 4.28466 -78.5 
v -14.8 4.38466 -64 
v -14.8 4.38466 -78.5 
v -14.8 4.28466 -64 
v -14.8 4.28466 -78.5 

vn 0 0 -1 
vn 0 0 -1 
vn 0 0 -1 
vn 0 0 -1 
vn 0 1 0 
vn 0 1 0 
vn 0 1 0 
vn 0 1 0 
vn 1 0 0 
vn 1 0 0 
vn 1 0 0 
vn 1 0 0 
vn 0 0 1 
vn 0 0 1 
vn 0 0 1 
vn 0 0 1 
vn 0 -1 0 
vn 0 -1 0 
vn 0 -1 0 
vn 0 -1 0 
vn -1 0 0 
vn -1 0 0 
vn -1 0 0 
vn -1 0 0 

vt 5.575 -5 
vt 5.5 -5 
vt 5.575 -5.0125 
vt 5.5 -5.0125 
vt 7.3125 -5 
vt 5.5 -5 
vt 7.3125 -5.075 
vt 5.5 -5.075 
vt 7.3125 -5 
vt 5.5 -5 
vt 7.3125 -5.0125 
vt 5.5 -5.0125 
vt 5.575 -5 
vt 5.5 -5 
vt 5.575 -5.0125 
vt 5.5 -5.0125 
vt 7.3125 -5 
vt 5.5 -5 
vt 7.3125 -5.075 
vt 5.5 -5.075 
vt 7.3125 -5 
vt 5.5 -5 
vt 7.3125 -5.0125 
vt 5.5 -5.0125 

usemtl Part2Mtl

f 3373/3373/3373 3374/3374/3374 3375/3375/3375 
f 3375/3375/3375 3374/3374/3374 3376/3376/3376 
f 3377/3377/3377 3378/3378/3378 3379/3379/3379 
f 3379/3379/3379 3378/3378/3378 3380/3380/3380 
f 3381/3381/3381 3382/3382/3382 3383/3383/3383 
f 3383/3383/3383 3382/3382/3382 3384/3384/3384 
f 3385/3385/3385 3386/3386/3386 3387/3387/3387 
f 3387/3387/3387 3386/3386/3386 3388/3388/3388 
f 3389/3389/3389 3390/3390/3390 3391/3391/3391 
f 3391/3391/3391 3390/3390/3390 3392/3392/3392 
f 3393/3393/3393 3394/3394/3394 3395/3395/3395 
f 3395/3395/3395 3394/3394/3394 3396/3396/3396 

g Part214

v -14.2 4.38466 -63.98 
v -14.8 4.38466 -63.98 
v -14.2 4.28466 -63.98 
v -14.8 4.28466 -63.98 

vn 0 0 1 
vn 0 0 1 
vn 0 0 1 
vn 0 0 1 

vt 0.3 1 
vt 0 1 
vt 0.3 0.95 
vt 0 0.95 

usemtl Part46Mtl

f 3397/3397/3397 3398/3398/3398 3399/3399/3399 
f 3399/3399/3399 3398/3398/3398 3400/3400/3400 

g Part215

v -14.18 4.38466 -78.5 
v -14.18 4.38466 -64 
v -14.18 4.28466 -78.5 
v -14.18 4.28466 -64 

vn 1 0 0 
vn 1 0 0 
vn 1 0 0 
vn 1 0 0 

vt 7.25 1 
vt 0 1 
vt 7.25 0.95 
vt 0 0.95 

usemtl Part46Mtl

f 3401/3401/3401 3402/3402/3402 3403/3403/3403 
f 3403/3403/3403 3402/3402/3402 3404/3404/3404 

g Part216

v -14.2 4.40466 -64 
v -14.2 4.40466 -78.5 
v -14.8 4.40466 -64 
v -14.8 4.40466 -78.5 

vn 0 1 0 
vn 0 1 0 
vn 0 1 0 
vn 0 1 0 

vt 7.25 1 
vt 0 1 
vt 7.25 0.7 
vt 0 0.7 

usemtl Part46Mtl

f 3405/3405/3405 3406/3406/3406 3407/3407/3407 
f 3407/3407/3407 3406/3406/3406 3408/3408/3408 

g Part217

v -14.82 4.38466 -64 
v -14.82 4.38466 -78.5 
v -14.82 4.28466 -64 
v -14.82 4.28466 -78.5 

vn -1 0 0 
vn -1 0 0 
vn -1 0 0 
vn -1 0 0 

vt 7.25 1 
vt 0 1 
vt 7.25 0.95 
vt 0 0.95 

usemtl Part46Mtl

f 3409/3409/3409 3410/3410/3410 3411/3411/3411 
f 3411/3411/3411 3410/3410/3410 3412/3412/3412 

g Part218

v -14.8 4.38466 -78.52 
v -14.2 4.38466 -78.52 
v -14.8 4.28466 -78.52 
v -14.2 4.28466 -78.52 

vn 0 0 -1 
vn 0 0 -1 
vn 0 0 -1 
vn 0 0 -1 

vt 0.3 1 
vt 0 1 
vt 0.3 0.95 
vt 0 0.95 

usemtl Part46Mtl

f 3413/3413/3413 3414/3414/3414 3415/3415/3415 
f 3415/3415/3415 3414/3414/3414 3416/3416/3416 

g Part219

v -14.2 4.26466 -78.5 
v -14.2 4.26466 -64 
v -14.8 4.26466 -78.5 
v -14.8 4.26466 -64 

vn 0 -1 0 
vn 0 -1 0 
vn 0 -1 0 
vn 0 -1 0 

vt 7.25 1 
vt 0 1 
vt 7.25 0.7 
vt 0 0.7 

usemtl Part46Mtl

f 3417/3417/3417 3418/3418/3418 3419/3419/3419 
f 3419/3419/3419 3418/3418/3418 3420/3420/3420 

g Part220

v -5.19999 6.2 -66 
v -4.59999 6.2 -66 
v -5.19999 -4.76837e-07 -66 
v -4.59999 -4.76837e-07 -66 
v -4.59999 6.2 -64 
v -4.59999 6.2 -66 
v -5.19999 6.2 -64 
v -5.19999 6.2 -66 
v -4.59999 6.2 -66 
v -4.59999 6.2 -64 
v -4.59999 -4.76837e-07 -66 
v -4.59999 -4.76837e-07 -64 
v -4.59999 6.2 -64 
v -5.19999 6.2 -64 
v -4.59999 -4.76837e-07 -64 
v -5.19999 -4.76837e-07 -64 
v -5.19999 -4.76837e-07 -64 
v -5.19999 -4.76837e-07 -66 
v -4.59999 -4.76837e-07 -64 
v -4.59999 -4.76837e-07 -66 
v -5.19999 6.2 -64 
v -5.19999 6.2 -66 
v -5.19999 -4.76837e-07 -64 
v -5.19999 -4.76837e-07 -66 

vn 0 0 -1 
vn 0 0 -1 
vn 0 0 -1 
vn 0 0 -1 
vn 0 1 0 
vn 0 1 0 
vn 0 1 0 
vn 0 1 0 
vn 1 0 0 
vn 1 0 0 
vn 1 0 0 
vn 1 0 0 
vn 0 0 1 
vn 0 0 1 
vn 0 0 1 
vn 0 0 1 
vn 0 -1 0 
vn 0 -1 0 
vn 0 -1 0 
vn 0 -1 0 
vn -1 0 0 
vn -1 0 0 
vn -1 0 0 
vn -1 0 0 

vt 3.075 -6.5 
vt 3 -6.5 
vt 3.075 -7.275 
vt 3 -7.275 
vt 3.25 -6.5 
vt 3 -6.5 
vt 3.25 -6.575 
vt 3 -6.575 
vt 3.25 -6.5 
vt 3 -6.5 
vt 3.25 -7.275 
vt 3 -7.275 
vt 3.075 -6.5 
vt 3 -6.5 
vt 3.075 -7.275 
vt 3 -7.275 
vt 3.25 -6.5 
vt 3 -6.5 
vt 3.25 -6.575 
vt 3 -6.575 
vt 3.25 -6.5 
vt 3 -6.5 
vt 3.25 -7.275 
vt 3 -7.275 

usemtl Part2Mtl

f 3421/3421/3421 3422/3422/3422 3423/3423/3423 
f 3423/3423/3423 3422/3422/3422 3424/3424/3424 
f 3425/3425/3425 3426/3426/3426 3427/3427/3427 
f 3427/3427/3427 3426/3426/3426 3428/3428/3428 
f 3429/3429/3429 3430/3430/3430 3431/3431/3431 
f 3431/3431/3431 3430/3430/3430 3432/3432/3432 
f 3433/3433/3433 3434/3434/3434 3435/3435/3435 
f 3435/3435/3435 3434/3434/3434 3436/3436/3436 
f 3437/3437/3437 3438/3438/3438 3439/3439/3439 
f 3439/3439/3439 3438/3438/3438 3440/3440/3440 
f 3441/3441/3441 3442/3442/3442 3443/3443/3443 
f 3443/3443/3443 3442/3442/3442 3444/3444/3444 

g Part221

v -4.59999 6.2 -63.98 
v -5.19999 6.2 -63.98 
v -4.59999 -4.76837e-07 -63.98 
v -5.19999 -4.76837e-07 -63.98 

vn 0 0 1 
vn 0 0 1 
vn 0 0 1 
vn 0 0 1 

vt 0.3 1 
vt 0 1 
vt 0.3 -2.1 
vt 0 -2.1 

usemtl Part3Mtl

f 3445/3445/3445 3446/3446/3446 3447/3447/3447 
f 3447/3447/3447 3446/3446/3446 3448/3448/3448 

g Part222

v -4.57999 6.2 -66 
v -4.57999 6.2 -64 
v -4.57999 -4.76837e-07 -66 
v -4.57999 -4.76837e-07 -64 

vn 1 0 0 
vn 1 0 0 
vn 1 0 0 
vn 1 0 0 

vt 1 1 
vt 0 1 
vt 1 -2.1 
vt 0 -2.1 

usemtl Part3Mtl

f 3449/3449/3449 3450/3450/3450 3451/3451/3451 
f 3451/3451/3451 3450/3450/3450 3452/3452/3452 

g Part223

v -4.59999 6.22 -64 
v -4.59999 6.22 -66 
v -5.19999 6.22 -64 
v -5.19999 6.22 -66 

vn 0 1 0 
vn 0 1 0 
vn 0 1 0 
vn 0 1 0 

vt 1 1 
vt 0 1 
vt 1 0.7 
vt 0 0.7 

usemtl Part3Mtl

f 3453/3453/3453 3454/3454/3454 3455/3455/3455 
f 3455/3455/3455 3454/3454/3454 3456/3456/3456 

g Part224

v -5.21999 6.2 -64 
v -5.21999 6.2 -66 
v -5.21999 -4.76837e-07 -64 
v -5.21999 -4.76837e-07 -66 

vn -1 0 0 
vn -1 0 0 
vn -1 0 0 
vn -1 0 0 

vt 1 1 
vt 0 1 
vt 1 -2.1 
vt 0 -2.1 

usemtl Part3Mtl

f 3457/3457/3457 3458/3458/3458 3459/3459/3459 
f 3459/3459/3459 3458/3458/3458 3460/3460/3460 

g Part225

v -5.19999 6.2 -66.02 
v -4.59999 6.2 -66.02 
v -5.19999 -4.76837e-07 -66.02 
v -4.59999 -4.76837e-07 -66.02 

vn 0 0 -1 
vn 0 0 -1 
vn 0 0 -1 
vn 0 0 -1 

vt 0.3 1 
vt 0 1 
vt 0.3 -2.1 
vt 0 -2.1 

usemtl Part3Mtl

f 3461/3461/3461 3462/3462/3462 3463/3463/3463 
f 3463/3463/3463 3462/3462/3462 3464/3464/3464 

g Part226

v -4.59999 -0.0200005 -66 
v -4.59999 -0.0200005 -64 
v -5.19999 -0.0200005 -66 
v -5.19999 -0.0200005 -64 

vn 0 -1 0 
vn 0 -1 0 
vn 0 -1 0 
vn 0 -1 0 

vt 1 1 
vt 0 1 
vt 1 0.7 
vt 0 0.7 

usemtl Part3Mtl

f 3465/3465/3465 3466/3466/3466 3467/3467/3467 
f 3467/3467/3467 3466/3466/3466 3468/3468/3468 

g Part227

v -5.19999 4.3 -68.1 
v -4.59999 4.3 -68.1 
v -5.19999 -2.14577e-06 -68.1 
v -4.59999 -2.14577e-06 -68.1 
v -4.59999 4.3 -66 
v -4.59999 4.3 -68.1 
v -5.19999 4.3 -66 
v -5.19999 4.3 -68.1 
v -4.59999 4.3 -68.1 
v -4.59999 4.3 -66 
v -4.59999 -2.14577e-06 -68.1 
v -4.59999 -2.14577e-06 -66 
v -4.59999 4.3 -66 
v -5.19999 4.3 -66 
v -4.59999 -2.14577e-06 -66 
v -5.19999 -2.14577e-06 -66 
v -5.19999 -2.14577e-06 -66 
v -5.19999 -2.14577e-06 -68.1 
v -4.59999 -2.14577e-06 -66 
v -4.59999 -2.14577e-06 -68.1 
v -5.19999 4.3 -66 
v -5.19999 4.3 -68.1 
v -5.19999 -2.14577e-06 -66 
v -5.19999 -2.14577e-06 -68.1 

vn 0 0 -1 
vn 0 0 -1 
vn 0 0 -1 
vn 0 0 -1 
vn 0 1 0 
vn 0 1 0 
vn 0 1 0 
vn 0 1 0 
vn 1 0 0 
vn 1 0 0 
vn 1 0 0 
vn 1 0 0 
vn 0 0 1 
vn 0 0 1 
vn 0 0 1 
vn 0 0 1 
vn 0 -1 0 
vn 0 -1 0 
vn 0 -1 0 
vn 0 -1 0 
vn -1 0 0 
vn -1 0 0 
vn -1 0 0 
vn -1 0 0 

vt 2.075 1 
vt 2 1 
vt 2.075 0.4625 
vt 2 0.4625 
vt 2.2625 1 
vt 2 1 
vt 2.2625 0.925 
vt 2 0.925 
vt 2.2625 1 
vt 2 1 
vt 2.2625 0.4625 
vt 2 0.4625 
vt 2.075 1 
vt 2 1 
vt 2.075 0.4625 
vt 2 0.4625 
vt 2.2625 1 
vt 2 1 
vt 2.2625 0.925 
vt 2 0.925 
vt 2.2625 1 
vt 2 1 
vt 2.2625 0.4625 
vt 2 0.4625 

usemtl Part2Mtl

f 3469/3469/3469 3470/3470/3470 3471/3471/3471 
f 3471/3471/3471 3470/3470/3470 3472/3472/3472 
f 3473/3473/3473 3474/3474/3474 3475/3475/3475 
f 3475/3475/3475 3474/3474/3474 3476/3476/3476 
f 3477/3477/3477 3478/3478/3478 3479/3479/3479 
f 3479/3479/3479 3478/3478/3478 3480/3480/3480 
f 3481/3481/3481 3482/3482/3482 3483/3483/3483 
f 3483/3483/3483 3482/3482/3482 3484/3484/3484 
f 3485/3485/3485 3486/3486/3486 3487/3487/3487 
f 3487/3487/3487 3486/3486/3486 3488/3488/3488 
f 3489/3489/3489 3490/3490/3490 3491/3491/3491 
f 3491/3491/3491 3490/3490/3490 3492/3492/3492 

g Part228

v -4.59999 4.3 -65.98 
v -5.19999 4.3 -65.98 
v -4.59999 -2.14577e-06 -65.98 
v -5.19999 -2.14577e-06 -65.98 

vn 0 0 1 
vn 0 0 1 
vn 0 0 1 
vn 0 0 1 

vt 0.3 1 
vt 0 1 
vt 0.3 -1.15 
vt 0 -1.15 

usemtl Part3Mtl

f 3493/3493/3493 3494/3494/3494 3495/3495/3495 
f 3495/3495/3495 3494/3494/3494 3496/3496/3496 

g Part229

v -4.57999 4.3 -68.1 
v -4.57999 4.3 -66 
v -4.57999 -2.14577e-06 -68.1 
v -4.57999 -2.14577e-06 -66 

vn 1 0 0 
vn 1 0 0 
vn 1 0 0 
vn 1 0 0 

vt 1.05 1 
vt 0 1 
vt 1.05 -1.15 
vt 0 -1.15 

usemtl Part3Mtl

f 3497/3497/3497 3498/3498/3498 3499/3499/3499 
f 3499/3499/3499 3498/3498/3498 3500/3500/3500 

g Part230

v -4.59999 4.32 -66 
v -4.59999 4.32 -68.1 
v -5.19999 4.32 -66 
v -5.19999 4.32 -68.1 

vn 0 1 0 
vn 0 1 0 
vn 0 1 0 
vn 0 1 0 

vt 1.05 1 
vt 0 1 
vt 1.05 0.7 
vt 0 0.7 

usemtl Part3Mtl

f 3501/3501/3501 3502/3502/3502 3503/3503/3503 
f 3503/3503/3503 3502/3502/3502 3504/3504/3504 

g Part231

v -5.21999 4.3 -66 
v -5.21999 4.3 -68.1 
v -5.21999 -2.14577e-06 -66 
v -5.21999 -2.14577e-06 -68.1 

vn -1 0 0 
vn -1 0 0 
vn -1 0 0 
vn -1 0 0 

vt 1.05 1 
vt 0 1 
vt 1.05 -1.15 
vt 0 -1.15 

usemtl Part3Mtl

f 3505/3505/3505 3506/3506/3506 3507/3507/3507 
f 3507/3507/3507 3506/3506/3506 3508/3508/3508 

g Part232

v -5.19999 4.3 -68.12 
v -4.59999 4.3 -68.12 
v -5.19999 -2.14577e-06 -68.12 
v -4.59999 -2.14577e-06 -68.12 

vn 0 0 -1 
vn 0 0 -1 
vn 0 0 -1 
vn 0 0 -1 

vt 0.3 1 
vt 0 1 
vt 0.3 -1.15 
vt 0 -1.15 

usemtl Part3Mtl

f 3509/3509/3509 3510/3510/3510 3511/3511/3511 
f 3511/3511/3511 3510/3510/3510 3512/3512/3512 

g Part233

v -4.59999 -0.0200021 -68.1 
v -4.59999 -0.0200021 -66 
v -5.19999 -0.0200021 -68.1 
v -5.19999 -0.0200021 -66 

vn 0 -1 0 
vn 0 -1 0 
vn 0 -1 0 
vn 0 -1 0 

vt 1.05 1 
vt 0 1 
vt 1.05 0.7 
vt 0 0.7 

usemtl Part3Mtl

f 3513/3513/3513 3514/3514/3514 3515/3515/3515 
f 3515/3515/3515 3514/3514/3514 3516/3516/3516 

g Part234

v -5.19999 4.4 -66 
v -5.19999 4.4 -68.1 
v -5.19999 4.3 -66 
v -5.19999 4.3 -68.1 
v -4.59999 4.4 -68.1 
v -5.19999 4.4 -68.1 
v -4.59999 4.4 -66 
v -5.19999 4.4 -66 
v -5.19999 4.4 -68.1 
v -4.59999 4.4 -68.1 
v -5.19999 4.3 -68.1 
v -4.59999 4.3 -68.1 
v -4.59999 4.4 -68.1 
v -4.59999 4.4 -66 
v -4.59999 4.3 -68.1 
v -4.59999 4.3 -66 
v -4.59999 4.3 -66 
v -5.19999 4.3 -66 
v -4.59999 4.3 -68.1 
v -5.19999 4.3 -68.1 
v -4.59999 4.4 -66 
v -5.19999 4.4 -66 
v -4.59999 4.3 -66 
v -5.19999 4.3 -66 

vn -1 0 0 
vn -1 0 0 
vn -1 0 0 
vn -1 0 0 
vn 0 1 0 
vn 0 1 0 
vn 0 1 0 
vn 0 1 0 
vn 0 0 -1 
vn 0 0 -1 
vn 0 0 -1 
vn 0 0 -1 
vn 1 0 0 
vn 1 0 0 
vn 1 0 0 
vn 1 0 0 
vn 0 -1 0 
vn 0 -1 0 
vn 0 -1 0 
vn 0 -1 0 
vn 0 0 1 
vn 0 0 1 
vn 0 0 1 
vn 0 0 1 

vt 4.7625 -4 
vt 4.5 -4 
vt 4.7625 -4.0125 
vt 4.5 -4.0125 
vt 4.575 -4 
vt 4.5 -4 
vt 4.575 -4.2625 
vt 4.5 -4.2625 
vt 4.575 -4 
vt 4.5 -4 
vt 4.575 -4.0125 
vt 4.5 -4.0125 
vt 4.7625 -4 
vt 4.5 -4 
vt 4.7625 -4.0125 
vt 4.5 -4.0125 
vt 4.575 -4 
vt 4.5 -4 
vt 4.575 -4.2625 
vt 4.5 -4.2625 
vt 4.575 -4 
vt 4.5 -4 
vt 4.575 -4.0125 
vt 4.5 -4.0125 

usemtl Part2Mtl

f 3517/3517/3517 3518/3518/3518 3519/3519/3519 
f 3519/3519/3519 3518/3518/3518 3520/3520/3520 
f 3521/3521/3521 3522/3522/3522 3523/3523/3523 
f 3523/3523/3523 3522/3522/3522 3524/3524/3524 
f 3525/3525/3525 3526/3526/3526 3527/3527/3527 
f 3527/3527/3527 3526/3526/3526 3528/3528/3528 
f 3529/3529/3529 3530/3530/3530 3531/3531/3531 
f 3531/3531/3531 3530/3530/3530 3532/3532/3532 
f 3533/3533/3533 3534/3534/3534 3535/3535/3535 
f 3535/3535/3535 3534/3534/3534 3536/3536/3536 
f 3537/3537/3537 3538/3538/3538 3539/3539/3539 
f 3539/3539/3539 3538/3538/3538 3540/3540/3540 

g Part235

v -4.57999 4.4 -68.1 
v -4.57999 4.4 -66 
v -4.57999 4.3 -68.1 
v -4.57999 4.3 -66 

vn 1 0 0 
vn 1 0 0 
vn 1 0 0 
vn 1 0 0 

vt 1.05 1 
vt 0 1 
vt 1.05 0.95 
vt 0 0.95 

usemtl Part46Mtl

f 3541/3541/3541 3542/3542/3542 3543/3543/3543 
f 3543/3543/3543 3542/3542/3542 3544/3544/3544 

g Part236

v -5.19999 4.4 -68.12 
v -4.59999 4.4 -68.12 
v -5.19999 4.3 -68.12 
v -4.59999 4.3 -68.12 

vn 0 0 -1 
vn 0 0 -1 
vn 0 0 -1 
vn 0 0 -1 

vt 0.3 1 
vt 0 1 
vt 0.3 0.95 
vt 0 0.95 

usemtl Part46Mtl

f 3545/3545/3545 3546/3546/3546 3547/3547/3547 
f 3547/3547/3547 3546/3546/3546 3548/3548/3548 

g Part237

v -4.59999 4.42 -68.1 
v -5.19999 4.42 -68.1 
v -4.59999 4.42 -66 
v -5.19999 4.42 -66 

vn 0 1 0 
vn 0 1 0 
vn 0 1 0 
vn 0 1 0 

vt 0.3 1 
vt 0 1 
vt 0.3 -0.05 
vt 0 -0.05 

usemtl Part46Mtl

f 3549/3549/3549 3550/3550/3550 3551/3551/3551 
f 3551/3551/3551 3550/3550/3550 3552/3552/3552 

g Part238

v -4.59999 4.4 -65.98 
v -5.19999 4.4 -65.98 
v -4.59999 4.3 -65.98 
v -5.19999 4.3 -65.98 

vn 0 0 1 
vn 0 0 1 
vn 0 0 1 
vn 0 0 1 

vt 0.3 1 
vt 0 1 
vt 0.3 0.95 
vt 0 0.95 

usemtl Part46Mtl

f 3553/3553/3553 3554/3554/3554 3555/3555/3555 
f 3555/3555/3555 3554/3554/3554 3556/3556/3556 

g Part239

v -5.21999 4.4 -66 
v -5.21999 4.4 -68.1 
v -5.21999 4.3 -66 
v -5.21999 4.3 -68.1 

vn -1 0 0 
vn -1 0 0 
vn -1 0 0 
vn -1 0 0 

vt 1.05 1 
vt 0 1 
vt 1.05 0.95 
vt 0 0.95 

usemtl Part46Mtl

f 3557/3557/3557 3558/3558/3558 3559/3559/3559 
f 3559/3559/3559 3558/3558/3558 3560/3560/3560 

g Part240

v -5.19999 4.28 -68.1 
v -4.59999 4.28 -68.1 
v -5.19999 4.28 -66 
v -4.59999 4.28 -66 

vn 0 -1 0 
vn 0 -1 0 
vn 0 -1 0 
vn 0 -1 0 

vt 0.3 1 
vt 0 1 
vt 0.3 -0.05 
vt 0 -0.05 

usemtl Part46Mtl

f 3561/3561/3561 3562/3562/3562 3563/3563/3563 
f 3563/3563/3563 3562/3562/3562 3564/3564/3564 

g Part241

v -5.19999 6.3 -64 
v -5.19999 6.3 -66 
v -5.19999 6.2 -64 
v -5.19999 6.2 -66 
v -4.59999 6.3 -66 
v -5.19999 6.3 -66 
v -4.59999 6.3 -64 
v -5.19999 6.3 -64 
v -5.19999 6.3 -66 
v -4.59999 6.3 -66 
v -5.19999 6.2 -66 
v -4.59999 6.2 -66 
v -4.59999 6.3 -66 
v -4.59999 6.3 -64 
v -4.59999 6.2 -66 
v -4.59999 6.2 -64 
v -4.59999 6.2 -64 
v -5.19999 6.2 -64 
v -4.59999 6.2 -66 
v -5.19999 6.2 -66 
v -4.59999 6.3 -64 
v -5.19999 6.3 -64 
v -4.59999 6.2 -64 
v -5.19999 6.2 -64 

vn -1 0 0 
vn -1 0 0 
vn -1 0 0 
vn -1 0 0 
vn 0 1 0 
vn 0 1 0 
vn 0 1 0 
vn 0 1 0 
vn 0 0 -1 
vn 0 0 -1 
vn 0 0 -1 
vn 0 0 -1 
vn 1 0 0 
vn 1 0 0 
vn 1 0 0 
vn 1 0 0 
vn 0 -1 0 
vn 0 -1 0 
vn 0 -1 0 
vn 0 -1 0 
vn 0 0 1 
vn 0 0 1 
vn 0 0 1 
vn 0 0 1 

vt 7.75 -3.75 
vt 7.5 -3.75 
vt 7.75 -3.7625 
vt 7.5 -3.7625 
vt 7.575 -3.75 
vt 7.5 -3.75 
vt 7.575 -4 
vt 7.5 -4 
vt 7.575 -3.75 
vt 7.5 -3.75 
vt 7.575 -3.7625 
vt 7.5 -3.7625 
vt 7.75 -3.75 
vt 7.5 -3.75 
vt 7.75 -3.7625 
vt 7.5 -3.7625 
vt 7.575 -3.75 
vt 7.5 -3.75 
vt 7.575 -4 
vt 7.5 -4 
vt 7.575 -3.75 
vt 7.5 -3.75 
vt 7.575 -3.7625 
vt 7.5 -3.7625 

usemtl Part2Mtl

f 3565/3565/3565 3566/3566/3566 3567/3567/3567 
f 3567/3567/3567 3566/3566/3566 3568/3568/3568 
f 3569/3569/3569 3570/3570/3570 3571/3571/3571 
f 3571/3571/3571 3570/3570/3570 3572/3572/3572 
f 3573/3573/3573 3574/3574/3574 3575/3575/3575 
f 3575/3575/3575 3574/3574/3574 3576/3576/3576 
f 3577/3577/3577 3578/3578/3578 3579/3579/3579 
f 3579/3579/3579 3578/3578/3578 3580/3580/3580 
f 3581/3581/3581 3582/3582/3582 3583/3583/3583 
f 3583/3583/3583 3582/3582/3582 3584/3584/3584 
f 3585/3585/3585 3586/3586/3586 3587/3587/3587 
f 3587/3587/3587 3586/3586/3586 3588/3588/3588 

g Part242

v -4.57999 6.3 -66 
v -4.57999 6.3 -64 
v -4.57999 6.2 -66 
v -4.57999 6.2 -64 

vn 1 0 0 
vn 1 0 0 
vn 1 0 0 
vn 1 0 0 

vt 1 1 
vt 0 1 
vt 1 0.95 
vt 0 0.95 

usemtl Part46Mtl

f 3589/3589/3589 3590/3590/3590 3591/3591/3591 
f 3591/3591/3591 3590/3590/3590 3592/3592/3592 

g Part243

v -5.19999 6.3 -66.02 
v -4.59999 6.3 -66.02 
v -5.19999 6.2 -66.02 
v -4.59999 6.2 -66.02 

vn 0 0 -1 
vn 0 0 -1 
vn 0 0 -1 
vn 0 0 -1 

vt 0.3 1 
vt 0 1 
vt 0.3 0.95 
vt 0 0.95 

usemtl Part46Mtl

f 3593/3593/3593 3594/3594/3594 3595/3595/3595 
f 3595/3595/3595 3594/3594/3594 3596/3596/3596 

g Part244

v -4.59999 6.32 -66 
v -5.19999 6.32 -66 
v -4.59999 6.32 -64 
v -5.19999 6.32 -64 

vn 0 1 0 
vn 0 1 0 
vn 0 1 0 
vn 0 1 0 

vt 0.3 1 
vt 0 1 
vt 0.3 5.96046e-08 
vt 0 5.96046e-08 

usemtl Part46Mtl

f 3597/3597/3597 3598/3598/3598 3599/3599/3599 
f 3599/3599/3599 3598/3598/3598 3600/3600/3600 

g Part245

v -4.59999 6.3 -63.98 
v -5.19999 6.3 -63.98 
v -4.59999 6.2 -63.98 
v -5.19999 6.2 -63.98 

vn 0 0 1 
vn 0 0 1 
vn 0 0 1 
vn 0 0 1 

vt 0.3 1 
vt 0 1 
vt 0.3 0.95 
vt 0 0.95 

usemtl Part46Mtl

f 3601/3601/3601 3602/3602/3602 3603/3603/3603 
f 3603/3603/3603 3602/3602/3602 3604/3604/3604 

g Part246

v -5.21999 6.3 -64 
v -5.21999 6.3 -66 
v -5.21999 6.2 -64 
v -5.21999 6.2 -66 

vn -1 0 0 
vn -1 0 0 
vn -1 0 0 
vn -1 0 0 

vt 1 1 
vt 0 1 
vt 1 0.95 
vt 0 0.95 

usemtl Part46Mtl

f 3605/3605/3605 3606/3606/3606 3607/3607/3607 
f 3607/3607/3607 3606/3606/3606 3608/3608/3608 

g Part247

v -5.19999 6.18 -66 
v -4.59999 6.18 -66 
v -5.19999 6.18 -64 
v -4.59999 6.18 -64 

vn 0 -1 0 
vn 0 -1 0 
vn 0 -1 0 
vn 0 -1 0 

vt 0.3 1 
vt 0 1 
vt 0.3 5.96046e-08 
vt 0 5.96046e-08 

usemtl Part46Mtl

f 3609/3609/3609 3610/3610/3610 3611/3611/3611 
f 3611/3611/3611 3610/3610/3610 3612/3612/3612 

g Part248

v -5.19999 3.88466 -68.8 
v -5.19999 3.88466 -64 
v -5.19999 0 -68.8 
v -5.19999 0 -64 
v -14.2 3.88466 -64 
v -5.19999 3.88466 -64 
v -14.2 3.88466 -68.8 
v -5.19999 3.88466 -68.8 
v -5.19999 3.88466 -64 
v -14.2 3.88466 -64 
v -5.19999 0 -64 
v -14.2 0 -64 
v -14.2 3.88466 -64 
v -14.2 3.88466 -68.8 
v -14.2 0 -64 
v -14.2 0 -68.8 
v -14.2 0 -68.8 
v -5.19999 0 -68.8 
v -14.2 0 -64 
v -5.19999 0 -64 
v -14.2 3.88466 -68.8 
v -5.19999 3.88466 -68.8 
v -14.2 0 -68.8 
v -5.19999 0 -68.8 

vn 1 0 0 
vn 1 0 0 
vn 1 0 0 
vn 1 0 0 
vn 0 1 0 
vn 0 1 0 
vn 0 1 0 
vn 0 1 0 
vn 0 0 1 
vn 0 0 1 
vn 0 0 1 
vn 0 0 1 
vn -1 0 0 
vn -1 0 0 
vn -1 0 0 
vn -1 0 0 
vn 0 -1 0 
vn 0 -1 0 
vn 0 -1 0 
vn 0 -1 0 
vn 0 0 -1 
vn 0 0 -1 
vn 0 0 -1 
vn 0 0 -1 

vt 2.4 1 
vt 0 1 
vt 2.4 -0.942328 
vt 0 -0.942328 
vt 4.5 1 
vt 0 1 
vt 4.5 -1.4 
vt 0 -1.4 
vt 4.5 1 
vt 0 1 
vt 4.5 -0.942328 
vt 0 -0.942328 
vt 2.4 1 
vt 0 1 
vt 2.4 -0.942328 
vt 0 -0.942328 
vt 4.5 1 
vt 0 1 
vt 4.5 -1.4 
vt 0 -1.4 
vt 4.5 1 
vt 0 1 
vt 4.5 -0.942328 
vt 0 -0.942328 

usemtl Part1Mtl

f 3613/3613/3613 3614/3614/3614 3615/3615/3615 
f 3615/3615/3615 3614/3614/3614 3616/3616/3616 
f 3617/3617/3617 3618/3618/3618 3619/3619/3619 
f 3619/3619/3619 3618/3618/3618 3620/3620/3620 
f 3621/3621/3621 3622/3622/3622 3623/3623/3623 
f 3623/3623/3623 3622/3622/3622 3624/3624/3624 
f 3625/3625/3625 3626/3626/3626 3627/3627/3627 
f 3627/3627/3627 3626/3626/3626 3628/3628/3628 
f 3629/3629/3629 3630/3630/3630 3631/3631/3631 
f 3631/3631/3631 3630/3630/3630 3632/3632/3632 
f 3633/3633/3633 3634/3634/3634 3635/3635/3635 
f 3635/3635/3635 3634/3634/3634 3636/3636/3636 

g Part249

v -14.8 3.88465 -63.4 
v -14.8 3.88465 -64 
v -14.8 -0.415346 -63.4 
v -14.8 -0.415346 -64 
v -4.59999 3.88465 -64 
v -14.8 3.88465 -64 
v -4.59999 3.88465 -63.4 
v -14.8 3.88465 -63.4 
v -14.8 3.88465 -64 
v -4.59999 3.88465 -64 
v -14.8 -0.415346 -64 
v -4.59999 -0.415346 -64 
v -4.59999 3.88465 -64 
v -4.59999 3.88465 -63.4 
v -4.59999 -0.415346 -64 
v -4.59999 -0.415346 -63.4 
v -4.59999 -0.415346 -63.4 
v -14.8 -0.415346 -63.4 
v -4.59999 -0.415346 -64 
v -14.8 -0.415346 -64 
v -4.59999 3.88465 -63.4 
v -14.8 3.88465 -63.4 
v -4.59999 -0.415346 -63.4 
v -14.8 -0.415346 -63.4 

vn -1 0 0 
vn -1 0 0 
vn -1 0 0 
vn -1 0 0 
vn 0 1 0 
vn 0 1 0 
vn 0 1 0 
vn 0 1 0 
vn 0 0 -1 
vn 0 0 -1 
vn 0 0 -1 
vn 0 0 -1 
vn 1 0 0 
vn 1 0 0 
vn 1 0 0 
vn 1 0 0 
vn 0 -1 0 
vn 0 -1 0 
vn 0 -1 0 
vn 0 -1 0 
vn 0 0 1 
vn 0 0 1 
vn 0 0 1 
vn 0 0 1 

vt 7.325 -0.25 
vt 7.25 -0.25 
vt 7.325 -0.7875 
vt 7.25 -0.7875 
vt 8.525 -0.25 
vt 7.25 -0.25 
vt 8.525 -0.325 
vt 7.25 -0.325 
vt 8.525 -0.25 
vt 7.25 -0.25 
vt 8.525 -0.7875 
vt 7.25 -0.7875 
vt 7.325 -0.25 
vt 7.25 -0.25 
vt 7.325 -0.7875 
vt 7.25 -0.7875 
vt 8.525 -0.25 
vt 7.25 -0.25 
vt 8.525 -0.325 
vt 7.25 -0.325 
vt 8.525 -0.25 
vt 7.25 -0.25 
vt 8.525 -0.7875 
vt 7.25 -0.7875 

usemtl Part2Mtl

f 3637/3637/3637 3638/3638/3638 3639/3639/3639 
f 3639/3639/3639 3638/3638/3638 3640/3640/3640 
f 3641/3641/3641 3642/3642/3642 3643/3643/3643 
f 3643/3643/3643 3642/3642/3642 3644/3644/3644 
f 3645/3645/3645 3646/3646/3646 3647/3647/3647 
f 3647/3647/3647 3646/3646/3646 3648/3648/3648 
f 3649/3649/3649 3650/3650/3650 3651/3651/3651 
f 3651/3651/3651 3650/3650/3650 3652/3652/3652 
f 3653/3653/3653 3654/3654/3654 3655/3655/3655 
f 3655/3655/3655 3654/3654/3654 3656/3656/3656 
f 3657/3657/3657 3658/3658/3658 3659/3659/3659 
f 3659/3659/3659 3658/3658/3658 3660/3660/3660 

g Part250

v -4.57999 3.88465 -64 
v -4.57999 3.88465 -63.4 
v -4.57999 -0.415346 -64 
v -4.57999 -0.415346 -63.4 

vn 1 0 0 
vn 1 0 0 
vn 1 0 0 
vn 1 0 0 

vt 0.3 1 
vt 0 1 
vt 0.3 -1.15 
vt 0 -1.15 

usemtl Part3Mtl

f 3661/3661/3661 3662/3662/3662 3663/3663/3663 
f 3663/3663/3663 3662/3662/3662 3664/3664/3664 

g Part251

v -14.8 3.88465 -64.02 
v -4.59999 3.88465 -64.02 
v -14.8 -0.415346 -64.02 
v -4.59999 -0.415346 -64.02 

vn 0 0 -1 
vn 0 0 -1 
vn 0 0 -1 
vn 0 0 -1 

vt 5.1 1 
vt 0 1 
vt 5.1 -1.15 
vt 0 -1.15 

usemtl Part3Mtl

f 3665/3665/3665 3666/3666/3666 3667/3667/3667 
f 3667/3667/3667 3666/3666/3666 3668/3668/3668 

g Part252

v -4.59999 3.90465 -64 
v -14.8 3.90465 -64 
v -4.59999 3.90465 -63.4 
v -14.8 3.90465 -63.4 

vn 0 1 0 
vn 0 1 0 
vn 0 1 0 
vn 0 1 0 

vt 5.1 1 
vt 0 1 
vt 5.1 0.7 
vt 0 0.7 

usemtl Part3Mtl

f 3669/3669/3669 3670/3670/3670 3671/3671/3671 
f 3671/3671/3671 3670/3670/3670 3672/3672/3672 

g Part253

v -4.59999 3.88465 -63.38 
v -14.8 3.88465 -63.38 
v -4.59999 -0.415346 -63.38 
v -14.8 -0.415346 -63.38 

vn 0 0 1 
vn 0 0 1 
vn 0 0 1 
vn 0 0 1 

vt 5.1 1 
vt 0 1 
vt 5.1 -1.15 
vt 0 -1.15 

usemtl Part3Mtl

f 3673/3673/3673 3674/3674/3674 3675/3675/3675 
f 3675/3675/3675 3674/3674/3674 3676/3676/3676 

g Part254

v -14.82 3.88465 -63.4 
v -14.82 3.88465 -64 
v -14.82 -0.415346 -63.4 
v -14.82 -0.415346 -64 

vn -1 0 0 
vn -1 0 0 
vn -1 0 0 
vn -1 0 0 

vt 0.3 1 
vt 0 1 
vt 0.3 -1.15 
vt 0 -1.15 

usemtl Part3Mtl

f 3677/3677/3677 3678/3678/3678 3679/3679/3679 
f 3679/3679/3679 3678/3678/3678 3680/3680/3680 

g Part255

v -14.8 -0.435346 -64 
v -4.59999 -0.435346 -64 
v -14.8 -0.435346 -63.4 
v -4.59999 -0.435346 -63.4 

vn 0 -1 0 
vn 0 -1 0 
vn 0 -1 0 
vn 0 -1 0 

vt 5.1 1 
vt 0 1 
vt 5.1 0.7 
vt 0 0.7 

usemtl Part3Mtl

f 3681/3681/3681 3682/3682/3682 3683/3683/3683 
f 3683/3683/3683 3682/3682/3682 3684/3684/3684 

g Part256

v -14.8 3.98465 -63.4 
v -14.8 3.98465 -64 
v -14.8 3.88465 -63.4 
v -14.8 3.88465 -64 
v -4.59999 3.98465 -64 
v -14.8 3.98465 -64 
v -4.59999 3.98465 -63.4 
v -14.8 3.98465 -63.4 
v -14.8 3.98465 -64 
v -4.59999 3.98465 -64 
v -14.8 3.88465 -64 
v -4.59999 3.88465 -64 
v -4.59999 3.98465 -64 
v -4.59999 3.98465 -63.4 
v -4.59999 3.88465 -64 
v -4.59999 3.88465 -63.4 
v -4.59999 3.88465 -63.4 
v -14.8 3.88465 -63.4 
v -4.59999 3.88465 -64 
v -14.8 3.88465 -64 
v -4.59999 3.98465 -63.4 
v -14.8 3.98465 -63.4 
v -4.59999 3.88465 -63.4 
v -14.8 3.88465 -63.4 

vn -1 0 0 
vn -1 0 0 
vn -1 0 0 
vn -1 0 0 
vn 0 1 0 
vn 0 1 0 
vn 0 1 0 
vn 0 1 0 
vn 0 0 -1 
vn 0 0 -1 
vn 0 0 -1 
vn 0 0 -1 
vn 1 0 0 
vn 1 0 0 
vn 1 0 0 
vn 1 0 0 
vn 0 -1 0 
vn 0 -1 0 
vn 0 -1 0 
vn 0 -1 0 
vn 0 0 1 
vn 0 0 1 
vn 0 0 1 
vn 0 0 1 

vt 3.825 -4.5 
vt 3.75 -4.5 
vt 3.825 -4.5125 
vt 3.75 -4.5125 
vt 5.025 -4.5 
vt 3.75 -4.5 
vt 5.025 -4.575 
vt 3.75 -4.575 
vt 5.025 -4.5 
vt 3.75 -4.5 
vt 5.025 -4.5125 
vt 3.75 -4.5125 
vt 3.825 -4.5 
vt 3.75 -4.5 
vt 3.825 -4.5125 
vt 3.75 -4.5125 
vt 5.025 -4.5 
vt 3.75 -4.5 
vt 5.025 -4.575 
vt 3.75 -4.575 
vt 5.025 -4.5 
vt 3.75 -4.5 
vt 5.025 -4.5125 
vt 3.75 -4.5125 

usemtl Part2Mtl

f 3685/3685/3685 3686/3686/3686 3687/3687/3687 
f 3687/3687/3687 3686/3686/3686 3688/3688/3688 
f 3689/3689/3689 3690/3690/3690 3691/3691/3691 
f 3691/3691/3691 3690/3690/3690 3692/3692/3692 
f 3693/3693/3693 3694/3694/3694 3695/3695/3695 
f 3695/3695/3695 3694/3694/3694 3696/3696/3696 
f 3697/3697/3697 3698/3698/3698 3699/3699/3699 
f 3699/3699/3699 3698/3698/3698 3700/3700/3700 
f 3701/3701/3701 3702/3702/3702 3703/3703/3703 
f 3703/3703/3703 3702/3702/3702 3704/3704/3704 
f 3705/3705/3705 3706/3706/3706 3707/3707/3707 
f 3707/3707/3707 3706/3706/3706 3708/3708/3708 

g Part257

v -4.57999 3.98465 -64 
v -4.57999 3.98465 -63.4 
v -4.57999 3.88465 -64 
v -4.57999 3.88465 -63.4 

vn 1 0 0 
vn 1 0 0 
vn 1 0 0 
vn 1 0 0 

vt 0.3 1 
vt 0 1 
vt 0.3 0.95 
vt 0 0.95 

usemtl Part46Mtl

f 3709/3709/3709 3710/3710/3710 3711/3711/3711 
f 3711/3711/3711 3710/3710/3710 3712/3712/3712 

g Part258

v -14.8 3.98465 -64.02 
v -4.59999 3.98465 -64.02 
v -14.8 3.88465 -64.02 
v -4.59999 3.88465 -64.02 

vn 0 0 -1 
vn 0 0 -1 
vn 0 0 -1 
vn 0 0 -1 

vt 5.1 1 
vt 0 1 
vt 5.1 0.95 
vt 0 0.95 

usemtl Part46Mtl

f 3713/3713/3713 3714/3714/3714 3715/3715/3715 
f 3715/3715/3715 3714/3714/3714 3716/3716/3716 

g Part259

v -4.59999 4.00465 -64 
v -14.8 4.00465 -64 
v -4.59999 4.00465 -63.4 
v -14.8 4.00465 -63.4 

vn 0 1 0 
vn 0 1 0 
vn 0 1 0 
vn 0 1 0 

vt 5.1 1 
vt 0 1 
vt 5.1 0.7 
vt 0 0.7 

usemtl Part46Mtl

f 3717/3717/3717 3718/3718/3718 3719/3719/3719 
f 3719/3719/3719 3718/3718/3718 3720/3720/3720 

g Part260

v -4.59999 3.98465 -63.38 
v -14.8 3.98465 -63.38 
v -4.59999 3.88465 -63.38 
v -14.8 3.88465 -63.38 

vn 0 0 1 
vn 0 0 1 
vn 0 0 1 
vn 0 0 1 

vt 5.1 1 
vt 0 1 
vt 5.1 0.95 
vt 0 0.95 

usemtl Part46Mtl

f 3721/3721/3721 3722/3722/3722 3723/3723/3723 
f 3723/3723/3723 3722/3722/3722 3724/3724/3724 

g Part261

v -14.82 3.98465 -63.4 
v -14.82 3.98465 -64 
v -14.82 3.88465 -63.4 
v -14.82 3.88465 -64 

vn -1 0 0 
vn -1 0 0 
vn -1 0 0 
vn -1 0 0 

vt 0.3 1 
vt 0 1 
vt 0.3 0.95 
vt 0 0.95 

usemtl Part46Mtl

f 3725/3725/3725 3726/3726/3726 3727/3727/3727 
f 3727/3727/3727 3726/3726/3726 3728/3728/3728 

g Part262

v -14.8 3.86465 -64 
v -4.59999 3.86465 -64 
v -14.8 3.86465 -63.4 
v -4.59999 3.86465 -63.4 

vn 0 -1 0 
vn 0 -1 0 
vn 0 -1 0 
vn 0 -1 0 

vt 5.1 1 
vt 0 1 
vt 5.1 0.7 
vt 0 0.7 

usemtl Part46Mtl

f 3729/3729/3729 3730/3730/3730 3731/3731/3731 
f 3731/3731/3731 3730/3730/3730 3732/3732/3732 

g C399

v -4.70001 5.80532 -64.9233 
v -4.70001 5.86076 -64.7894 
v -4.70001 5.86076 -64.9463 
v -4.70001 5.89997 -64.9358 
v -4.70001 5.91621 -64.8124 
v -4.70001 5.92867 -64.9071 
v -4.70001 5.93918 -64.8679 
v 3.05314 5.92867 -64.9071 
v -4.70001 5.9365 -64.8882 
v 3.05314 5.9365 -64.8882 
v -4.70001 5.93918 -64.8679 
v -4.70001 5.92867 -64.9071 
v 3.05314 5.93918 -64.8679 
v 3.05314 5.91621 -64.9233 
v -4.70001 5.9365 -64.8476 
v -4.70001 5.91621 -64.9233 
v 3.05314 5.9365 -64.8476 
v -4.70001 5.92867 -64.8287 
v 3.05314 5.92867 -64.8287 
v -4.70001 5.91621 -64.8124 
v 3.05314 5.88106 -64.9436 
v 3.05314 5.91621 -64.8124 
v -4.70001 5.78503 -64.8476 
v -4.70001 5.79286 -64.8287 
v -4.70001 5.80532 -64.9233 
v -4.70001 5.82156 -64.7999 
v -4.70001 5.86076 -64.7894 
v -4.70001 5.91621 -64.8124 
v -4.70001 5.93918 -64.8679 
v 3.05314 5.93918 -64.8679 
v -4.70001 5.91621 -64.8124 
v 3.05314 5.91621 -64.8124 
v 3.05314 5.89997 -64.7999 
v -4.70001 5.89997 -64.7999 
v -4.70001 5.88106 -64.7921 
v 3.05314 5.88106 -64.7921 
v 3.05314 5.86076 -64.7894 
v -4.70001 5.86076 -64.7894 
v 3.05314 5.84047 -64.7921 
v 3.05314 5.80532 -64.9233 
v -4.70001 5.84047 -64.7921 
v 3.05314 5.82156 -64.7999 
v -4.70001 5.82156 -64.7999 
v -4.70001 5.80532 -64.8124 
v 3.05314 5.80532 -64.8124 
v -4.70001 5.78503 -64.8476 
v -4.70001 5.78503 -64.8882 
v -4.70001 5.78235 -64.8679 
v -4.70001 5.79286 -64.8287 
v -4.70001 5.79286 -64.9071 
v -4.70001 5.79286 -64.9071 
v -4.70001 5.79286 -64.8287 
v -4.70001 5.80532 -64.8124 
v -4.70001 5.79286 -64.9071 
v -4.70001 5.80532 -64.8124 
v -4.70001 5.80532 -64.9233 
v -4.70001 5.80532 -64.9233 
v -4.70001 5.80532 -64.8124 
v -4.70001 5.82156 -64.7999 
v -4.70001 5.80532 -64.9233 
v -4.70001 5.82156 -64.7999 
v -4.70001 5.82156 -64.9358 
v -4.70001 5.84047 -64.7921 
v -4.70001 5.84047 -64.9436 
v -4.70001 5.86076 -64.7894 
v -4.70001 5.86076 -64.9463 
v -4.70001 5.82156 -64.9358 
v -4.70001 5.82156 -64.7999 
v -4.70001 5.84047 -64.7921 
v -4.70001 5.84047 -64.9436 
v -4.70001 5.84047 -64.7921 
v -4.70001 5.86076 -64.7894 
v -4.70001 5.86076 -64.9463 
v -4.70001 5.86076 -64.7894 
v -4.70001 5.88106 -64.7921 
v -4.70001 5.86076 -64.9463 
v -4.70001 5.88106 -64.7921 
v -4.70001 5.88106 -64.9436 
v -4.70001 5.88106 -64.9436 
v -4.70001 5.88106 -64.7921 
v -4.70001 5.89997 -64.7999 
v -4.70001 5.88106 -64.9436 
v -4.70001 5.89997 -64.7999 
v -4.70001 5.89997 -64.9358 
v -4.70001 5.89997 -64.9358 
v -4.70001 5.89997 -64.7999 
v -4.70001 5.91621 -64.8124 
v -4.70001 5.89997 -64.9358 
v -4.70001 5.91621 -64.8124 
v -4.70001 5.91621 -64.9233 
v -4.70001 5.91621 -64.9233 
v -4.70001 5.91621 -64.8124 
v -4.70001 5.92867 -64.8287 
v -4.70001 5.91621 -64.9233 
v -4.70001 5.92867 -64.8287 
v -4.70001 5.92867 -64.9071 
v -4.70001 5.9365 -64.8476 
v -4.70001 5.9365 -64.8882 
v -4.70001 5.93918 -64.8679 
v 3.05314 5.92867 -64.9071 
v 3.05314 5.93918 -64.8679 
v 3.05314 5.9365 -64.8476 
v 3.05314 5.89997 -64.9358 
v 3.05314 5.88106 -64.9436 
v 3.05314 5.91621 -64.8124 
v 3.05314 5.86076 -64.9463 
v 3.05314 5.88106 -64.7921 
v 3.05314 5.86076 -64.7894 
v 3.05314 5.82156 -64.9358 
v 3.05314 5.80532 -64.9233 
v 3.05314 5.82156 -64.7999 
v 3.05314 5.78503 -64.8882 
v 3.05314 5.79286 -64.8287 
v 3.05314 5.78503 -64.8476 
v 3.05314 5.78503 -64.8476 
v 3.05314 5.78503 -64.8882 
v 3.05314 5.78235 -64.8679 
v 3.05314 5.78503 -64.8882 
v 3.05314 5.78503 -64.8476 
v 3.05314 5.79286 -64.8287 
v 3.05314 5.78503 -64.8882 
v 3.05314 5.79286 -64.8287 
v 3.05314 5.79286 -64.9071 
v 3.05314 5.79286 -64.9071 
v 3.05314 5.79286 -64.8287 
v 3.05314 5.80532 -64.8124 
v 3.05314 5.80532 -64.9233 
v 3.05314 5.80532 -64.9233 
v 3.05314 5.80532 -64.8124 
v 3.05314 5.82156 -64.7999 
v 3.05314 5.80532 -64.9233 
v 3.05314 5.82156 -64.7999 
v 3.05314 5.82156 -64.9358 
v 3.05314 5.82156 -64.9358 
v 3.05314 5.82156 -64.7999 
v 3.05314 5.84047 -64.7921 
v 3.05314 5.82156 -64.9358 
v 3.05314 5.84047 -64.7921 
v 3.05314 5.84047 -64.9436 
v 3.05314 5.84047 -64.9436 
v 3.05314 5.84047 -64.7921 
v 3.05314 5.86076 -64.7894 
v 3.05314 5.84047 -64.9436 
v 3.05314 5.86076 -64.7894 
v 3.05314 5.86076 -64.9463 
v 3.05314 5.88106 -64.7921 
v 3.05314 5.86076 -64.9463 
v 3.05314 5.88106 -64.7921 
v 3.05314 5.88106 -64.9436 
v 3.05314 5.88106 -64.9436 
v 3.05314 5.88106 -64.7921 
v 3.05314 5.89997 -64.7999 
v 3.05314 5.88106 -64.9436 
v 3.05314 5.89997 -64.7999 
v 3.05314 5.89997 -64.9358 
v 3.05314 5.89997 -64.9358 
v 3.05314 5.89997 -64.7999 
v 3.05314 5.91621 -64.8124 
v 3.05314 5.89997 -64.9358 
v 3.05314 5.91621 -64.8124 
v 3.05314 5.91621 -64.9233 
v 3.05314 5.91621 -64.9233 
v 3.05314 5.91621 -64.8124 
v 3.05314 5.92867 -64.8287 
v 3.05314 5.91621 -64.9233 
v 3.05314 5.92867 -64.8287 
v 3.05314 5.92867 -64.9071 
v 3.05314 5.92867 -64.9071 
v 3.05314 5.92867 -64.8287 
v 3.05314 5.9365 -64.8476 
v 3.05314 5.92867 -64.9071 
v 3.05314 5.9365 -64.8476 
v 3.05314 5.9365 -64.8882 
v 3.05314 5.9365 -64.8882 
v 3.05314 5.9365 -64.8476 
v 3.05314 5.93918 -64.8679 
v -4.70001 5.78503 -64.8476 
v -4.70001 5.78235 -64.8679 
v -4.70001 5.79286 -64.8287 
v -4.70001 5.79286 -64.9071 
v -4.70001 5.80532 -64.9233 
v -4.70001 5.86076 -64.7894 
v -4.70001 5.86076 -64.9463 
v 3.05314 5.86076 -64.9463 
v 3.05314 5.86076 -64.7894 
v -4.70001 5.80532 -64.9233 
v 3.05314 5.80532 -64.9233 
v -4.70001 5.79286 -64.9071 
v 3.05314 5.79286 -64.9071 
v -4.70001 5.78503 -64.8882 
v -4.70001 5.80532 -64.8124 
v 3.05314 5.78503 -64.8882 
v 3.05314 5.80532 -64.8124 
v -4.70001 5.78235 -64.8679 
v 3.05314 5.79286 -64.8287 
v 3.05314 5.78235 -64.8679 
v -4.70001 5.79286 -64.8287 
v -4.70001 5.78503 -64.8476 
v 3.05314 5.78503 -64.8476 
v -4.70001 5.80532 -64.9233 
v -4.70001 5.84047 -64.9436 
v -4.70001 5.88106 -64.9436 
v -4.70001 5.89997 -64.9358 
v -4.70001 5.92867 -64.9071 
v -4.70001 5.93918 -64.8679 
v 3.05314 5.92867 -64.9071 
v 3.05314 5.93918 -64.8679 
v 3.05314 5.91621 -64.9233 
v -4.70001 5.91621 -64.9233 
v -4.70001 5.89997 -64.9358 
v 3.05314 5.89997 -64.9358 
v -4.70001 5.88106 -64.9436 
v 3.05314 5.88106 -64.9436 
v -4.70001 5.86076 -64.9463 
v 3.05314 5.86076 -64.9463 
v -4.70001 5.84047 -64.9436 
v 3.05314 5.84047 -64.9436 
v -4.70001 5.82156 -64.9358 
v 3.05314 5.82156 -64.9358 
v -4.70001 5.80532 -64.9233 
v 3.05314 5.80532 -64.9233 

vn -1 0 0 
vn -1 0 0 
vn -1 0 0 
vn -1 0 0 
vn -1 0 0 
vn -1 0 0 
vn -1 0 0 
vn 0 0.866142 -0.503937 
vn 0 0.968504 -0.259843 
vn 0 0.968504 -0.259843 
vn 0 1 0 
vn 0 0.866142 -0.496063 
vn 0 1 0 
vn 0 0.708661 -0.708661 
vn 0 0.968504 0.259843 
vn 0 0.708661 -0.708661 
vn 0 0.968504 0.259843 
vn 0 0.866142 0.503937 
vn 0 0.866142 0.496063 
vn 0 0.708661 0.708661 
vn 0 0.259843 -0.968504 
vn 0 0.708661 0.708661 
vn -1 0 0 
vn -1 0 0 
vn -1 0 0 
vn -1 0 0 
vn -1 0 0 
vn -1 0 0 
vn -1 0 0 
vn 0 1 0 
vn 0 0.708661 0.708661 
vn 0 0.708661 0.708661 
vn 0 0.503937 0.866142 
vn 0 0.496063 0.866142 
vn 0 0.259843 0.968504 
vn 0 0.259843 0.968504 
vn 0 0 1 
vn 0 0 1 
vn 0 -0.259843 0.968504 
vn 0 -0.708661 -0.708661 
vn 0 -0.259843 0.968504 
vn 0 -0.503937 0.866142 
vn 0 -0.503937 0.866142 
vn 0 -0.708661 0.708661 
vn 0 -0.708661 0.708661 
vn -1 0 0 
vn -1 0 0 
vn -1 0 0 
vn -1 0 0 
vn -1 0 0 
vn -1 0 0 
vn -1 0 0 
vn -1 0 0 
vn -1 0 0 
vn -1 0 0 
vn -1 0 0 
vn -1 0 0 
vn -1 0 0 
vn -1 0 0 
vn -1 0 0 
vn -1 0 0 
vn -1 0 0 
vn -1 0 0 
vn -1 0 0 
vn -1 0 0 
vn -1 0 0 
vn -1 0 0 
vn -1 0 0 
vn -1 0 0 
vn -1 0 0 
vn -1 0 0 
vn -1 0 0 
vn -1 0 0 
vn -1 0 0 
vn -1 0 0 
vn -1 0 0 
vn -1 0 0 
vn -1 0 0 
vn -1 0 0 
vn -1 0 0 
vn -1 0 0 
vn -1 0 0 
vn -1 0 0 
vn -1 0 0 
vn -1 0 0 
vn -1 0 0 
vn -1 0 0 
vn -1 0 0 
vn -1 0 0 
vn -1 0 0 
vn -1 0 0 
vn -1 0 0 
vn -1 0 0 
vn -1 0 0 
vn -1 0 0 
vn -1 0 0 
vn -1 0 0 
vn -1 0 0 
vn -1 0 0 
vn 0 0.866142 -0.503937 
vn 0 1 0 
vn 0 0.968504 0.259843 
vn 0 0.496063 -0.866142 
vn 0 0.259843 -0.968504 
vn 0 0.708661 0.708661 
vn 0 0 -1 
vn 0 0.259843 0.968504 
vn 0 0 1 
vn 0 -0.503937 -0.866142 
vn 0 -0.708661 -0.708661 
vn 0 -0.503937 0.866142 
vn 0 -0.968504 -0.259843 
vn 0 -0.866142 0.503937 
vn 0 -0.968504 0.259843 
vn -1 0 0 
vn -1 0 0 
vn -1 0 0 
vn -1 0 0 
vn -1 0 0 
vn -1 0 0 
vn -1 0 0 
vn -1 0 0 
vn -1 0 0 
vn -1 0 0 
vn -1 0 0 
vn -1 0 0 
vn -1 0 0 
vn -1 0 0 
vn -1 0 0 
vn -1 0 0 
vn -1 0 0 
vn -1 0 0 
vn -1 0 0 
vn -1 0 0 
vn -1 0 0 
vn -1 0 0 
vn -1 0 0 
vn -1 0 0 
vn -1 0 0 
vn -1 0 0 
vn -1 0 0 
vn -1 0 0 
vn -1 0 0 
vn -1 0 0 
vn -1 0 0 
vn -1 0 0 
vn -1 0 0 
vn -1 0 0 
vn -1 0 0 
vn -1 0 0 
vn -1 0 0 
vn -1 0 0 
vn -1 0 0 
vn -1 0 0 
vn -1 0 0 
vn -1 0 0 
vn -1 0 0 
vn -1 0 0 
vn -1 0 0 
vn -1 0 0 
vn -1 0 0 
vn -1 0 0 
vn -1 0 0 
vn -1 0 0 
vn -1 0 0 
vn -1 0 0 
vn -1 0 0 
vn -1 0 0 
vn -1 0 0 
vn -1 0 0 
vn -1 0 0 
vn -1 0 0 
vn -1 0 0 
vn -1 0 0 
vn -1 0 0 
vn -1 0 0 
vn -1 0 0 
vn -1 0 0 
vn -1 0 0 
vn -1 0 0 
vn -1 0 0 
vn -1 0 0 
vn -1 0 0 
vn 0 0 -1 
vn 0 0 1 
vn 0 -0.708661 -0.708661 
vn 0 -0.708661 -0.708661 
vn 0 -0.866142 -0.503937 
vn 0 -0.866142 -0.496063 
vn 0 -0.968504 -0.259843 
vn 0 -0.708661 0.708661 
vn 0 -0.968504 -0.259843 
vn 0 -0.708661 0.708661 
vn 0 -1 0 
vn 0 -0.866142 0.503937 
vn 0 -1 0 
vn 0 -0.866142 0.496063 
vn 0 -0.968504 0.259843 
vn 0 -0.968504 0.259843 
vn -1 0 0 
vn -1 0 0 
vn -1 0 0 
vn -1 0 0 
vn -1 0 0 
vn -1 0 0 
vn 0 0.866142 -0.503937 
vn 0 1 0 
vn 0 0.708661 -0.708661 
vn 0 0.708661 -0.708661 
vn 0 0.503937 -0.866142 
vn 0 0.496063 -0.866142 
vn 0 0.259843 -0.968504 
vn 0 0.259843 -0.968504 
vn 0 0 -1 
vn 0 0 -1 
vn 0 -0.259843 -0.968504 
vn 0 -0.259843 -0.968504 
vn 0 -0.496063 -0.866142 
vn 0 -0.503937 -0.866142 
vn 0 -0.708661 -0.708661 
vn 0 -0.708661 -0.708661 

vt 0.387658 0.994455 
vt 0.387658 1.00784 
vt 0.387658 0.992159 
vt 0.387658 0.993209 
vt 0.387658 1.00554 
vt 0.387658 0.996079 
vt 0.387658 1 
vt -0.387658 0.996079 
vt 0.387658 0.997971 
vt -0.387658 0.997971 
vt 0.387658 1 
vt 0.387658 0.996079 
vt -0.387658 1 
vt -0.387658 0.994455 
vt 0.387658 1.00203 
vt 0.387658 0.994455 
vt -0.387658 1.00203 
vt 0.387658 1.00392 
vt -0.387658 1.00392 
vt 0.387658 1.00554 
vt -0.387658 0.992426 
vt -0.387658 1.00554 
vt -0.387658 0.992426 
vt -0.387658 0.993209 
vt -0.387658 0.994455 
vt -0.387658 0.996079 
vt -0.387658 1 
vt -0.387658 1.00554 
vt -0.387658 1.00784 
vt 0.387658 1.00784 
vt -0.387658 1.00554 
vt 0.387658 1.00554 
vt 0.387658 1.00392 
vt -0.387658 1.00392 
vt -0.387658 1.00203 
vt 0.387658 1.00203 
vt 0.387658 1 
vt -0.387658 1 
vt 0.387658 0.997971 
vt 0.387658 0.994455 
vt -0.387658 0.997971 
vt 0.387658 0.996079 
vt -0.387658 0.996079 
vt -0.387658 0.994455 
vt 0.387658 0.994455 
vt 0.0020295 0.992426 
vt -0.0020294 0.992426 
vt 5.06381e-08 0.992159 
vt 0.00392066 0.993209 
vt -0.00392055 0.993209 
vt -0.00392055 0.993209 
vt 0.00392066 0.993209 
vt 0.00554462 0.994455 
vt -0.00392055 0.993209 
vt 0.00554462 0.994455 
vt -0.00554452 0.994455 
vt -0.00554452 0.994455 
vt 0.00554462 0.994455 
vt 0.00679074 0.996079 
vt -0.00554452 0.994455 
vt 0.00679074 0.996079 
vt -0.00679063 0.996079 
vt 0.00757408 0.997971 
vt -0.00757397 0.997971 
vt 0.00784126 1 
vt -0.00784116 1 
vt -0.00679063 0.996079 
vt 0.00679074 0.996079 
vt 0.00757408 0.997971 
vt -0.00757397 0.997971 
vt 0.00757408 0.997971 
vt 0.00784126 1 
vt -0.00784116 1 
vt 0.00784126 1 
vt 0.00757408 1.00203 
vt -0.00784116 1 
vt 0.00757408 1.00203 
vt -0.00757397 1.00203 
vt -0.00757397 1.00203 
vt 0.00757408 1.00203 
vt 0.00679074 1.00392 
vt -0.00757397 1.00203 
vt 0.00679074 1.00392 
vt -0.00679063 1.00392 
vt -0.00679063 1.00392 
vt 0.00679074 1.00392 
vt 0.00554463 1.00554 
vt -0.00679063 1.00392 
vt 0.00554463 1.00554 
vt -0.00554452 1.00554 
vt -0.00554452 1.00554 
vt 0.00554463 1.00554 
vt 0.00392066 1.00679 
vt -0.00554452 1.00554 
vt 0.00392066 1.00679 
vt -0.00392055 1.00679 
vt 0.00202951 1.00757 
vt -0.0020294 1.00757 
vt 5.29934e-08 1.00784 
vt -0.00392066 1.00679 
vt -5.06381e-08 1.00784 
vt 0.0020294 1.00757 
vt -0.00679074 1.00392 
vt -0.00757408 1.00203 
vt 0.00554452 1.00554 
vt -0.00784126 1 
vt 0.00757397 1.00203 
vt 0.00784116 1 
vt -0.00679074 0.996079 
vt -0.00554462 0.994455 
vt 0.00679063 0.996079 
vt -0.00202951 0.992426 
vt 0.00392055 0.993209 
vt 0.0020294 0.992426 
vt 0.0020294 0.992426 
vt -0.00202951 0.992426 
vt -5.4171e-08 0.992159 
vt -0.00202951 0.992426 
vt 0.0020294 0.992426 
vt 0.00392055 0.993209 
vt -0.00202951 0.992426 
vt 0.00392055 0.993209 
vt -0.00392066 0.993209 
vt -0.00392066 0.993209 
vt 0.00392055 0.993209 
vt 0.00554452 0.994455 
vt -0.00554462 0.994455 
vt -0.00554462 0.994455 
vt 0.00554452 0.994455 
vt 0.00679063 0.996079 
vt -0.00554462 0.994455 
vt 0.00679063 0.996079 
vt -0.00679074 0.996079 
vt -0.00679074 0.996079 
vt 0.00679063 0.996079 
vt 0.00757397 0.997971 
vt -0.00679074 0.996079 
vt 0.00757397 0.997971 
vt -0.00757408 0.997971 
vt -0.00757408 0.997971 
vt 0.00757397 0.997971 
vt 0.00784116 1 
vt -0.00757408 0.997971 
vt 0.00784116 1 
vt -0.00784126 1 
vt 0.00757397 1.00203 
vt -0.00784126 1 
vt 0.00757397 1.00203 
vt -0.00757408 1.00203 
vt -0.00757408 1.00203 
vt 0.00757397 1.00203 
vt 0.00679063 1.00392 
vt -0.00757408 1.00203 
vt 0.00679063 1.00392 
vt -0.00679074 1.00392 
vt -0.00679074 1.00392 
vt 0.00679063 1.00392 
vt 0.00554452 1.00554 
vt -0.00679074 1.00392 
vt 0.00554452 1.00554 
vt -0.00554462 1.00554 
vt -0.00554462 1.00554 
vt 0.00554452 1.00554 
vt 0.00392055 1.00679 
vt -0.00554462 1.00554 
vt 0.00392055 1.00679 
vt -0.00392066 1.00679 
vt -0.00392066 1.00679 
vt 0.00392055 1.00679 
vt 0.0020294 1.00757 
vt -0.00392066 1.00679 
vt 0.0020294 1.00757 
vt -0.00202951 1.00757 
vt -0.00202951 1.00757 
vt 0.0020294 1.00757 
vt -5.06381e-08 1.00784 
vt -0.387658 1.00203 
vt -0.387658 1 
vt -0.387658 1.00392 
vt -0.387658 0.996079 
vt -0.387658 0.994455 
vt -0.387658 1.00784 
vt -0.387658 0.992159 
vt 0.387658 0.992159 
vt 0.387658 1.00784 
vt -0.387658 0.994455 
vt 0.387658 0.994455 
vt -0.387658 0.996079 
vt 0.387658 0.996079 
vt -0.387658 0.997971 
vt -0.387658 1.00554 
vt 0.387658 0.997971 
vt 0.387658 1.00554 
vt -0.387658 1 
vt 0.387658 1.00392 
vt 0.387658 1 
vt -0.387658 1.00392 
vt -0.387658 1.00203 
vt 0.387658 1.00203 
vt 0.387658 0.994455 
vt 0.387658 0.997971 
vt 0.387658 1.00203 
vt 0.387658 1.00392 
vt 0.387658 1.00679 
vt 0.387658 1.00784 
vt -0.387658 1.00679 
vt -0.387658 1.00784 
vt -0.387658 1.00554 
vt 0.387658 1.00554 
vt 0.387658 1.00392 
vt -0.387658 1.00392 
vt 0.387658 1.00203 
vt -0.387658 1.00203 
vt 0.387658 1 
vt -0.387658 1 
vt 0.387658 0.997971 
vt -0.387658 0.997971 
vt 0.387658 0.996079 
vt -0.387658 0.996079 
vt 0.387658 0.994455 
vt -0.387658 0.994455 

usemtl C391Mtl

f 3740/3740/3740 3741/3741/3741 3742/3742/3742 
f 3743/3743/3743 3742/3742/3742 3741/3741/3741 
f 3741/3741/3741 3740/3740/3740 3744/3744/3744 
f 3742/3742/3742 3743/3743/3743 3745/3745/3745 
f 3746/3746/3746 3744/3744/3744 3740/3740/3740 
f 3747/3747/3747 3745/3745/3745 3743/3743/3743 
f 3744/3744/3744 3746/3746/3746 3748/3748/3748 
f 3745/3745/3745 3747/3747/3747 3749/3749/3749 
f 3750/3750/3750 3749/3749/3749 3747/3747/3747 
f 3749/3749/3749 3750/3750/3750 3751/3751/3751 
f 3752/3752/3752 3751/3751/3751 3750/3750/3750 
f 3751/3751/3751 3752/3752/3752 3754/3754/3754 
f 3763/3763/3763 3765/3765/3765 3764/3764/3764 
f 3765/3765/3765 3763/3763/3763 3766/3766/3766 
f 3767/3767/3767 3765/3765/3765 3766/3766/3766 
f 3765/3765/3765 3767/3767/3767 3768/3768/3768 
f 3767/3767/3767 3769/3769/3769 3768/3768/3768 
f 3769/3769/3769 3767/3767/3767 3770/3770/3770 
f 3770/3770/3770 3771/3771/3771 3769/3769/3769 
f 3771/3771/3771 3770/3770/3770 3773/3773/3773 
f 3773/3773/3773 3774/3774/3774 3771/3771/3771 
f 3774/3774/3774 3773/3773/3773 3775/3775/3775 
f 3776/3776/3776 3774/3774/3774 3775/3775/3775 
f 3774/3774/3774 3776/3776/3776 3777/3777/3777 
f 3778/3778/3778 3779/3779/3779 3780/3780/3780 
f 3779/3779/3779 3778/3778/3778 3781/3781/3781 
f 3779/3779/3779 3781/3781/3781 3782/3782/3782 
f 3783/3783/3783 3784/3784/3784 3785/3785/3785 
f 3786/3786/3786 3787/3787/3787 3788/3788/3788 
f 3789/3789/3789 3790/3790/3790 3791/3791/3791 
f 3792/3792/3792 3793/3793/3793 3794/3794/3794 
f 3794/3794/3794 3795/3795/3795 3796/3796/3796 
f 3796/3796/3796 3797/3797/3797 3798/3798/3798 
f 3799/3799/3799 3800/3800/3800 3801/3801/3801 
f 3802/3802/3802 3803/3803/3803 3804/3804/3804 
f 3805/3805/3805 3806/3806/3806 3807/3807/3807 
f 3808/3808/3808 3809/3809/3809 3810/3810/3810 
f 3811/3811/3811 3812/3812/3812 3813/3813/3813 
f 3814/3814/3814 3815/3815/3815 3816/3816/3816 
f 3817/3817/3817 3818/3818/3818 3819/3819/3819 
f 3820/3820/3820 3821/3821/3821 3822/3822/3822 
f 3823/3823/3823 3824/3824/3824 3825/3825/3825 
f 3826/3826/3826 3827/3827/3827 3828/3828/3828 
f 3828/3828/3828 3827/3827/3827 3829/3829/3829 
f 3828/3828/3828 3829/3829/3829 3830/3830/3830 
f 3830/3830/3830 3829/3829/3829 3831/3831/3831 
f 3847/3847/3847 3848/3848/3848 3849/3849/3849 
f 3850/3850/3850 3851/3851/3851 3852/3852/3852 
f 3853/3853/3853 3854/3854/3854 3855/3855/3855 
f 3856/3856/3856 3857/3857/3857 3858/3858/3858 
f 3856/3856/3856 3858/3858/3858 3859/3859/3859 
f 3860/3860/3860 3861/3861/3861 3862/3862/3862 
f 3863/3863/3863 3864/3864/3864 3865/3865/3865 
f 3866/3866/3866 3867/3867/3867 3868/3868/3868 
f 3869/3869/3869 3870/3870/3870 3871/3871/3871 
f 3872/3872/3872 3873/3873/3873 3874/3874/3874 
f 3875/3875/3875 3876/3876/3876 3877/3877/3877 
f 3877/3877/3877 3876/3876/3876 3878/3878/3878 
f 3879/3879/3879 3880/3880/3880 3881/3881/3881 
f 3882/3882/3882 3883/3883/3883 3884/3884/3884 
f 3885/3885/3885 3886/3886/3886 3887/3887/3887 
f 3888/3888/3888 3889/3889/3889 3890/3890/3890 
f 3891/3891/3891 3892/3892/3892 3893/3893/3893 
f 3894/3894/3894 3895/3895/3895 3896/3896/3896 
f 3897/3897/3897 3898/3898/3898 3899/3899/3899 
f 3900/3900/3900 3901/3901/3901 3902/3902/3902 
f 3903/3903/3903 3904/3904/3904 3905/3905/3905 
f 3906/3906/3906 3907/3907/3907 3908/3908/3908 
f 3919/3919/3919 3920/3920/3920 3918/3918/3918 
f 3920/3920/3920 3919/3919/3919 3921/3921/3921 
f 3921/3921/3921 3922/3922/3922 3920/3920/3920 
f 3922/3922/3922 3921/3921/3921 3924/3924/3924 
f 3924/3924/3924 3926/3926/3926 3922/3922/3922 
f 3923/3923/3923 3927/3927/3927 3925/3925/3925 
f 3926/3926/3926 3924/3924/3924 3928/3928/3928 
f 3927/3927/3927 3923/3923/3923 3929/3929/3929 
f 3928/3928/3928 3930/3930/3930 3926/3926/3926 
f 3929/3929/3929 3931/3931/3931 3927/3927/3927 
f 3930/3930/3930 3928/3928/3928 3931/3931/3931 
f 3930/3930/3930 3931/3931/3931 3929/3929/3929 
f 3940/3940/3940 3942/3942/3942 3941/3941/3941 
f 3942/3942/3942 3940/3940/3940 3943/3943/3943 
f 3943/3943/3943 3944/3944/3944 3942/3942/3942 
f 3944/3944/3944 3943/3943/3943 3945/3945/3945 
f 3945/3945/3945 3946/3946/3946 3944/3944/3944 
f 3946/3946/3946 3945/3945/3945 3947/3947/3947 
f 3947/3947/3947 3948/3948/3948 3946/3946/3946 
f 3948/3948/3948 3947/3947/3947 3949/3949/3949 
f 3949/3949/3949 3950/3950/3950 3948/3948/3948 
f 3950/3950/3950 3949/3949/3949 3951/3951/3951 
f 3951/3951/3951 3952/3952/3952 3950/3950/3950 
f 3952/3952/3952 3951/3951/3951 3953/3953/3953 

g C3910

v 2.97113 6.18735 -64.9233 
v 3.02658 6.18735 -64.7894 
v 3.02658 6.18735 -64.9463 
v 3.06578 6.18735 -64.9358 
v 3.08202 6.18735 -64.8124 
v 3.09448 6.18735 -64.9071 
v 3.10499 6.18735 -64.8679 
v 3.09448 -0.165805 -64.9071 
v 3.10231 6.18735 -64.8881 
v 3.10231 -0.165805 -64.8881 
v 3.10499 6.18735 -64.8679 
v 3.09448 6.18735 -64.9071 
v 3.10499 -0.165805 -64.8679 
v 3.08202 -0.165805 -64.9233 
v 3.10231 6.18735 -64.8476 
v 3.08202 6.18735 -64.9233 
v 3.10231 -0.165805 -64.8476 
v 3.09448 6.18735 -64.8286 
v 3.09448 -0.165805 -64.8286 
v 3.08202 6.18735 -64.8124 
v 3.04687 -0.165805 -64.9436 
v 3.08202 -0.165805 -64.8124 
v 2.95084 6.18735 -64.8476 
v 2.95867 6.18735 -64.8286 
v 2.97113 6.18735 -64.9233 
v 2.98737 6.18735 -64.7999 
v 3.02658 6.18735 -64.7894 
v 3.08202 6.18735 -64.8124 
v 3.10499 6.18735 -64.8679 
v 3.10499 -0.165805 -64.8679 
v 3.08202 6.18735 -64.8124 
v 3.08202 -0.165805 -64.8124 
v 3.06578 -0.165805 -64.7999 
v 3.06578 6.18735 -64.7999 
v 3.04687 6.18735 -64.7921 
v 3.04687 -0.165805 -64.7921 
v 3.02658 -0.165805 -64.7894 
v 3.02658 6.18735 -64.7894 
v 3.00628 -0.165805 -64.7921 
v 2.97113 -0.165805 -64.9233 
v 3.00628 6.18735 -64.7921 
v 2.98737 -0.165805 -64.7999 
v 2.98737 6.18735 -64.7999 
v 2.97113 6.18735 -64.8124 
v 2.97113 -0.165805 -64.8124 
v 2.95084 6.18735 -64.8476 
v 2.95084 6.18735 -64.8881 
v 2.94816 6.18735 -64.8679 
v 2.95867 6.18735 -64.8286 
v 2.95867 6.18735 -64.9071 
v 2.95867 6.18735 -64.9071 
v 2.95867 6.18735 -64.8286 
v 2.97113 6.18735 -64.8124 
v 2.95867 6.18735 -64.9071 
v 2.97113 6.18735 -64.8124 
v 2.97113 6.18735 -64.9233 
v 2.97113 6.18735 -64.9233 
v 2.97113 6.18735 -64.8124 
v 2.98737 6.18735 -64.7999 
v 2.97113 6.18735 -64.9233 
v 2.98737 6.18735 -64.7999 
v 2.98737 6.18735 -64.9358 
v 3.00628 6.18735 -64.7921 
v 3.00628 6.18735 -64.9436 
v 3.02658 6.18735 -64.7894 
v 3.02658 6.18735 -64.9463 
v 2.98737 6.18735 -64.9358 
v 2.98737 6.18735 -64.7999 
v 3.00628 6.18735 -64.7921 
v 3.00628 6.18735 -64.9436 
v 3.00628 6.18735 -64.7921 
v 3.02658 6.18735 -64.7894 
v 3.02658 6.18735 -64.9463 
v 3.02658 6.18735 -64.7894 
v 3.04687 6.18735 -64.7921 
v 3.02658 6.18735 -64.9463 
v 3.04687 6.18735 -64.7921 
v 3.04687 6.18735 -64.9436 
v 3.04687 6.18735 -64.9436 
v 3.04687 6.18735 -64.7921 
v 3.06578 6.18735 -64.7999 
v 3.04687 6.18735 -64.9436 
v 3.06578 6.18735 -64.7999 
v 3.06578 6.18735 -64.9358 
v 3.06578 6.18735 -64.9358 
v 3.06578 6.18735 -64.7999 
v 3.08202 6.18735 -64.8124 
v 3.06578 6.18735 -64.9358 
v 3.08202 6.18735 -64.8124 
v 3.08202 6.18735 -64.9233 
v 3.08202 6.18735 -64.9233 
v 3.08202 6.18735 -64.8124 
v 3.09448 6.18735 -64.8286 
v 3.08202 6.18735 -64.9233 
v 3.09448 6.18735 -64.8286 
v 3.09448 6.18735 -64.9071 
v 3.10231 6.18735 -64.8476 
v 3.10231 6.18735 -64.8881 
v 3.10499 6.18735 -64.8679 
v 3.09448 -0.165805 -64.9071 
v 3.10499 -0.165805 -64.8679 
v 3.10231 -0.165805 -64.8476 
v 3.06578 -0.165805 -64.9358 
v 3.04687 -0.165805 -64.9436 
v 3.08202 -0.165805 -64.8124 
v 3.02658 -0.165805 -64.9463 
v 3.04687 -0.165805 -64.7921 
v 3.02658 -0.165805 -64.7894 
v 2.98737 -0.165805 -64.9358 
v 2.97113 -0.165805 -64.9233 
v 2.98737 -0.165805 -64.7999 
v 2.95084 -0.165805 -64.8881 
v 2.95867 -0.165805 -64.8286 
v 2.95084 -0.165805 -64.8476 
v 2.95084 -0.165805 -64.8476 
v 2.95084 -0.165805 -64.8881 
v 2.94816 -0.165805 -64.8679 
v 2.95084 -0.165805 -64.8881 
v 2.95084 -0.165805 -64.8476 
v 2.95867 -0.165805 -64.8286 
v 2.95084 -0.165805 -64.8881 
v 2.95867 -0.165805 -64.8286 
v 2.95867 -0.165805 -64.9071 
v 2.95867 -0.165805 -64.9071 
v 2.95867 -0.165805 -64.8286 
v 2.97113 -0.165805 -64.8124 
v 2.97113 -0.165805 -64.9233 
v 2.97113 -0.165805 -64.9233 
v 2.97113 -0.165805 -64.8124 
v 2.98737 -0.165805 -64.7999 
v 2.97113 -0.165805 -64.9233 
v 2.98737 -0.165805 -64.7999 
v 2.98737 -0.165805 -64.9358 
v 2.98737 -0.165805 -64.9358 
v 2.98737 -0.165805 -64.7999 
v 3.00628 -0.165805 -64.7921 
v 2.98737 -0.165805 -64.9358 
v 3.00628 -0.165805 -64.7921 
v 3.00628 -0.165805 -64.9436 
v 3.00628 -0.165805 -64.9436 
v 3.00628 -0.165805 -64.7921 
v 3.02658 -0.165805 -64.7894 
v 3.00628 -0.165805 -64.9436 
v 3.02658 -0.165805 -64.7894 
v 3.02658 -0.165805 -64.9463 
v 3.04687 -0.165805 -64.7921 
v 3.02658 -0.165805 -64.9463 
v 3.04687 -0.165805 -64.7921 
v 3.04687 -0.165805 -64.9436 
v 3.04687 -0.165805 -64.9436 
v 3.04687 -0.165805 -64.7921 
v 3.06578 -0.165805 -64.7999 
v 3.04687 -0.165805 -64.9436 
v 3.06578 -0.165805 -64.7999 
v 3.06578 -0.165805 -64.9358 
v 3.06578 -0.165805 -64.9358 
v 3.06578 -0.165805 -64.7999 
v 3.08202 -0.165805 -64.8124 
v 3.06578 -0.165805 -64.9358 
v 3.08202 -0.165805 -64.8124 
v 3.08202 -0.165805 -64.9233 
v 3.08202 -0.165805 -64.9233 
v 3.08202 -0.165805 -64.8124 
v 3.09448 -0.165805 -64.8286 
v 3.08202 -0.165805 -64.9233 
v 3.09448 -0.165805 -64.8286 
v 3.09448 -0.165805 -64.9071 
v 3.09448 -0.165805 -64.9071 
v 3.09448 -0.165805 -64.8286 
v 3.10231 -0.165805 -64.8476 
v 3.09448 -0.165805 -64.9071 
v 3.10231 -0.165805 -64.8476 
v 3.10231 -0.165805 -64.8881 
v 3.10231 -0.165805 -64.8881 
v 3.10231 -0.165805 -64.8476 
v 3.10499 -0.165805 -64.8679 
v 2.95084 6.18735 -64.8476 
v 2.94816 6.18735 -64.8679 
v 2.95867 6.18735 -64.8286 
v 2.95867 6.18735 -64.9071 
v 2.97113 6.18735 -64.9233 
v 3.02658 6.18735 -64.7894 
v 3.02658 6.18735 -64.9463 
v 3.02658 -0.165805 -64.9463 
v 3.02658 -0.165805 -64.7894 
v 2.97113 6.18735 -64.9233 
v 2.97113 -0.165805 -64.9233 
v 2.95867 6.18735 -64.9071 
v 2.95867 -0.165805 -64.9071 
v 2.95084 6.18735 -64.8881 
v 2.97113 6.18735 -64.8124 
v 2.95084 -0.165805 -64.8881 
v 2.97113 -0.165805 -64.8124 
v 2.94816 6.18735 -64.8679 
v 2.95867 -0.165805 -64.8286 
v 2.94816 -0.165805 -64.8679 
v 2.95867 6.18735 -64.8286 
v 2.95084 6.18735 -64.8476 
v 2.95084 -0.165805 -64.8476 
v 2.97113 6.18735 -64.9233 
v 3.00628 6.18735 -64.9436 
v 3.04687 6.18735 -64.9436 
v 3.06578 6.18735 -64.9358 
v 3.09448 6.18735 -64.9071 
v 3.10499 6.18735 -64.8679 
v 3.09448 -0.165805 -64.9071 
v 3.10499 -0.165805 -64.8679 
v 3.08202 -0.165805 -64.9233 
v 3.08202 6.18735 -64.9233 
v 3.06578 6.18735 -64.9358 
v 3.06578 -0.165805 -64.9358 
v 3.04687 6.18735 -64.9436 
v 3.04687 -0.165805 -64.9436 
v 3.02658 6.18735 -64.9463 
v 3.02658 -0.165805 -64.9463 
v 3.00628 6.18735 -64.9436 
v 3.00628 -0.165805 -64.9436 
v 2.98737 6.18735 -64.9358 
v 2.98737 -0.165805 -64.9358 
v 2.97113 6.18735 -64.9233 
v 2.97113 -0.165805 -64.9233 

vn 0 1 0 
vn 0 1 0 
vn 0 1 0 
vn 0 1 0 
vn 0 1 0 
vn 0 1 0 
vn 0 1 0 
vn 0.866142 0 -0.503937 
vn 0.968504 0 -0.259843 
vn 0.968504 0 -0.259843 
vn 1 0 0 
vn 0.866142 0 -0.496063 
vn 1 0 0 
vn 0.708661 0 -0.708661 
vn 0.968504 0 0.259843 
vn 0.708661 0 -0.708661 
vn 0.968504 0 0.259843 
vn 0.866142 0 0.503937 
vn 0.866142 0 0.496063 
vn 0.708661 0 0.708661 
vn 0.259843 0 -0.968504 
vn 0.708661 0 0.708661 
vn 0 1 0 
vn 0 1 0 
vn 0 1 0 
vn 0 1 0 
vn 0 1 0 
vn 0 1 0 
vn 0 1 0 
vn 1 0 0 
vn 0.708661 0 0.708661 
vn 0.708661 0 0.708661 
vn 0.503937 0 0.866142 
vn 0.496063 0 0.866142 
vn 0.259843 0 0.968504 
vn 0.259843 0 0.968504 
vn 0 0 1 
vn 0 0 1 
vn -0.259843 0 0.968504 
vn -0.708661 0 -0.708661 
vn -0.259843 0 0.968504 
vn -0.503937 0 0.866142 
vn -0.503937 0 0.866142 
vn -0.708661 0 0.708661 
vn -0.708661 0 0.708661 
vn 0 1 0 
vn 0 1 0 
vn 0 1 0 
vn 0 1 0 
vn 0 1 0 
vn 0 1 0 
vn 0 1 0 
vn 0 1 0 
vn 0 1 0 
vn 0 1 0 
vn 0 1 0 
vn 0 1 0 
vn 0 1 0 
vn 0 1 0 
vn 0 1 0 
vn 0 1 0 
vn 0 1 0 
vn 0 1 0 
vn 0 1 0 
vn 0 1 0 
vn 0 1 0 
vn 0 1 0 
vn 0 1 0 
vn 0 1 0 
vn 0 1 0 
vn 0 1 0 
vn 0 1 0 
vn 0 1 0 
vn 0 1 0 
vn 0 1 0 
vn 0 1 0 
vn 0 1 0 
vn 0 1 0 
vn 0 1 0 
vn 0 1 0 
vn 0 1 0 
vn 0 1 0 
vn 0 1 0 
vn 0 1 0 
vn 0 1 0 
vn 0 1 0 
vn 0 1 0 
vn 0 1 0 
vn 0 1 0 
vn 0 1 0 
vn 0 1 0 
vn 0 1 0 
vn 0 1 0 
vn 0 1 0 
vn 0 1 0 
vn 0 1 0 
vn 0 1 0 
vn 0 1 0 
vn 0 1 0 
vn 0.866142 0 -0.503937 
vn 1 0 0 
vn 0.968504 0 0.259843 
vn 0.496063 0 -0.866142 
vn 0.259843 0 -0.968504 
vn 0.708661 0 0.708661 
vn 0 0 -1 
vn 0.259843 0 0.968504 
vn 0 0 1 
vn -0.503937 0 -0.866142 
vn -0.708661 0 -0.708661 
vn -0.503937 0 0.866142 
vn -0.968504 0 -0.259843 
vn -0.866142 0 0.503937 
vn -0.968504 0 0.259843 
vn 0 1 0 
vn 0 1 0 
vn 0 1 0 
vn 0 1 0 
vn 0 1 0 
vn 0 1 0 
vn 0 1 0 
vn 0 1 0 
vn 0 1 0 
vn 0 1 0 
vn 0 1 0 
vn 0 1 0 
vn 0 1 0 
vn 0 1 0 
vn 0 1 0 
vn 0 1 0 
vn 0 1 0 
vn 0 1 0 
vn 0 1 0 
vn 0 1 0 
vn 0 1 0 
vn 0 1 0 
vn 0 1 0 
vn 0 1 0 
vn 0 1 0 
vn 0 1 0 
vn 0 1 0 
vn 0 1 0 
vn 0 1 0 
vn 0 1 0 
vn 0 1 0 
vn 0 1 0 
vn 0 1 0 
vn 0 1 0 
vn 0 1 0 
vn 0 1 0 
vn 0 1 0 
vn 0 1 0 
vn 0 1 0 
vn 0 1 0 
vn 0 1 0 
vn 0 1 0 
vn 0 1 0 
vn 0 1 0 
vn 0 1 0 
vn 0 1 0 
vn 0 1 0 
vn 0 1 0 
vn 0 1 0 
vn 0 1 0 
vn 0 1 0 
vn 0 1 0 
vn 0 1 0 
vn 0 1 0 
vn 0 1 0 
vn 0 1 0 
vn 0 1 0 
vn 0 1 0 
vn 0 1 0 
vn 0 1 0 
vn 0 1 0 
vn 0 1 0 
vn 0 1 0 
vn 0 1 0 
vn 0 1 0 
vn 0 1 0 
vn 0 1 0 
vn 0 1 0 
vn 0 1 0 
vn 0 0 -1 
vn 0 0 1 
vn -0.708661 0 -0.708661 
vn -0.708661 0 -0.708661 
vn -0.866142 0 -0.503937 
vn -0.866142 0 -0.496063 
vn -0.968504 0 -0.259843 
vn -0.708661 0 0.708661 
vn -0.968504 0 -0.259843 
vn -0.708661 0 0.708661 
vn -1 0 0 
vn -0.866142 0 0.503937 
vn -1 0 0 
vn -0.866142 0 0.496063 
vn -0.968504 0 0.259843 
vn -0.968504 0 0.259843 
vn 0 1 0 
vn 0 1 0 
vn 0 1 0 
vn 0 1 0 
vn 0 1 0 
vn 0 1 0 
vn 0.866142 0 -0.503937 
vn 1 0 0 
vn 0.708661 0 -0.708661 
vn 0.708661 0 -0.708661 
vn 0.503937 0 -0.866142 
vn 0.496063 0 -0.866142 
vn 0.259843 0 -0.968504 
vn 0.259843 0 -0.968504 
vn 0 0 -1 
vn 0 0 -1 
vn -0.259843 0 -0.968504 
vn -0.259843 0 -0.968504 
vn -0.496063 0 -0.866142 
vn -0.503937 0 -0.866142 
vn -0.708661 0 -0.708661 
vn -0.708661 0 -0.708661 

vt 0.317658 0.994455 
vt 0.317658 1.00784 
vt 0.317658 0.992159 
vt 0.317658 0.993209 
vt 0.317658 1.00554 
vt 0.317658 0.996079 
vt 0.317658 1 
vt -0.317658 0.996079 
vt 0.317658 0.997971 
vt -0.317658 0.997971 
vt 0.317658 1 
vt 0.317658 0.996079 
vt -0.317658 1 
vt -0.317658 0.994455 
vt 0.317658 1.00203 
vt 0.317658 0.994455 
vt -0.317658 1.00203 
vt 0.317658 1.00392 
vt -0.317658 1.00392 
vt 0.317658 1.00554 
vt -0.317658 0.992426 
vt -0.317658 1.00554 
vt -0.317658 0.992426 
vt -0.317658 0.993209 
vt -0.317658 0.994455 
vt -0.317658 0.996079 
vt -0.317658 1 
vt -0.317658 1.00554 
vt -0.317658 1.00784 
vt 0.317658 1.00784 
vt -0.317658 1.00554 
vt 0.317658 1.00554 
vt 0.317658 1.00392 
vt -0.317658 1.00392 
vt -0.317658 1.00203 
vt 0.317658 1.00203 
vt 0.317658 1 
vt -0.317658 1 
vt 0.317658 0.997971 
vt 0.317658 0.994455 
vt -0.317658 0.997971 
vt 0.317658 0.996079 
vt -0.317658 0.996079 
vt -0.317658 0.994455 
vt 0.317658 0.994455 
vt 0.0020295 0.992426 
vt -0.0020294 0.992426 
vt 5.06381e-08 0.992159 
vt 0.00392066 0.993209 
vt -0.00392055 0.993209 
vt -0.00392055 0.993209 
vt 0.00392066 0.993209 
vt 0.00554462 0.994455 
vt -0.00392055 0.993209 
vt 0.00554462 0.994455 
vt -0.00554452 0.994455 
vt -0.00554452 0.994455 
vt 0.00554462 0.994455 
vt 0.00679074 0.996079 
vt -0.00554452 0.994455 
vt 0.00679074 0.996079 
vt -0.00679063 0.996079 
vt 0.00757408 0.997971 
vt -0.00757397 0.997971 
vt 0.00784126 1 
vt -0.00784116 1 
vt -0.00679063 0.996079 
vt 0.00679074 0.996079 
vt 0.00757408 0.997971 
vt -0.00757397 0.997971 
vt 0.00757408 0.997971 
vt 0.00784126 1 
vt -0.00784116 1 
vt 0.00784126 1 
vt 0.00757408 1.00203 
vt -0.00784116 1 
vt 0.00757408 1.00203 
vt -0.00757397 1.00203 
vt -0.00757397 1.00203 
vt 0.00757408 1.00203 
vt 0.00679074 1.00392 
vt -0.00757397 1.00203 
vt 0.00679074 1.00392 
vt -0.00679063 1.00392 
vt -0.00679063 1.00392 
vt 0.00679074 1.00392 
vt 0.00554463 1.00554 
vt -0.00679063 1.00392 
vt 0.00554463 1.00554 
vt -0.00554452 1.00554 
vt -0.00554452 1.00554 
vt 0.00554463 1.00554 
vt 0.00392066 1.00679 
vt -0.00554452 1.00554 
vt 0.00392066 1.00679 
vt -0.00392055 1.00679 
vt 0.00202951 1.00757 
vt -0.0020294 1.00757 
vt 5.29934e-08 1.00784 
vt -0.00392066 1.00679 
vt -5.06381e-08 1.00784 
vt 0.0020294 1.00757 
vt -0.00679074 1.00392 
vt -0.00757408 1.00203 
vt 0.00554452 1.00554 
vt -0.00784126 1 
vt 0.00757397 1.00203 
vt 0.00784116 1 
vt -0.00679074 0.996079 
vt -0.00554462 0.994455 
vt 0.00679063 0.996079 
vt -0.00202951 0.992426 
vt 0.00392055 0.993209 
vt 0.0020294 0.992426 
vt 0.0020294 0.992426 
vt -0.00202951 0.992426 
vt -5.4171e-08 0.992159 
vt -0.00202951 0.992426 
vt 0.0020294 0.992426 
vt 0.00392055 0.993209 
vt -0.00202951 0.992426 
vt 0.00392055 0.993209 
vt -0.00392066 0.993209 
vt -0.00392066 0.993209 
vt 0.00392055 0.993209 
vt 0.00554452 0.994455 
vt -0.00554462 0.994455 
vt -0.00554462 0.994455 
vt 0.00554452 0.994455 
vt 0.00679063 0.996079 
vt -0.00554462 0.994455 
vt 0.00679063 0.996079 
vt -0.00679074 0.996079 
vt -0.00679074 0.996079 
vt 0.00679063 0.996079 
vt 0.00757397 0.997971 
vt -0.00679074 0.996079 
vt 0.00757397 0.997971 
vt -0.00757408 0.997971 
vt -0.00757408 0.997971 
vt 0.00757397 0.997971 
vt 0.00784116 1 
vt -0.00757408 0.997971 
vt 0.00784116 1 
vt -0.00784126 1 
vt 0.00757397 1.00203 
vt -0.00784126 1 
vt 0.00757397 1.00203 
vt -0.00757408 1.00203 
vt -0.00757408 1.00203 
vt 0.00757397 1.00203 
vt 0.00679063 1.00392 
vt -0.00757408 1.00203 
vt 0.00679063 1.00392 
vt -0.00679074 1.00392 
vt -0.00679074 1.00392 
vt 0.00679063 1.00392 
vt 0.00554452 1.00554 
vt -0.00679074 1.00392 
vt 0.00554452 1.00554 
vt -0.00554462 1.00554 
vt -0.00554462 1.00554 
vt 0.00554452 1.00554 
vt 0.00392055 1.00679 
vt -0.00554462 1.00554 
vt 0.00392055 1.00679 
vt -0.00392066 1.00679 
vt -0.00392066 1.00679 
vt 0.00392055 1.00679 
vt 0.0020294 1.00757 
vt -0.00392066 1.00679 
vt 0.0020294 1.00757 
vt -0.00202951 1.00757 
vt -0.00202951 1.00757 
vt 0.0020294 1.00757 
vt -5.06381e-08 1.00784 
vt -0.317658 1.00203 
vt -0.317658 1 
vt -0.317658 1.00392 
vt -0.317658 0.996079 
vt -0.317658 0.994455 
vt -0.317658 1.00784 
vt -0.317658 0.992159 
vt 0.317658 0.992159 
vt 0.317658 1.00784 
vt -0.317658 0.994455 
vt 0.317658 0.994455 
vt -0.317658 0.996079 
vt 0.317658 0.996079 
vt -0.317658 0.997971 
vt -0.317658 1.00554 
vt 0.317658 0.997971 
vt 0.317658 1.00554 
vt -0.317658 1 
vt 0.317658 1.00392 
vt 0.317658 1 
vt -0.317658 1.00392 
vt -0.317658 1.00203 
vt 0.317658 1.00203 
vt 0.317658 0.994455 
vt 0.317658 0.997971 
vt 0.317658 1.00203 
vt 0.317658 1.00392 
vt 0.317658 1.00679 
vt 0.317658 1.00784 
vt -0.317658 1.00679 
vt -0.317658 1.00784 
vt -0.317658 1.00554 
vt 0.317658 1.00554 
vt 0.317658 1.00392 
vt -0.317658 1.00392 
vt 0.317658 1.00203 
vt -0.317658 1.00203 
vt 0.317658 1 
vt -0.317658 1 
vt 0.317658 0.997971 
vt -0.317658 0.997971 
vt 0.317658 0.996079 
vt -0.317658 0.996079 
vt 0.317658 0.994455 
vt -0.317658 0.994455 

usemtl C391Mtl

f 3961/3961/3961 3962/3962/3962 3963/3963/3963 
f 3964/3964/3964 3963/3963/3963 3962/3962/3962 
f 3962/3962/3962 3961/3961/3961 3965/3965/3965 
f 3963/3963/3963 3964/3964/3964 3966/3966/3966 
f 3967/3967/3967 3965/3965/3965 3961/3961/3961 
f 3968/3968/3968 3966/3966/3966 3964/3964/3964 
f 3965/3965/3965 3967/3967/3967 3969/3969/3969 
f 3966/3966/3966 3968/3968/3968 3970/3970/3970 
f 3971/3971/3971 3970/3970/3970 3968/3968/3968 
f 3970/3970/3970 3971/3971/3971 3972/3972/3972 
f 3973/3973/3973 3972/3972/3972 3971/3971/3971 
f 3972/3972/3972 3973/3973/3973 3975/3975/3975 
f 3984/3984/3984 3986/3986/3986 3985/3985/3985 
f 3986/3986/3986 3984/3984/3984 3987/3987/3987 
f 3988/3988/3988 3986/3986/3986 3987/3987/3987 
f 3986/3986/3986 3988/3988/3988 3989/3989/3989 
f 3988/3988/3988 3990/3990/3990 3989/3989/3989 
f 3990/3990/3990 3988/3988/3988 3991/3991/3991 
f 3991/3991/3991 3992/3992/3992 3990/3990/3990 
f 3992/3992/3992 3991/3991/3991 3994/3994/3994 
f 3994/3994/3994 3995/3995/3995 3992/3992/3992 
f 3995/3995/3995 3994/3994/3994 3996/3996/3996 
f 3997/3997/3997 3995/3995/3995 3996/3996/3996 
f 3995/3995/3995 3997/3997/3997 3998/3998/3998 
f 3999/3999/3999 4000/4000/4000 4001/4001/4001 
f 4000/4000/4000 3999/3999/3999 4002/4002/4002 
f 4000/4000/4000 4002/4002/4002 4003/4003/4003 
f 4004/4004/4004 4005/4005/4005 4006/4006/4006 
f 4007/4007/4007 4008/4008/4008 4009/4009/4009 
f 4010/4010/4010 4011/4011/4011 4012/4012/4012 
f 4013/4013/4013 4014/4014/4014 4015/4015/4015 
f 4015/4015/4015 4016/4016/4016 4017/4017/4017 
f 4017/4017/4017 4018/4018/4018 4019/4019/4019 
f 4020/4020/4020 4021/4021/4021 4022/4022/4022 
f 4023/4023/4023 4024/4024/4024 4025/4025/4025 
f 4026/4026/4026 4027/4027/4027 4028/4028/4028 
f 4029/4029/4029 4030/4030/4030 4031/4031/4031 
f 4032/4032/4032 4033/4033/4033 4034/4034/4034 
f 4035/4035/4035 4036/4036/4036 4037/4037/4037 
f 4038/4038/4038 4039/4039/4039 4040/4040/4040 
f 4041/4041/4041 4042/4042/4042 4043/4043/4043 
f 4044/4044/4044 4045/4045/4045 4046/4046/4046 
f 4047/4047/4047 4048/4048/4048 4049/4049/4049 
f 4049/4049/4049 4048/4048/4048 4050/4050/4050 
f 4049/4049/4049 4050/4050/4050 4051/4051/4051 
f 4051/4051/4051 4050/4050/4050 4052/4052/4052 
f 4068/4068/4068 4069/4069/4069 4070/4070/4070 
f 4071/4071/4071 4072/4072/4072 4073/4073/4073 
f 4074/4074/4074 4075/4075/4075 4076/4076/4076 
f 4077/4077/4077 4078/4078/4078 4079/4079/4079 
f 4077/4077/4077 4079/4079/4079 4080/4080/4080 
f 4081/4081/4081 4082/4082/4082 4083/4083/4083 
f 4084/4084/4084 4085/4085/4085 4086/4086/4086 
f 4087/4087/4087 4088/4088/4088 4089/4089/4089 
f 4090/4090/4090 4091/4091/4091 4092/4092/4092 
f 4093/4093/4093 4094/4094/4094 4095/4095/4095 
f 4096/4096/4096 4097/4097/4097 4098/4098/4098 
f 4098/4098/4098 4097/4097/4097 4099/4099/4099 
f 4100/4100/4100 4101/4101/4101 4102/4102/4102 
f 4103/4103/4103 4104/4104/4104 4105/4105/4105 
f 4106/4106/4106 4107/4107/4107 4108/4108/4108 
f 4109/4109/4109 4110/4110/4110 4111/4111/4111 
f 4112/4112/4112 4113/4113/4113 4114/4114/4114 
f 4115/4115/4115 4116/4116/4116 4117/4117/4117 
f 4118/4118/4118 4119/4119/4119 4120/4120/4120 
f 4121/4121/4121 4122/4122/4122 4123/4123/4123 
f 4124/4124/4124 4125/4125/4125 4126/4126/4126 
f 4127/4127/4127 4128/4128/4128 4129/4129/4129 
f 4140/4140/4140 4141/4141/4141 4139/4139/4139 
f 4141/4141/4141 4140/4140/4140 4142/4142/4142 
f 4142/4142/4142 4143/4143/4143 4141/4141/4141 
f 4143/4143/4143 4142/4142/4142 4145/4145/4145 
f 4145/4145/4145 4147/4147/4147 4143/4143/4143 
f 4144/4144/4144 4148/4148/4148 4146/4146/4146 
f 4147/4147/4147 4145/4145/4145 4149/4149/4149 
f 4148/4148/4148 4144/4144/4144 4150/4150/4150 
f 4149/4149/4149 4151/4151/4151 4147/4147/4147 
f 4150/4150/4150 4152/4152/4152 4148/4148/4148 
f 4151/4151/4151 4149/4149/4149 4152/4152/4152 
f 4151/4151/4151 4152/4152/4152 4150/4150/4150 
f 4161/4161/4161 4163/4163/4163 4162/4162/4162 
f 4163/4163/4163 4161/4161/4161 4164/4164/4164 
f 4164/4164/4164 4165/4165/4165 4163/4163/4163 
f 4165/4165/4165 4164/4164/4164 4166/4166/4166 
f 4166/4166/4166 4167/4167/4167 4165/4165/4165 
f 4167/4167/4167 4166/4166/4166 4168/4168/4168 
f 4168/4168/4168 4169/4169/4169 4167/4167/4167 
f 4169/4169/4169 4168/4168/4168 4170/4170/4170 
f 4170/4170/4170 4171/4171/4171 4169/4169/4169 
f 4171/4171/4171 4170/4170/4170 4172/4172/4172 
f 4172/4172/4172 4173/4173/4173 4171/4171/4171 
f 4173/4173/4173 4172/4172/4172 4174/4174/4174 

g Part263

v -14.8 4.38466 -64 
v -14.2 4.38466 -64 
v -14.8 3.98466 -64 
v -14.2 3.98466 -64 
v -14.2 4.38466 -63.9 
v -14.2 4.38466 -64 
v -14.8 4.38466 -63.9 
v -14.8 4.38466 -64 
v -14.2 4.38466 -64 
v -14.2 4.38466 -63.9 
v -14.2 3.98466 -64 
v -14.2 3.98466 -63.9 
v -14.2 4.38466 -63.9 
v -14.8 4.38466 -63.9 
v -14.2 3.98466 -63.9 
v -14.8 3.98466 -63.9 
v -14.8 3.98466 -63.9 
v -14.8 3.98466 -64 
v -14.2 3.98466 -63.9 
v -14.2 3.98466 -64 
v -14.8 4.38466 -63.9 
v -14.8 4.38466 -64 
v -14.8 3.98466 -63.9 
v -14.8 3.98466 -64 

vn 0 0 -1 
vn 0 0 -1 
vn 0 0 -1 
vn 0 0 -1 
vn 0 1 0 
vn 0 1 0 
vn 0 1 0 
vn 0 1 0 
vn 1 0 0 
vn 1 0 0 
vn 1 0 0 
vn 1 0 0 
vn 0 0 1 
vn 0 0 1 
vn 0 0 1 
vn 0 0 1 
vn 0 -1 0 
vn 0 -1 0 
vn 0 -1 0 
vn 0 -1 0 
vn -1 0 0 
vn -1 0 0 
vn -1 0 0 
vn -1 0 0 

vt 5.075 -3 
vt 5 -3 
vt 5.075 -3.05 
vt 5 -3.05 
vt 5.0125 -3 
vt 5 -3 
vt 5.0125 -3.075 
vt 5 -3.075 
vt 5.0125 -3 
vt 5 -3 
vt 5.0125 -3.05 
vt 5 -3.05 
vt 5.075 -3 
vt 5 -3 
vt 5.075 -3.05 
vt 5 -3.05 
vt 5.0125 -3 
vt 5 -3 
vt 5.0125 -3.075 
vt 5 -3.075 
vt 5.0125 -3 
vt 5 -3 
vt 5.0125 -3.05 
vt 5 -3.05 

usemtl Part2Mtl

f 4175/4175/4175 4176/4176/4176 4177/4177/4177 
f 4177/4177/4177 4176/4176/4176 4178/4178/4178 
f 4179/4179/4179 4180/4180/4180 4181/4181/4181 
f 4181/4181/4181 4180/4180/4180 4182/4182/4182 
f 4183/4183/4183 4184/4184/4184 4185/4185/4185 
f 4185/4185/4185 4184/4184/4184 4186/4186/4186 
f 4187/4187/4187 4188/4188/4188 4189/4189/4189 
f 4189/4189/4189 4188/4188/4188 4190/4190/4190 
f 4191/4191/4191 4192/4192/4192 4193/4193/4193 
f 4193/4193/4193 4192/4192/4192 4194/4194/4194 
f 4195/4195/4195 4196/4196/4196 4197/4197/4197 
f 4197/4197/4197 4196/4196/4196 4198/4198/4198 

g Part264

v -14.2 4.38466 -63.88 
v -14.8 4.38466 -63.88 
v -14.2 3.98466 -63.88 
v -14.8 3.98466 -63.88 

vn 0 0 1 
vn 0 0 1 
vn 0 0 1 
vn 0 0 1 

vt 0.3 1 
vt 0 1 
vt 0.3 0.8 
vt 0 0.8 

usemtl Part46Mtl

f 4199/4199/4199 4200/4200/4200 4201/4201/4201 
f 4201/4201/4201 4200/4200/4200 4202/4202/4202 

g Part265

v -14.18 4.38466 -64 
v -14.18 4.38466 -63.9 
v -14.18 3.98466 -64 
v -14.18 3.98466 -63.9 

vn 1 0 0 
vn 1 0 0 
vn 1 0 0 
vn 1 0 0 

vt 0.05 1 
vt 0 1 
vt 0.05 0.8 
vt 0 0.8 

usemtl Part46Mtl

f 4203/4203/4203 4204/4204/4204 4205/4205/4205 
f 4205/4205/4205 4204/4204/4204 4206/4206/4206 

g Part266

v -14.2 4.40466 -63.9 
v -14.2 4.40466 -64 
v -14.8 4.40466 -63.9 
v -14.8 4.40466 -64 

vn 0 1 0 
vn 0 1 0 
vn 0 1 0 
vn 0 1 0 

vt 0.05 1 
vt 0 1 
vt 0.05 0.7 
vt 0 0.7 

usemtl Part46Mtl

f 4207/4207/4207 4208/4208/4208 4209/4209/4209 
f 4209/4209/4209 4208/4208/4208 4210/4210/4210 

g Part267

v -14.82 4.38466 -63.9 
v -14.82 4.38466 -64 
v -14.82 3.98466 -63.9 
v -14.82 3.98466 -64 

vn -1 0 0 
vn -1 0 0 
vn -1 0 0 
vn -1 0 0 

vt 0.05 1 
vt 0 1 
vt 0.05 0.8 
vt 0 0.8 

usemtl Part46Mtl

f 4211/4211/4211 4212/4212/4212 4213/4213/4213 
f 4213/4213/4213 4212/4212/4212 4214/4214/4214 

g Part268

v -14.8 4.38466 -64.02 
v -14.2 4.38466 -64.02 
v -14.8 3.98466 -64.02 
v -14.2 3.98466 -64.02 

vn 0 0 -1 
vn 0 0 -1 
vn 0 0 -1 
vn 0 0 -1 

vt 0.3 1 
vt 0 1 
vt 0.3 0.8 
vt 0 0.8 

usemtl Part46Mtl

f 4215/4215/4215 4216/4216/4216 4217/4217/4217 
f 4217/4217/4217 4216/4216/4216 4218/4218/4218 

g Part269

v -14.2 3.96466 -64 
v -14.2 3.96466 -63.9 
v -14.8 3.96466 -64 
v -14.8 3.96466 -63.9 

vn 0 -1 0 
vn 0 -1 0 
vn 0 -1 0 
vn 0 -1 0 

vt 0.05 1 
vt 0 1 
vt 0.05 0.7 
vt 0 0.7 

usemtl Part46Mtl

f 4219/4219/4219 4220/4220/4220 4221/4221/4221 
f 4221/4221/4221 4220/4220/4220 4222/4222/4222 

